eli,year,pos,type,title,announcement_date,promulgation,change_date,pdf_sha256,pages,words,no_text_pages,image_pages,ocr_pages,image_ocr_pages,status,error,converter,converted_at
DU/1990/1,1990,1,Rozporządzenie,Rozporządzenie Rady Ministrów z dnia 30 grudnia 1989 r. w sprawie określenia wysokości odsetek ustawowych za styczeń 1990 r.,1989-12-30,1990-01-01,2014-12-31T12:25:37,e9e25bb7bd56e141d2dbd5b0daa97bfa19c7d5940d76a54b1f3d3812776d1e78,1,123,1,0,1,0,ok,,eli2md 0.6.31,2026-10-05T00:24:55Z
DU/1990/2,1990,2,Rozporządzenie,Rozporządzenie Rady Ministrów z dnia 31 grudnia 1989 r. w sprawie zawieszenia w 1990 r. pobierania ceł od niektórych towarów.,1989-12-31,1990-01-01,2014-12-31T12:25:37,ad6eced95dd48408528915dddfc9d804767e87008d96d1c77c9daa8dcbecc43b,2,463,2,0,2,0,ok,,eli2md 0.6.31,2026-10-05T00:24:56Z
DU/1990/3,1990,3,Rozporządzenie,"Rozporządzenie Rady Ministrów z dnia 31 grudnia 1989 r. w sprawie ustalenia wysokości współczynników korygujących oraz określenia przeciętnego miesięcznego wynagrodzenia stanowiącego podstawę ustalenia normy wynagrodzeń u podatników, którzy podjęli działalność po dniu 30 września 1989 r.",1989-12-31,1990-01-01,2021-11-10T14:50:01,c790d86f1bfb9ae613c48cce2adccdee80d160a7d3bfa2575c79a8e663f3143f,1,174,1,0,1,0,ok,,eli2md 0.6.31,2026-10-05T00:24:56Z
DU/1990/4,1990,4,Rozporządzenie,Rozporządzenie Ministra Finansów z dnia 31 grudnia 1989 r. w sprawie wykonania niektórych przepisów ustawy o zobowiązaniach podatkowych.,1989-12-31,1990-01-01,2014-12-31T12:25:37,01b38acbb5bfe4a910f7d3ce123edc4eae9b90afc8d2c315a578f126a33b2add,5,3520,5,0,5,0,ok,,eli2md 0.6.31,2026-10-05T00:25:00Z
DU/1990/5,1990,5,Rozporządzenie,Rozporządzenie Ministra Współpracy Gospodarczej z Zagranicą z dnia 31 grudnia 1989 r. w sprawie ustanowienia kontyngentów na wywóz za granicę niektórych towarów.,1989-12-31,1990-01-01,2014-12-31T12:25:37,a37bd89ffda6cbb43df9a7c67abdfb8562b20650cd5a5c3cc1ce9e4b739a7bc8,2,1183,2,0,2,0,ok,,eli2md 0.6.31,2026-10-05T00:25:00Z
DU/1990/6,1990,6,Rozporządzenie,Rozporządzenie Ministra Współpracy Gospodarczej z Zagranicą z dnia 31 grudnia 1989 r. w sprawie ustanowienia norm ilościowych lub wartościowych towarów wolnych od cła i od pozwolenia na przywóz oraz wprowadzenia stawki celnej ryczałtowej.,1989-12-31,1990-01-01,2014-12-31T12:25:37,6fb238211fe5041f36883b291e94fa79f7db24481643b0a03c8848ba5b1f98c2,2,1401,2,0,2,0,ok,,eli2md 0.6.31,2026-10-05T00:25:00Z
DU/1990/7,1990,7,Rozporządzenie,"Rozporządzenie Ministra Współpracy Gospodarczej z Zagranicą z dnia 31 grudnia 1989 r. w sprawie określenia spraw, w których pozwolenia na przywóz i wywóz będą wydawały organy celne.",1989-12-31,1990-01-01,2014-12-31T12:25:37,12eb67aad20e7b55809ce72e0640787a5a46cae3abc024e4677851ca88eb7359,1,117,1,0,1,0,ok,,eli2md 0.6.31,2026-10-05T00:25:00Z
DU/1990/8,1990,8,Rozporządzenie,Rozporządzenie Ministra Współpracy Gospodarczej z Zagranicą z dnia 31 grudnia 1989 r. w sprawie sposobu rozdysponowania kontyngentów oraz postępowania w sprawach dotyczących pozwoleń na wywóz i przywóz w obrocie towarowym z zagranicą.,1989-12-31,1990-01-01,2014-12-31T12:25:37,f8cf881779e433212c644882b08aa7eea33a04614f4ce5c9415a10316db63ad7,3,1409,3,0,3,0,ok,,eli2md 0.6.31,2026-10-05T00:25:00Z
DU/1990/9,1990,9,Rozporządzenie,Rozporządzenie Rady Ministrów z dnia 6 stycznia 1990 r. w sprawie nagród za szczególne osiągnięcia w dziedzinie nauki i postępu technicznego oraz stypendiów na rozwiązywanie zadań badawczych i wdrożeniowych.,1990-01-06,1990-01-12,2014-12-31T12:25:37,9f64e230b3b3fd28ca483aa5b1209ffeb0560ee8e6778645900e72c092b54e6a,3,1262,3,0,3,0,ok,,eli2md 0.6.31,2026-10-05T00:25:00Z
DU/1990/10,1990,10,Rozporządzenie,Rozporządzenie Ministra Edukacji Narodowej z dnia 19 grudnia 1989 r. zmieniające rozporządzenie w sprawie zasad i trybu dokonywania oceny pracy nauczyciela.,1989-12-19,1990-01-12,2014-12-31T12:25:37,ddd3b5ddfb4429d03b510c305d82d8745bf600dd6c737817ea5fe89dec6b9426,1,320,1,0,1,0,ok,,eli2md 0.6.31,2026-10-05T00:25:00Z
DU/1990/11,1990,11,Rozporządzenie,Rozporządzenie Ministra Finansów z dnia 30 grudnia 1989 r. zmieniające rozporządzenie w sprawie opodatkowania podatkami obrotowym i dochodowym przychodów ze sprzedaży ewidencjonowanej.,1989-12-30,1990-01-12,2014-12-31T12:25:37,a044aa87745a3e02973575857765948bbb473e8d081187e7cb20c7b7b18ed92e,2,524,2,0,2,0,ok,,eli2md 0.6.31,2026-10-05T00:25:00Z
DU/1990/12,1990,12,Rozporządzenie,Rozporządzenie Ministra Finansów z dnia 3 stycznia 1990 r. w sprawie wykonania przepisów ustawy o podatkach i opłatach lokalnych.,1990-01-03,1990-01-12,2014-12-31T12:25:37,9551aa1789746f676a3a414fccbc6ef16ab2178111f79646c1bf1016516385f3,2,1182,2,0,2,0,ok,,eli2md 0.6.31,2026-10-05T00:25:00Z
DU/1990/13,1990,13,Rozporządzenie,Rozporządzenie Ministra Pracy i Polityki Socjalnej z dnia 8 stycznia 1990 r. zmieniające rozporządzenie w sprawie zasiłków rodzinnych i pielęgnacyjnych.,1990-01-08,1990-01-12,2014-12-31T12:25:37,f4963641e9b33ae274dbcc5e79a37cd5ea5f982b78102bd7cb53232c8d350a57,2,802,2,0,2,0,ok,,eli2md 0.6.31,2026-10-05T00:25:00Z
DU/1990/14,1990,14,Rozporządzenie,Rozporządzenie Ministra Sprawiedliwości z dnia 19 grudnia 1989 r. w sprawie prowadzenia ksiąg i przechowywania aktów notarialnych w państwowych biurach notarialnych.,1989-12-19,1990-01-12,2014-12-31T12:25:37,e907648446b39f9a84d1f3ff380a14e7eafc9e2216f70ddd93044c2f1e45aa48,2,610,2,0,2,0,ok,,eli2md 0.6.31,2026-10-05T00:25:00Z
DU/1990/15,1990,15,Rozporządzenie,Rozporządzenie Ministra Sprawiedliwości z dnia 19 grudnia 1989 r. w sprawie warunków przyjęcia na stanowisko radcy i sekretarza notarialnego oraz w sprawie organizacji praktyki i egzaminu na stanowisko sekretarza notarialnego.,1989-12-19,1990-01-12,2014-12-31T12:25:37,5f956350b77e9c7119b869de32e27004fbd3f9db56fc5d670ff2a7894d93e4ca,2,858,2,0,2,0,ok,,eli2md 0.6.31,2026-10-05T00:25:00Z
DU/1990/17,1990,17,Rozporządzenie,Rozporządzenie Rady Ministrów z dnia 12 stycznia 1990 r. zmieniające rozporządzenie w sprawie podwyższenia świadczeń emerytalno-rentowych od dnia 1 lipca 1989 r.,1990-01-12,1990-01-18,2014-12-31T12:25:37,f25c6cb56bb401da1ae9aebd53430cfdd1d1b7a97bd2141b21e0e7420fa92034,2,644,2,0,2,0,ok,,eli2md 0.6.31,2026-10-05T00:25:00Z
DU/1990/18,1990,18,Rozporządzenie,Rozporządzenie Ministra Finansów z dnia 11 stycznia 1990 r. w sprawie podatku rolnego.,1990-01-11,1990-01-18,2014-12-31T12:25:37,dbb3545c148a0d5c723a495071e033a0b4d1e6aa2b1577ada20ca00b9bec5c58,15,6293,15,0,15,0,ok,,eli2md 0.6.31,2026-10-05T00:25:13Z
DU/1990/20,1990,20,Rozporządzenie,Rozporządzenie Rady Ministrów z dnia 30 grudnia 1989 r. w sprawie obniżek podatku dochodowego od osób prawnych.,1989-12-30,1990-01-27,2014-12-31T12:25:37,6bd345a87ac436d2fd5ca59c08be998ab584b0528df494d5e32ff1faebb317a2,2,947,2,0,2,0,ok,,eli2md 0.6.31,2026-10-05T00:25:13Z
DU/1990/21,1990,21,Rozporządzenie,Rozporządzenie Rady Ministrów z dnia 12 stycznia 1990 r. w sprawie rozciągnięcia przepisów o odprzedaży walut obcych na jednostki rozrachunkowe stosowane w handlu zagranicznym.,1990-01-12,1990-01-27,2014-12-31T12:25:37,bd8011115f64aa2139856880b5c8af4b0156c4dcf4ae85cf2877a3b76f13d684,1,114,1,0,1,0,ok,,eli2md 0.6.31,2026-10-05T00:25:13Z
DU/1990/22,1990,22,Rozporządzenie,"Rozporządzenie Rady Ministrów z dnia 15 stycznia 1990 r. zmieniające rozporządzenie w sprawie podziału inwestycji oraz zakresu, zasad i trybu ustalania ich lokalizacji.",1990-01-15,1990-01-27,2014-12-31T12:25:37,95cc50469a2d6bc6724169bd3fb4455ec9436b8a1b5c4f034de6a4cbfac338a2,2,525,2,0,2,0,ok,,eli2md 0.6.31,2026-10-05T00:25:13Z
DU/1990/23,1990,23,Rozporządzenie,Rozporządzenie Rady Ministrów z dnia 18 stycznia 1990 r. zmieniające rozporządzenie w sprawie prowadzenia i utrzymywania szkół oraz innych placówek poza systemem rad narodowych.,1990-01-18,1990-01-27,2014-12-31T12:25:37,9ccf8bcd656654a428552c8d3b1c4c5f3acce4c80d376d0377f9abf0840916da,1,512,1,0,1,0,ok,,eli2md 0.6.31,2026-10-05T00:25:13Z
DU/1990/24,1990,24,Rozporządzenie,Rozporządzenie Rady Ministrów z dnia 19 stycznia 1990 r. w sprawie zwiększenia świadczeń emerytalno-rentowych.,1990-01-19,1990-01-27,2014-12-31T12:25:37,1608eb5600ccaf6d5d948de6f58de1c1d535eec802a4778d25916f0e42a1d868,1,762,1,0,1,0,ok,,eli2md 0.6.31,2026-10-05T00:25:13Z
DU/1990/25,1990,25,Rozporządzenie,Rozporządzenie Rady Ministrów z dnia 23 stycznia 1990 r. w sprawie określenia wysokości odsetek ustawowych za luty 1990 r.,1990-01-23,1990-01-27,2014-12-31T12:25:37,dfbc992dab1d000ea745fe1333bcc8ec1ffbf25579a4788fd2b6e684f9490eaa,1,115,1,0,1,0,ok,,eli2md 0.6.31,2026-10-05T00:25:13Z
DU/1990/26,1990,26,Rozporządzenie,Rozporządzenie Rady Ministrów z dnia 24 stycznia 1990 r. w sprawie czasowego zakazu sprzedaży i podawania napojów alkoholowych na terenie województwa opolskiego i miasta Gdyni.,1990-01-24,1990-01-27,2020-06-08T15:28:35,f9affcb554bf13b8e934eafbc35e782978dc38f94293dbc90af53314cd660b5f,1,267,1,0,1,0,ok,,eli2md 0.6.31,2026-10-05T00:25:13Z
DU/1990/27,1990,27,Rozporządzenie,Rozporządzenie Ministra Pracy i Polityki Socjalnej z dnia 26 stycznia 1990 r. w sprawie wcześniejszych emerytur dla pracowników zwalnianych z pracy z przyczyn dotyczących zakładów pracy.,1990-01-26,1990-01-27,2014-12-31T12:25:37,693d8388f8a8acd390ce89a19cc0afe33d1b7c83719887a1562576c672e3f295,1,404,1,0,1,0,ok,,eli2md 0.6.31,2026-10-05T00:25:13Z
DU/1990/28,1990,28,Rozporządzenie,Rozporządzenie Rady Ministrów z dnia 15 stycznia 1990 r. zmieniające rozporządzenie w sprawie ubezpieczeń ustawowych komunikacyjnych.,1990-01-15,1990-02-05,2014-12-31T12:25:37,72fd467b1b3e245b48cf53c1b95f08c150a971395e1963426fc337fd44dd2c25,1,201,1,0,1,0,ok,,eli2md 0.6.31,2026-10-05T00:25:13Z
DU/1990/29,1990,29,Rozporządzenie,Rozporządzenie Rady Ministrów z dnia 29 stycznia 1990 r. w sprawie obowiązkowej składki zakładów pracy na Fundusz Pracy.,1990-01-29,1990-02-05,2014-12-31T12:25:37,c670dd627a4995a3c43392b7cee491f3c22a99eb9cbac1c707f787916decf9bd,1,85,1,0,1,0,ok,,eli2md 0.6.31,2026-10-05T00:25:13Z
DU/1990/30,1990,30,Rozporządzenie,Rozporządzenie Ministra Finansów z dnia 26 stycznia 1990 r. w sprawie taryfy za ubezpieczenia ustawowe komunikacyjne pojazdów mechanicznych zaopatrzonych w polskie tablice rejestracyjne dyplomatyczne i cudzoziemskie oraz zagraniczne tablice rejestracyjne.,1990-01-26,1990-02-05,2014-12-31T12:25:37,e56bd3f57c2d790f1c86d574838c30e5b9129da9de28bafb82718e1345cc557d,2,904,2,0,2,0,ok,,eli2md 0.6.31,2026-10-05T00:25:13Z
DU/1990/31,1990,31,Rozporządzenie,Rozporządzenie Ministra Finansów z dnia 26 stycznia 1990 r. zmieniające rozporządzenie w sprawie składek za ubezpieczenia ustawowe komunikacyjne w ruchu zagranicznym pojazdów mechanicznych zaopatrzonych w polskie tablice rejestracyjne.,1990-01-26,1990-02-05,2014-12-31T12:25:37,1ac1810aecb9d6b6d67e6d4e9d5f4cd8b9fc522697bcca3bf7e9097497a36fc5,5,1628,5,0,5,0,ok,,eli2md 0.6.31,2026-10-05T00:25:13Z
DU/1990/32,1990,32,Rozporządzenie,"Rozporządzenie Ministra Finansów z dnia 29 stycznia 1990 r. zmieniające rozporządzenie w sprawie taryfy składek za ubezpieczenie ustawowe środków trwałych przedsiębiorstw państwowych od ognia, huraganu, powodzi i innych zdarzeń losowych.",1990-01-29,1990-02-05,2014-12-31T12:25:37,09712cc058a5ba44bda167534cccdf8832f4ae1014fd1fdd6ef79276a95360c7,2,340,2,0,2,0,ok,,eli2md 0.6.31,2026-10-05T00:25:13Z
DU/1990/33,1990,33,Rozporządzenie,"Rozporządzenie Ministra Zdrowia i Opieki Społecznej z dnia 13 stycznia 1990 r. zmieniające rozporządzenie w sprawie trybu doprowadzenia osób w stanie nietrzeźwości, organizacji izb wytrzeźwień i zakresu opieki zdrowotnej oraz opłat związanych z doprowadzaniem i pobytem w izbie wytrzeźwień lub w jednostce Milicji Obywatelskiej.",1990-01-13,1990-02-05,2014-12-31T12:25:37,6128cad79009fc6e6166f3b9ecf60bd56434ec5f126da62071e7b518837c86c6,1,398,1,0,1,0,ok,,eli2md 0.6.31,2026-10-05T00:25:13Z
DU/1990/38,1990,38,Rozporządzenie,Rozporządzenie Ministra Edukacji Narodowej z dnia 16 stycznia 1990 r. zmieniające rozporządzenie w sprawie wynagradzania nauczycieli akademickich.,1990-01-16,1990-02-07,2014-12-31T12:25:37,594a5a1efa91a83c2020e46191ea5af911f5b8e41dea3d32377ec8f6bd5c0ac7,3,737,3,0,3,0,ok,,eli2md 0.6.31,2026-10-05T00:25:13Z
DU/1990/39,1990,39,Rozporządzenie,Rozporządzenie Ministra Transportu i Gospodarki Morskiej z dnia 16 stycznia 1990 r. uchylające rozporządzenie w sprawie krajowego transportu drogowego.,1990-01-16,1990-02-07,2019-03-08T14:09:19,3f0a08ffe6b7a7c22664bf01f500a1672b9ed415f3c8060484f9150f263b8810,1,200,1,0,1,0,ok,,eli2md 0.6.31,2026-10-05T00:25:13Z
DU/1990/40,1990,40,Rozporządzenie,"Rozporządzenie Ministra Zdrowia i Opieki Społecznej z dnia 22 stycznia 1990 r. zmieniające rozporządzenie w sprawie zajęć, których wykonywanie jest zabronione osobom dotkniętym chorobami wenerycznymi.",1990-01-22,1990-02-07,2014-12-31T12:25:37,2d67304459090a7e4007e3dff67703d1f69534efd5efc7492bc83e2198468c92,1,678,1,0,1,0,ok,,eli2md 0.6.31,2026-10-05T00:25:13Z
DU/1990/41,1990,41,Rozporządzenie,"Rozporządzenie Rady Ministrów z dnia 29 stycznia 1990 r. w sprawie wysokości i podstawy wymiaru składek na ubezpieczenie społeczne, zgłaszania do ubezpieczenia społecznego oraz rozliczania składek i świadczeń z ubezpieczenia społecznego.",1990-01-29,1990-02-09,2014-12-31T12:25:37,e18c85f5820a512e7fd93a0d2db179e840b8e6420796a739db7d822977b875aa,7,5001,7,0,7,0,ok,,eli2md 0.6.31,2026-10-05T00:25:14Z
DU/1990/42,1990,42,Rozporządzenie,Rozporządzenie Ministra Finansów z dnia 29 stycznia 1990 r. zmieniające rozporządzenie w sprawie zryczałtowania podatków obrotowego i dochodowego od przychodów z niektórych rodzajów działalności gospodarczej wykonywanej przez osoby fizyczne.,1990-01-29,1990-02-09,2014-12-31T12:25:37,63b80a5b281213bb6db1ed1103677b5fc6e8c009d5c8971406e9f4aa851219ca,1,338,1,0,1,0,ok,,eli2md 0.6.31,2026-10-05T00:25:14Z
DU/1990/43,1990,43,Rozporządzenie,"Rozporządzenie Ministra Zdrowia i Opieki Społecznej z dnia 30 stycznia 1990 r. zmieniające rozporządzenie w sprawie uposażenia pracowników zakładów społecznych służby zdrowia, zakładów pomocy społecznej i zakładów rehabilitacji zawodowej inwalidów.",1990-01-30,1990-02-09,2022-04-19T12:10:17,abfe35c19e7172164c1638297a1987806cdb32d9608b100b144f0f5298f3daf7,1,353,1,0,1,0,ok,,eli2md 0.6.31,2026-10-05T00:25:14Z
DU/1990/44,1990,44,Konwencja,Europejska Konwencja Kulturalna sporządzona w Paryżu dnia 19 grudnia 1954 r.,1989-10-16,1990-02-12,2014-12-31T12:25:37,bf821767f55170b313b01f2ef7653c59d19441c65a90758b06746fb686eecc9a,4,2492,4,0,4,0,ok,,eli2md 0.6.31,2026-10-05T00:25:14Z
DU/1990/45,1990,45,Oświadczenie rządowe,"Oświadczenie rządowe z dnia 11 grudnia 1989 r. w sprawie przystąpienia Polskiej Rzeczypospolitej Ludowej do Europejskiej konwencji kulturalnej, sporządzonej w Paryżu dnia 19 grudnia 1954 r.",1989-12-11,1990-02-12,2019-03-26T10:36:58,fe2e05ca3ffacc41516913a10288297682ca696a2fc86032acbc9bcbbb1ef7ae,1,157,1,0,1,0,ok,,eli2md 0.6.31,2026-10-05T00:25:14Z
DU/1990/46,1990,46,Umowa międzynarodowa,Umowa między Rządem Polskiej Rzeczypospolitej Ludowej a Rządem Republiki Indii w sprawie unikania podwójnego opodatkowania i zapobiegania uchylaniu się od opodatkowania w zakresie podatków od dochodu sporządzona w Warszawie dnia 21 czerwca 1989 r.,1989-10-16,1990-02-12,2014-12-31T12:25:37,ea45c584cb4261edf0d3edb7a4a77aa50f97edb2af70ab7b301ed8b7e8a2887c,21,16899,21,0,21,0,ok,,eli2md 0.6.31,2026-10-05T00:25:34Z
DU/1990/47,1990,47,Oświadczenie rządowe,"Oświadczenie rządowe z dnia 14 grudnia 1989 r. w sprawie wejścia w życie Umowy między Rządem Polskiej Rzeczypospolitej Ludowej a Rządem Republiki Indii w sprawie unikania podwójnego opodatkowania i zapobiegania uchylaniu się od opodatkowania w zakresie podatków od dochodu, sporządzonej w Warszawie dnia 21 czerwca 1989 r.",1989-12-14,1990-02-12,2019-03-26T10:36:58,1f14fdb9006e245993f3d4d6bc1f9d4d892b61e069385156c071a84cbcda0a02,1,120,1,0,1,0,ok,,eli2md 0.6.31,2026-10-05T00:25:34Z
DU/1990/48,1990,48,Umowa międzynarodowa,Umowa między Rządem Polskiej Rzeczypospolitej Ludowej a Rządem Republiki Korei o popieraniu i wzajemnej ochronie inwestycji sporządzona w Seulu dnia 1 listopada 1989 r.,1989-12-21,1990-02-12,2014-12-31T12:25:37,77cd7331304034e04bcf3eff098510a2a6405efc64e6cdba12ac749a96f29305,6,3828,6,0,6,0,ok,,eli2md 0.6.31,2026-10-05T00:25:34Z
DU/1990/49,1990,49,Oświadczenie rządowe,"Oświadczenie rządowe z dnia 10 stycznia 1990 r. w sprawie wejścia w życie Umowy między Rządem Polskiej Rzeczypospolitej Ludowej a Rządem Republiki Korei o popieraniu i wzajemnej ochronie inwestycji, sporządzonej w Seulu dnia 1 listopada 1989 r.",1990-01-10,1990-02-12,2019-03-26T10:36:58,fef6ee0fc7cfb38a61c3195cb65055cdfd820581cc9dc36f14c5aec299a91871,1,230,1,0,1,0,ok,,eli2md 0.6.31,2026-10-05T00:25:34Z
DU/1990/50,1990,50,Rozporządzenie,Rozporządzenie Rady Ministrów z dnia 5 lutego 1990 r. w sprawie rozciągnięcie przepisów ustawy o pracownikach urzędów państwowych na pracowników Kancelarii Senatu.,1990-02-05,1990-02-15,2014-12-31T12:25:37,97f8deba15f733b99dd3e0877bfdaa34649577c26a2eadb05cae8fe7a7e17e1a,1,156,1,0,1,0,ok,,eli2md 0.6.31,2026-10-05T00:25:34Z
DU/1990/51,1990,51,Rozporządzenie,Rozporządzenie Rady Ministrów z dnia 5 lutego 1990 r. zmieniające rozporządzenie w sprawie projektów wynalazczych.,1990-02-05,1990-02-15,2014-12-31T12:25:37,29dd06c5936588503d6844d8650f45066de015a49b38cfdfe9834a4c327582d7,2,728,2,0,2,0,ok,,eli2md 0.6.31,2026-10-05T00:25:34Z
DU/1990/52,1990,52,Rozporządzenie,Rozporządzenie Rady Ministrów z dnia 8 lutego 1990 r. w sprawie podwyższenia świadczeń emerytalno-rentowych od dnia 1 stycznia 1990 r.,1990-02-08,1990-02-15,2014-12-31T12:25:37,e2defca7e419b790b5dd6facd197a7bd4d1a7fa1d9f09e56767091b44a070e22,2,1529,2,0,2,0,ok,,eli2md 0.6.31,2026-10-05T00:25:34Z
DU/1990/53,1990,53,Rozporządzenie,"Rozporządzenie Rady Ministrów z dnia 9 lutego 1990 r. w sprawie podwyższenia ryczałtu dla kombatantów z tytułu opłat za energię elektryczną, gazową i cieplną do celów domowych.",1990-02-09,1990-02-15,2014-12-31T12:25:37,d1f7cd218b86687895e08d546adb5e1c150c8cca017c51ffb462ff57d76b5605,1,212,1,0,1,0,ok,,eli2md 0.6.31,2026-10-05T00:25:34Z
DU/1990/54,1990,54,Rozporządzenie,Rozporządzenie Ministra Kultury i Sztuki z dnia 31 stycznia 1990 r. zmieniające rozporządzenie w sprawie zasad tworzenia systemów wynagrodzeń pracowników instytucji artystycznych.,1990-01-31,1990-02-15,2014-12-31T12:25:37,23b25834d3d2824c08070d73d4ef26918a665f508b4a060c78549ae7c68e7cea,4,1159,4,0,4,0,ok,,eli2md 0.6.31,2026-10-05T00:25:34Z
DU/1990/55,1990,55,Rozporządzenie,Rozporządzenie Ministra Pracy i Polityki Socjalnej z dnia 31 stycznia 1990 r. w sprawie zasad ustalania liczby zatrudnionych w celu naliczania odpisów na zakładowe fundusze socjalny i mieszkaniowy w uspołecznionych zakładach pracy.,1990-01-31,1990-02-15,2014-12-31T12:25:37,533669bb9d6f551ecb23a80d80310e53864e66f4b3dc638370a87112d805542b,2,417,2,0,2,0,ok,,eli2md 0.6.31,2026-10-05T00:25:34Z
DU/1990/56,1990,56,Rozporządzenie,Rozporządzenie Ministra Rolnictwa i Gospodarki Żywnościowej z dnia 25 stycznia 1990 r. zmieniające rozporządzenie w sprawie zaliczenia niektórych cieków wodnych do urządzeń melioracji wodnych podstawowych.,1990-01-25,1990-02-15,2014-12-31T12:25:37,71e78632dbe04307332cf03e9327e4c5441654c043046eb2265ca7f7032531a8,1,247,1,0,1,0,ok,,eli2md 0.6.31,2026-10-05T00:25:34Z
DU/1990/62,1990,62,Rozporządzenie,Rozporządzenie Ministra Finansów z dnia 31 stycznia 1990 r. w sprawie podatku dochodowego od osób fizycznych.,1990-01-31,1990-02-22,2014-12-31T12:25:37,6db6efea264c9ec6237c495cf483074c252fab727cb4c8f2d7df66cd7fd2d5cf,8,2182,8,0,5,0,ok,,eli2md 0.6.31,2026-10-05T00:25:34Z
DU/1990/63,1990,63,Rozporządzenie,Rozporządzenie Ministra Finansów z dnia 31 stycznia 1990 r. uchylające rozporządzenie w sprawie zryczałtowania podatków obrotowego i dochodowego z tytułu świadczenia usług przez zakłady usługowe prowadzone przez spółdzielnie według zasad zryczałtowanego rozrachunku.,1990-01-31,1990-02-22,2019-05-09T14:58:43,0819cd1adb02adb595cb801d4f18fc6bc8ac2259bcfef5a81c85fd5ed0abc1ff,1,165,1,0,1,0,ok,,eli2md 0.6.31,2026-10-05T00:25:34Z
DU/1990/64,1990,64,Rozporządzenie,Rozporządzenie Ministra Finansów z dnia 9 lutego 1990 r. w sprawie łącznego zobowiązania pieniężnego.,1990-02-09,1990-02-22,2014-12-31T12:25:37,acbbd6682a4e3178b3fcc013079cc1beaac84830e086fce36c820b144529b1ce,2,711,2,0,2,0,ok,,eli2md 0.6.31,2026-10-05T00:25:34Z
DU/1990/65,1990,65,Rozporządzenie,Rozporządzenie Ministra Finansów z dnia 10 lutego 1990 r. zmieniające rozporządzenie w sprawie obowiązku dokumentowania zakupu towarów przez niektórych podatników opłacających podatki w formie ryczałtu.,1990-02-10,1990-02-22,2014-12-31T12:25:37,c9a882f1e6288784a4d87c9a74f50f4838632dc6415f5b3043f28ec2a7c74220,1,205,1,0,1,0,ok,,eli2md 0.6.31,2026-10-05T00:25:34Z
DU/1990/66,1990,66,Rozporządzenie,Rozporządzenie Ministra Łączności z dnia 12 lutego 1990 r. zmieniające rozporządzenie w sprawie ordynacji pocztowej.,1990-02-12,1990-02-22,2014-12-31T12:25:37,a8060a5de4973ad57bfa4b4f4d7df1aa94925eae0761fbf53017dbaabe6cfe60,1,271,1,0,1,0,ok,,eli2md 0.6.31,2026-10-05T00:25:34Z
DU/1990/67,1990,67,Rozporządzenie,Rozporządzenie Ministra Sprawiedliwości z dnia 2 lutego 1990 r. w sprawie rekompensaty dla ławników nie pozostających w stosunku pracy za czas wykonywania czynności w sądzie.,1990-02-02,1990-02-22,2014-12-31T12:25:37,79accbb2eef6f63ff11ddec1cf2e8c11d39a15099c9b717e2f981661189877f8,1,177,1,0,1,0,ok,,eli2md 0.6.31,2026-10-05T00:25:34Z
DU/1990/69,1990,69,Rozporządzenie,"Rozporządzenie Rady Ministrów z dnia 8 lutego 1990 r. w sprawie zakresu, zasad i trybu udzielania kredytobiorcom pomocy ze środków budżetowych w spłacie części należnego bankom oprocentowania od kredytów udzielonych do dnia 31 grudnia 1989 r.",1990-02-08,1990-02-27,2014-12-31T12:25:37,d54e42f83207a5c0bd0a8883bd20734c57fc987dcaf41151aab43c72996c61d8,1,258,1,0,1,0,ok,,eli2md 0.6.31,2026-10-05T00:25:34Z
DU/1990/70,1990,70,Rozporządzenie,Rozporządzenie Rady Ministrów z dnia 20 lutego 1990 r. w sprawie określenia wysokości odsetek ustawowych za marzec 1990 r.,1990-02-20,1990-02-27,2014-12-31T12:25:37,ce6ffba3a346698ebee7bab97c3f0b8a0f884dcb2c8d084aabb28ee5af29cf9d,1,122,1,0,1,0,ok,,eli2md 0.6.31,2026-10-05T00:25:34Z
DU/1990/71,1990,71,Rozporządzenie,Rozporządzenie Ministrów Obrony Narodowej i Spraw Wewnętrznych z dnia 12 lutego 1990 r. zmieniające rozporządzenie w sprawie wojskowego obowiązku meldunkowego oraz zezwoleń na pobyt czasowy za granicą i zezwoleń na zmianę miejsca pobytu przez osoby podlegające obowiązkowi służby wojskowej.,1990-02-12,1990-02-27,2014-12-31T12:25:37,db6aa688b6cd0626fb5e517710d523ffc584866dd6f4cbdaa59815a0f5674345,1,535,1,0,1,0,ok,,eli2md 0.6.31,2026-10-05T00:25:34Z
DU/1990/72,1990,72,Rozporządzenie,Rozporządzenie Ministra Rolnictwa i Gospodarki Żywnościowej z dnia 22 lutego 1990 r. w sprawie niektórych opłat oraz bonifikat stosowanych w nasiennictwie.,1990-02-22,1990-02-27,2014-12-31T12:25:37,59dc91754af7fd3c5639b0bec03e253bef410c3c7a9a49b1a2dc87e68de20885,4,1962,4,0,4,0,ok,,eli2md 0.6.31,2026-10-05T00:25:34Z
DU/1990/73,1990,73,Rozporządzenie,"Rozporządzenie Przewodniczącego Komitetu do Spraw Nauki i Postępu Technicznego przy Radzie Ministrów z dnia 30 stycznia 1990 r. w sprawie określenia rodzajów osiągnięć naukowych i technicznych, których wdrażanie uprawnia do ulg w podatku dochodowym.",1990-01-30,1990-02-27,2014-12-31T12:25:37,070e2f2a0610d6153942e9a6f34565c5f713f179e477f0ea5cea1169fa513a9f,1,284,1,0,1,0,ok,,eli2md 0.6.31,2026-10-05T00:25:34Z
DU/1990/76,1990,76,Rozporządzenie,"Rozporządzenie Rady Ministrów z dnia 23 lutego 1990 r. zmieniające rozporządzenie w sprawie ubezpieczenia ustawowego środków trwałych przedsiębiorstw państwowych od ognia, huraganu, powodzi i innych zdarzeń losowych.",1990-02-23,1990-03-07,2014-12-31T12:25:37,7f009842c5c635bb90e3eff7d0b789e183e3e77a8859723f35f171e8e5a86879,1,191,1,0,1,0,ok,,eli2md 0.6.31,2026-10-05T00:25:34Z
DU/1990/77,1990,77,Rozporządzenie,Rozporządzenie Rady Ministrów z dnia 23 lutego 1990 r. zmieniające rozporządzenie w sprawie urlopów wychowawczych.,1990-02-23,1990-03-07,2014-12-31T12:25:37,1b35777f737e29ef4b8510f850e18c33a20817520d43d3cdc355d455f6c5509e,2,343,2,0,2,0,ok,,eli2md 0.6.31,2026-10-05T00:25:34Z
DU/1990/78,1990,78,Rozporządzenie,Rozporządzenie Ministra Finansów z dnia 15 lutego 1990 r. zmieniające rozporządzenie w sprawie opodatkowania przychodów osób duchownych.,1990-02-15,1990-03-07,2014-12-31T12:25:37,156cc3f33cc21501a212fd3b5ae3e6f9a6e78765501b25463c65afaab4f9532e,2,574,2,0,2,0,ok,,eli2md 0.6.31,2026-10-05T00:25:34Z
DU/1990/79,1990,79,Rozporządzenie,Rozporządzenie Ministra Finansów z dnia 24 lutego 1990 r. zmieniające rozporządzenie w sprawie opłaty skarbowej.,1990-02-24,1990-03-07,2014-12-31T12:25:37,4a9ade0b3724c5b0d9a162ab030b0be7cb3fc04d9ae09b2b343e37f81837940d,5,2926,5,0,5,0,ok,,eli2md 0.6.31,2026-10-05T00:25:34Z
DU/1990/80,1990,80,Rozporządzenie,Rozporządzenie Ministra Finansów z dnia 27 lutego 1990 r. w sprawie podatku dochodowego od osób prawnych.,1990-02-27,1990-03-07,2014-12-31T12:25:37,ab0390cc676a883206bbaff1141319ec3c007933586fffb53a26a52ba5d0161f,2,564,2,0,2,0,ok,,eli2md 0.6.31,2026-10-05T00:25:34Z
DU/1990/81,1990,81,Rozporządzenie,Rozporządzenie Ministra Transportu i Gospodarki Morskiej z dnia 16 lutego 1990 r. zmieniające rozporządzenie w sprawie wykonania przepisów ustawy - Prawo przewozowe.,1990-02-16,1990-03-07,2014-12-31T12:25:37,ebb0bf53ee7c52133edc933803141031122b074042bf1d620ffb1b4637a9834a,1,423,1,0,1,0,ok,,eli2md 0.6.31,2026-10-05T00:25:34Z
DU/1990/83,1990,83,Uchwała,Uchwała Sejmu Rzeczypospolitej Polskiej z dnia 23 lutego 1990 r. w sprawie zmian w narodowym planie społeczno-gospodarczym na lata 1986-1990.,1990-02-23,1990-03-09,2014-12-31T12:25:37,46a627616e6c8d39b206b48d77567a110cffd3b808939d98f24cb777d6077a19,2,265,2,0,2,0,ok,,eli2md 0.6.31,2026-10-05T00:25:34Z
DU/1990/91,1990,91,Rozporządzenie,Rozporządzenie Ministra Finansów z dnia 7 marca 1990 r. zmieniające rozporządzenie w sprawie prowadzenia podatkowej księgi przychodów i rozchodów.,1990-03-07,1990-03-13,2014-12-31T12:25:37,2a3aa7eaf21409a77ad16745d8c3d0b7490b384426877dd221a26b995b24637e,2,1117,2,0,2,0,ok,,eli2md 0.6.31,2026-10-05T00:25:34Z
DU/1990/92,1990,92,Rozporządzenie,"Rozporządzenie Ministra Ochrony Środowiska, Zasobów Naturalnych i Leśnictwa z dnia 12 lutego 1990 r. w sprawie ochrony powietrza przed zanieczyszczeniem.",1990-02-12,1990-03-14,2014-12-31T12:25:37,f690ac7819b22745e202c3b0504288282145dea16e9d54979bfc698417223959,4,1357,4,0,4,0,ok,,eli2md 0.6.31,2026-10-05T00:25:34Z
DU/1990/93,1990,93,Rozporządzenie,Rozporządzenie Ministra Spraw Wewnętrznych z dnia 6 lutego 1990 r. w sprawie ustalenia siedzib i terytorialnego zasięgu działania komend rejonowych straży pożarnych.,1990-02-06,1990-03-14,2014-12-31T12:25:37,93523650a95552e6303e9b2543a27c19d298818beea3c3aa626b1b210a85bf1c,13,8790,13,0,13,0,ok,,eli2md 0.6.31,2026-10-05T00:25:37Z
DU/1990/97,1990,97,Rozporządzenie,Rozporządzenie Rady Ministrów z dnia 10 marca 1990 r. w sprawie sposobu przejęcia praw i obowiązków majątkowych Ochotniczej Rezerwy Milicji Obywatelskiej przez Skarb Państwa.,1990-03-10,1990-03-19,2014-12-31T12:25:37,7b7b5fb620681092a06d0925b73561c04f8f211821903387f81368b436dd5964,2,778,2,0,2,0,ok,,eli2md 0.6.31,2026-10-05T00:25:37Z
DU/1990/100,1990,100,Rozporządzenie,Rozporządzenie Rady Ministrów z dnia 28 lutego 1990 r. w sprawie trybu wyboru oraz zasad działania rad pracowniczych w bankach.,1990-02-28,1990-03-21,2014-12-31T12:25:37,7d3ccc53f240b8a7f22a4c2047c42393bcb1d5ce95e9929cf5f5e7b68efb24fa,2,842,2,0,2,0,ok,,eli2md 0.6.31,2026-10-05T00:25:37Z
DU/1990/101,1990,101,Zarządzenie,Zarządzenie Prezesa Rady Ministrów z dnia 19 marca 1990 r. w sprawie zarządzenia wyborów do rad gmin.,1990-03-19,1990-03-21,2020-02-05T15:57:08,06bac5d5553882f0d3a0ec2a4577e10a9227f1aaf550956176c46f1b1e0be6cf,2,416,2,0,2,0,ok,,eli2md 0.6.31,2026-10-05T00:25:37Z
DU/1990/102,1990,102,Rozporządzenie,Rozporządzenie Ministra Pracy i Polityki Socjalnej z dnia 22 lutego 1990 r. w sprawie sposobu obliczania dodatku wyrównawczego przysługującego pracownikom podejmującym pracę po uprzednim rozwiązaniu z nimi stosunku pracy z przyczyn dotyczących zakładu pracy.,1990-02-22,1990-03-21,2014-12-31T12:25:37,be93183923389fb8f0f6eac13e4b1fa3b18c3f9a4e47b61af83152ff37277423,1,402,1,0,1,0,ok,,eli2md 0.6.31,2026-10-05T00:25:37Z
DU/1990/103,1990,103,Rozporządzenie,Rozporządzenie Rady Ministrów z dnia 5 marca 1990 r. zmieniające rozporządzenie w sprawie rodzin zastępczych.,1990-03-05,1990-03-26,2014-12-31T12:25:37,ee6f6e7d1af2601f2f0eb6da52672841bcd4e7166679014c7c1572ead034158e,2,613,2,0,2,0,ok,,eli2md 0.6.31,2026-10-05T00:25:37Z
DU/1990/104,1990,104,Rozporządzenie,Rozporządzenie Rady Ministrów z dnia 9 marca 1990 r. w sprawie opłat drogowych.,1990-03-09,1990-03-26,2014-12-31T12:25:37,27036c0b198d39c64b7fdb998d61a647c5ad0531b9635fa47bb868eb42459c90,3,1341,3,0,3,0,ok,,eli2md 0.6.31,2026-10-05T00:25:37Z
DU/1990/105,1990,105,Rozporządzenie,Rozporządzenie Rady Ministrów z dnia 15 marca 1990 r. zmieniające rozporządzenie w sprawie świadectw pracy i opinii.,1990-03-15,1990-03-26,2014-12-31T12:25:37,e9124bf9b3f4b82e27a178e946877f83dabce649a7ae43b7f8b6319780d6c2dc,2,324,2,0,2,0,ok,,eli2md 0.6.31,2026-10-05T00:25:37Z
DU/1990/106,1990,106,Rozporządzenie,Rozporządzenie Ministra Finansów z dnia 28 lutego 1990 r. w sprawie zasad ustalania wartości początkowej i ewidencjonowania środków trwałych oraz wartości niematerialnych i prawnych przez podatników podatku dochodowego nie obowiązanych do prowadzenia ksiąg handlowych.,1990-02-28,1990-03-26,2014-12-31T12:25:37,d3ae702f2a1a63a8b229a349c96d4c90b03d40a125f01178c1e33d76aba862b7,2,602,2,0,2,0,ok,,eli2md 0.6.31,2026-10-05T00:25:37Z
DU/1990/107,1990,107,Rozporządzenie,Rozporządzenie Ministra Finansów z dnia 8 marca 1990 r. zmieniające rozporządzenie w sprawie wykonania niektórych przepisów ustawy o podatku od wynagrodzeń.,1990-03-08,1990-03-26,2014-12-31T12:25:37,7d232a10d37c9c7940445ee184f41ab52274cd8186062ca27f896c8af58cb197,3,1621,3,0,3,0,ok,,eli2md 0.6.31,2026-10-05T00:25:37Z
DU/1990/108,1990,108,Rozporządzenie,Rozporządzenie Ministra Finansów z dnia 12 marca 1990 r. w sprawie uznania przychodów agentów wykonujących działalność w imieniu jednostek gospodarki uspołecznionej na podstawie umowy agencyjnej i umowy na warunkach zlecenia za podlegające podatkowi od wynagrodzeń oraz w sprawie opłacania podatku wyrównawczego przez tych agentów.,1990-03-12,1990-03-26,2014-12-31T12:25:37,6081a66f7bf63c40fbd12e38e73fd0a72b25a899ad4fe5ecd6623b5d2c55a6c0,6,3947,6,0,6,0,ok,,eli2md 0.6.31,2026-10-05T00:25:37Z
DU/1990/109,1990,109,Rozporządzenie,Rozporządzenie Ministra Finansów z dnia 16 marca 1990 r. zmieniające rozporządzenie w sprawie taryfy składek za ubezpieczenia ustawowe komunikacyjne.,1990-03-16,1990-03-26,2014-12-31T12:25:37,84ec2b85b89abe164f8da5a5010215be0f6b27a834de9320e57dece96eaa1936,2,588,2,0,2,0,ok,,eli2md 0.6.31,2026-10-05T00:25:37Z
DU/1990/110,1990,110,Rozporządzenie,"Rozporządzenie Ministra Ochrony Środowiska, Zasobów Naturalnych i Leśnictwa z dnia 8 marca 1990 r. w sprawie organizacji, szczegółowych zasad i zakresu działania Państwowej Rady Ochrony Środowiska.",1990-03-08,1990-03-26,2014-12-31T12:25:37,35142dc22c36f5a2e6260d4badbfbd178668dabc256da62092a36b6c22dcb6c9,2,822,2,0,2,0,ok,,eli2md 0.6.31,2026-10-05T00:25:37Z
DU/1990/111,1990,111,Rozporządzenie,Rozporządzenie Ministra Pracy i Polityki Socjalnej z dnia 1 marca 1990 r. w sprawie trybu dokonywania wpłat na Fundusz Pracy z tytułu zatrudnienia za granicą oraz trybu uiszczania składek na ubezpieczenie społeczne.,1990-03-01,1990-03-26,2014-12-31T12:25:37,11c1425be6483ef2ea911e8a29b458e57e4615458794e965a57e9f81624ada99,1,664,1,0,1,0,ok,,eli2md 0.6.31,2026-10-05T00:25:37Z
DU/1990/112,1990,112,Rozporządzenie,Rozporządzenie Rady Ministrów z dnia 5 marca 1990 r. w sprawie zawieszenia w 1990 r. pobierania ceł od niektórych towarów.,1990-03-05,1990-03-29,2014-12-31T12:25:37,62058e0942c2d57783531df9a0f387dfb2ae4b70a3eb729557d6742b5c1fa768,6,1852,6,0,6,0,ok,,eli2md 0.6.31,2026-10-05T00:25:37Z
DU/1990/113,1990,113,Rozporządzenie,Rozporządzenie Rady Ministrów z dnia 5 marca 1990 r. w sprawie zmiany stawek ceł na niektóre towary przywożone z zagranicy.,1990-03-05,1990-03-29,2014-12-31T12:25:37,3abe94f4de3e89e9451626d88b0669892c9b9d2b49038f369fdc66b2917707e8,7,2666,7,0,7,0,ok,,eli2md 0.6.31,2026-10-05T00:25:37Z
DU/1990/114,1990,114,Rozporządzenie,Rozporządzenie Rady Ministrów z dnia 19 marca 1990 r. w sprawie ustanowienia w 1990 r. czasowego ograniczenia przywozu niektórych towarów.,1990-03-19,1990-03-29,2014-12-31T12:25:37,2b4a919c59009c4c647d7bc468547ea42cf568a73f1b35a059221b593d1628d9,1,208,1,0,1,0,ok,,eli2md 0.6.31,2026-10-05T00:25:37Z
DU/1990/115,1990,115,Rozporządzenie,Rozporządzenie Rady Ministrów z dnia 19 marca 1990 r. zmieniające rozporządzenie w sprawie wykonania niektórych przepisów ustawy o ubezpieczeniu społecznym rolników indywidualnych i członków ich rodzin.,1990-03-19,1990-03-29,2014-12-31T12:25:37,7de7a23a4f7e603cff1db9bd61b16ae0cbdece8b23b3ef515590cc5635da9b69,2,849,2,0,2,0,ok,,eli2md 0.6.31,2026-10-05T00:25:37Z
DU/1990/116,1990,116,Rozporządzenie,Rozporządzenie Rady Ministrów z dnia 24 marca 1990 r. w sprawie określenia wysokości odsetek ustawowych za kwiecień 1990 r.,1990-03-24,1990-03-29,2014-12-31T12:25:37,051115ba9ca17339177a6f3cb8dca631608d8deadc2216b3e1e84355e9efc395,1,130,1,0,1,0,ok,,eli2md 0.6.31,2026-10-05T00:25:37Z
DU/1990/117,1990,117,Rozporządzenie,"Rozporządzenie Ministra Pracy i Polityki Socjalnej z dnia 6 marca 1990 r. zmieniające rozporządzenie w sprawie zasad zajmowania i opróżniania lokali położonych w hotelach pracowniczych, ustalania opłat za zakwaterowanie oraz ramowych zasad ustalania kategorii hoteli pracowniczych.",1990-03-06,1990-03-29,2014-12-31T12:25:37,4e10a42f11908a1326ce83af7b98cc9cdfbab6cd86790f195a0fa5afc56a06a8,1,412,1,0,1,0,ok,,eli2md 0.6.31,2026-10-05T00:25:37Z
DU/1990/118,1990,118,Rozporządzenie,Rozporządzenie Ministra Pracy i Polityki Socjalnej z dnia 16 marca 1990 r. w sprawie ustalenia odpisu podstawowego na zakładowy fundusz socjalny dla pracowników zatrudnionych w szczególnie uciążliwych warunkach pracy.,1990-03-16,1990-03-29,2014-12-31T12:25:37,18e5b74da29640f7435a2b06b7adcff182a3381008813ef3e04ae40de33a9b71,1,289,1,0,1,0,ok,,eli2md 0.6.31,2026-10-05T00:25:37Z
DU/1990/119,1990,119,Rozporządzenie,Rozporządzenie Ministra Sprawiedliwości z dnia 7 marca 1990 r. zmieniające rozporządzenie w sprawie regulaminu dyscyplinarnego funkcjonariuszy Służby Więziennej.,1990-03-07,1990-03-29,2014-12-31T12:25:37,c5d0be42813ac682c1426c319ee01233beed72e109b33856d375b59f67ebde66,1,297,1,0,1,0,ok,,eli2md 0.6.31,2026-10-05T00:25:37Z
DU/1990/122,1990,122,Rozporządzenie,Rozporządzenie Ministra Finansów z dnia 29 marca 1990 r. w sprawie opodatkowania podatkiem obrotowym niektórych towarów sprowadzonych przez osoby fizyczne lub nadesłanych tym osobom z zagranicy.,1990-03-29,1990-03-31,2014-12-31T12:25:37,9e97af5f47eb3a36f0973c7bf7126613364e1e6c586ffb8e39e8e0dc90574d0c,2,836,2,0,2,0,ok,,eli2md 0.6.31,2026-10-05T00:25:37Z
DU/1990/127,1990,127,Rozporządzenie,Rozporządzenie Ministra Spraw Wewnętrznych z dnia 28 marca 1990 r. zmieniające rozporządzenie w sprawie kolegiów rejonowych do spraw wykroczeń i terytorialnego zakresu ich działania.,1990-03-28,1990-04-06,2014-12-31T12:25:37,714ee05d6d01f092b3d812bf56d74a994af889867ade54ba3cba31d565490d5e,1,463,1,0,1,0,ok,,eli2md 0.6.31,2026-10-05T00:25:37Z
DU/1990/128,1990,128,Zarządzenie,Zarządzenie Prezydenta Rzeczypospolitej Polskiej z dnia 3 kwietnia 1990 r. w sprawie wyborów uzupełniających do Senatu Rzeczypospolitej Polskiej.,1990-04-03,1990-04-07,2014-12-31T12:25:37,a760adf53979d36cb5377702f2be4a5e72e6c4e85c4edffffe19962bb929f44d,2,347,2,0,2,0,ok,,eli2md 0.6.31,2026-10-05T00:25:37Z
DU/1990/129,1990,129,Rozporządzenie,Rozporządzenie Rady Ministrów z dnia 12 marca 1990 r. w sprawie wykazu przedsiębiorstw państwowych oraz innych państwowych jednostek organizacyjnych podlegających zgrupowaniu we Wspólnocie Energetyki i Węgla Brunatnego.,1990-03-12,1990-04-07,2014-12-31T12:25:37,1e374cbbf2287de16c686cea0f0ffd53406d26211037cee464668ab1ff260762,2,608,2,0,2,0,ok,,eli2md 0.6.31,2026-10-05T00:25:37Z
DU/1990/130,1990,130,Rozporządzenie,Rozporządzenie Rady Ministrów z dnia 31 marca 1990 r. zmieniające rozporządzenie w sprawie składu komisji poborowych i wynagradzania za udział w pracach tych komisji.,1990-03-31,1990-04-07,2014-12-31T12:25:37,8da1e5cb5dd3a56d4e67c9f1f93aa8a763684a4d4cad51ef7644822c38387673,2,385,2,0,2,0,ok,,eli2md 0.6.31,2026-10-05T00:25:37Z
DU/1990/131,1990,131,Rozporządzenie,Rozporządzenie Rady Ministrów z dnia 31 marca 1990 r. zmieniające rozporządzenie w sprawie urządzeń zaopatrzenia w wodę i urządzeń kanalizacyjnych oraz opłat za wodę i wprowadzanie ścieków.,1990-03-31,1990-04-07,2014-12-31T12:25:37,f6cd8fb52d4185d14ae9b241ba3eefd90bdb12df8a92ba813ddc682f8a200877,1,219,1,0,1,0,ok,,eli2md 0.6.31,2026-10-05T00:25:37Z
DU/1990/132,1990,132,Rozporządzenie,Rozporządzenie Rady Ministrów z dnia 31 marca 1990 r. zmieniające rozporządzenie w sprawie melioracji wodnych.,1990-03-31,1990-04-07,2014-12-31T12:25:37,69e5721d5b1b324eb1bd25b2c52d592a7c27ec4ea0ec66d74a38304c47da966d,1,241,1,0,1,0,ok,,eli2md 0.6.31,2026-10-05T00:25:37Z
DU/1990/133,1990,133,Rozporządzenie,Rozporządzenie Ministra Finansów z dnia 15 marca 1990 r. zmieniające rozporządzenie w sprawie poboru w drodze inkasa łącznego zobowiązania pieniężnego oraz zasad wynagradzania za inkaso na terenie sołectw.,1990-03-15,1990-04-07,2014-12-31T12:25:37,7f2cd9e1a07398a1b0d36a559b64ea2fc31fad9fa90629a8cb272e60b61ea024,1,209,1,0,1,0,ok,,eli2md 0.6.31,2026-10-05T00:25:37Z
DU/1990/134,1990,134,Rozporządzenie,Rozporządzenie Ministra Kultury i Sztuki z dnia 22 marca 1990 r. zmieniające rozporządzenie w sprawie zasad tworzenia systemów wynagrodzeń pracowników instytucji artystycznych.,1990-03-22,1990-04-07,2014-12-31T12:25:37,d9be566d0a68010979b7f84b26503bb18f1ef413b0bed3f7d0bb2838b0049e66,1,218,1,0,1,0,ok,,eli2md 0.6.31,2026-10-05T00:25:37Z
DU/1990/135,1990,135,Rozporządzenie,Rozporządzenie Ministra Pracy i Polityki Socjalnej z dnia 29 stycznia 1990 r. zmieniające rozporządzenie w sprawie wynagradzania pracowników placówek naukowych Polskiej Akademii Nauk.,1990-01-29,1990-04-07,2014-12-31T12:25:37,7ae89531612bd1efdf336c4b782c10729a5edb8188c6e8d22553d7431e662eaa,2,362,2,0,2,0,ok,,eli2md 0.6.31,2026-10-05T00:25:37Z
DU/1990/136,1990,136,Rozporządzenie,Rozporządzenie Ministra Spraw Wewnętrznych z dnia 6 kwietnia 1990 r. w sprawie spisów wyborców do rad gmin.,1990-04-06,1990-04-07,2014-12-31T12:25:37,bad8d43e6f025b941d0ea775b237d982e8cd541c629a0dcd4e28811fbaa20e75,1,583,1,0,1,0,ok,,eli2md 0.6.31,2026-10-05T00:25:37Z
DU/1990/137,1990,137,Rozporządzenie,Rozporządzenie Ministra Transportu i Gospodarki Morskiej z dnia 26 marca 1990 r. w sprawie wysokości opłat za sprawdzenie kwalifikacji osób ubiegających się o uprawnienie do kierowania pojazdami oraz wysokości wynagrodzenia egzaminatorów.,1990-03-26,1990-04-07,2014-12-31T12:25:37,019f3d5131f8dd30b82b5e84f6ab7ca9ef31c99c0363e9ee94f5765f9e7c8a8e,1,667,1,0,1,0,ok,,eli2md 0.6.31,2026-10-05T00:25:37Z
DU/1990/139,1990,139,Rozporządzenie,Rozporządzenie Rady Ministrów z dnia 6 kwietnia 1990 r. zmieniające rozporządzenie w sprawie zasad wynagradzania pracowników urzędów państwowych.,1990-04-06,1990-04-14,2014-12-31T12:25:37,cd1ea2e964230b466fc679899215619ad704e53c6242637b42ea0d8737f67a07,3,1499,3,0,3,0,ok,,eli2md 0.6.31,2026-10-05T00:25:40Z
DU/1990/140,1990,140,Rozporządzenie,Rozporządzenie Ministra Edukacji Narodowej z dnia 23 marca 1990 r. zmieniające rozporządzenie w sprawie wynagradzania nauczycieli akademickich.,1990-03-23,1990-04-14,2014-12-31T12:25:38,b390655542c49865ef7b1ad939e56957d3b52f91187e299ed135cef29aed06cd,3,1444,3,0,3,0,ok,,eli2md 0.6.31,2026-10-05T00:25:40Z
DU/1990/141,1990,141,Rozporządzenie,Rozporządzenie Ministra Finansów z dnia 6 kwietnia 1990 r. zmieniające rozporządzenie w sprawie opłacania podatków obrotowego i dochodowego od przychodów osób prowadzących działalność w zakresie wytwórczości ludowej i artystycznej na rzecz jednostek gospodarki uspołecznionej.,1990-04-06,1990-04-14,2014-12-31T12:25:38,855253b7fc6389a51bc0451d2d20123e2826817f6566c012987c742dcd4d76a0,1,337,1,0,1,0,ok,,eli2md 0.6.31,2026-10-05T00:25:40Z
DU/1990/142,1990,142,Rozporządzenie,Rozporządzenie Ministra Pracy i Polityki Socjalnej z dnia 30 marca 1990 r. w sprawie trybu wypłaty świadczeń powierzonych Zakładowi Ubezpieczeń Społecznych na mocy umów międzynarodowych.,1990-03-30,1990-04-14,2014-12-31T12:25:38,3db6e0d4180451f5e0ec4944697b136654fa88cb70d7e7dd4d36a2dd8d505283,1,283,1,0,1,0,ok,,eli2md 0.6.31,2026-10-05T00:25:40Z
DU/1990/143,1990,143,Rozporządzenie,Rozporządzenie Ministra Sprawiedliwości z dnia 21 marca 1990 r. w sprawie zakresu i sposobu stosowania przepisów Kodeksu pracy o bezpieczeństwie i higienie pracy przy wykonywaniu pracy przez osoby przebywające w zakładach karnych i zakładach dla nieletnich.,1990-03-21,1990-04-14,2024-11-25T09:48:06,7e125f2801f07e8e4a79de5be18f6b273f19689d01b930a5d5841895650daf05,1,189,1,0,1,0,ok,,eli2md 0.6.31,2026-10-05T00:25:40Z
DU/1990/144,1990,144,Rozporządzenie,Rozporządzenie Ministra Sprawiedliwości z dnia 29 marca 1990 r. zmieniające rozporządzenie w sprawie postępowania dyscyplinarnego przeciwko adwokatom i aplikantom adwokackim.,1990-03-29,1990-04-14,2014-12-31T12:25:38,6431d76ddf5f25b61203964ffb4785ae3766300312fca27202e9657adf844224,1,298,1,0,1,0,ok,,eli2md 0.6.31,2026-10-05T00:25:40Z
DU/1990/145,1990,145,Rozporządzenie,Rozporządzenie Rady Ministrów z dnia 31 marca 1990 r. w sprawie określenia grup wyrobów i usług dotowanych z budżetu w 1990 r.,1990-03-31,1990-04-18,2014-12-31T12:25:38,bbd436b6434c3e76a29258de2110faaa0f106225e20bcb5114d343ea86e560d9,1,195,1,0,1,0,ok,,eli2md 0.6.31,2026-10-05T00:25:40Z
DU/1990/146,1990,146,Rozporządzenie,Rozporządzenie Rady Ministrów z dnia 6 kwietnia 1990 r. zmieniające rozporządzenie w sprawie zasad i trybu zaspokajania potrzeb mieszkaniowych.,1990-04-06,1990-04-18,2014-12-31T12:25:38,a52a0ab71ff9c17638a81337beb7120f4ca987d3ebe2350e6dec9817c2335537,1,332,1,0,1,0,ok,,eli2md 0.6.31,2026-10-05T00:25:40Z
DU/1990/147,1990,147,Rozporządzenie,Rozporządzenie Ministra Finansów z dnia 30 marca 1990 r. zmieniające rozporządzenie w sprawie opłacania podatków obrotowego i dochodowego od przychodów rzemieślników ze świadczeń wykonywanych za pośrednictwem spółdzielni rzemieślniczych.,1990-03-30,1990-04-18,2014-12-31T12:25:38,212dca0bb61b57672efb9f3a5742f9c0712ada448ae22e31f5e7bdbc20b70f6d,3,1995,3,0,3,0,ok,,eli2md 0.6.31,2026-10-05T00:25:42Z
DU/1990/148,1990,148,Rozporządzenie,"Rozporządzenie Ministra Zdrowia i Opieki Społecznej z dnia 6 kwietnia 1990 r. zmieniające rozporządzenie w sprawie uposażenia pracowników zakładów społecznych służby zdrowia, zakładów pomocy społecznej i zakładów rehabilitacji zawodowej inwalidów.",1990-04-06,1990-04-18,2022-04-19T12:10:17,a728f1c54387bc362aa2c0414680f313a9417b2cd4be59efb8a75d11f82c6f3b,12,5465,12,0,12,0,ok,,eli2md 0.6.31,2026-10-05T00:25:53Z
DU/1990/150,1990,150,Rozporządzenie,Rozporządzenie Rady Ministrów z dnia 10 kwietnia 1990 r. zmieniające rozporządzenie w sprawie wykonania niektórych przepisów Prawa lokalowego.,1990-04-10,1990-04-24,2014-12-31T12:25:38,79eb93537a99773dfb6bbe2de454c745480edbe8913c042291fae996b4b87325,1,509,1,0,1,0,ok,,eli2md 0.6.31,2026-10-05T00:25:53Z
DU/1990/151,1990,151,Rozporządzenie,Rozporządzenie Rady Ministrów z dnia 10 kwietnia 1990 r. w sprawie utworzenia Drawieńskiego Parku Narodowego.,1990-04-10,1990-04-24,2014-12-31T12:25:38,02ed77eb6400155445a992d58c6087c547bbd4f58041be7a163591bef17ef6cb,4,1921,4,0,4,0,ok,,eli2md 0.6.31,2026-10-05T00:25:53Z
DU/1990/154,1990,154,Rozporządzenie,"Rozporządzenie Rady Ministrów z dnia 9 kwietnia 1990 r. w sprawie zakresu, zasad i trybu udzielania kredytobiorcom pomocy ze środków budżetowych w 1990 r. w spłacie części należnego bankom oprocentowania od kredytów udzielonych po dniu 31 grudnia 1989 r.",1990-04-09,1990-04-26,2014-12-31T12:25:38,f8b48038cde2f565fe496460d9d61ee78edb055d09c57ca88b6203866d27e3b4,2,742,2,0,2,0,ok,,eli2md 0.6.31,2026-10-05T00:25:53Z
DU/1990/155,1990,155,Rozporządzenie,Rozporządzenie Rady Ministrów z dnia 10 kwietnia 1990 r. w sprawie utworzenia Poleskiego Parku Narodowego.,1990-04-10,1990-04-26,2014-12-31T12:25:38,4b529d34566b139e327e445f74f115bf8b939d3a30f13e9f7b0e73bbc6c2f708,4,2361,4,0,4,0,ok,,eli2md 0.6.31,2026-10-05T00:25:53Z
DU/1990/156,1990,156,Rozporządzenie,"Rozporządzenie Ministra Finansów z dnia 17 kwietnia 1990 r. w sprawie stawek podatku obrotowego od osób fizycznych i osób prawnych nie będących jednostkami gospodarki uspołecznionej oraz ulg, zwolnień i trybu płatności tego podatku.",1990-04-17,1990-04-26,2014-12-31T12:25:38,5821377bd0bb2143e9112f1300e1798be02461dd9bf1391004b7a834e4ba3304,11,6609,11,0,11,0,ok,,eli2md 0.6.31,2026-10-05T00:25:54Z
DU/1990/157,1990,157,Rozporządzenie,Rozporządzenie Ministra Sprawiedliwości z dnia 13 kwietnia 1990 r. w sprawie utworzenia sądu antymonopolowego.,1990-04-13,1990-04-26,2014-12-31T12:25:38,8bd65a0de8ac10aecdb7c3e56b56780f8babebaadd95b167ddf4af8fa92bdcf2,1,449,1,0,1,0,ok,,eli2md 0.6.31,2026-10-05T00:25:54Z
DU/1990/158,1990,158,Uchwała,Uchwała Trybunału Konstytucyjnego z dnia 4 kwietnia 1990 r.,1990-04-04,1990-04-26,2014-12-31T12:25:38,489ec12349c2cd21f6279d29199f98fc0ee871b7d7dd5628f2f55e7c168aa990,1,265,1,0,1,0,ok,,eli2md 0.6.31,2026-10-05T00:25:54Z
DU/1990/162,1990,162,Rozporządzenie,Rozporządzenie Rady Ministrów z dnia 9 kwietnia 1990 r. w sprawie zasad wynagradzania niektórych dyrektorów przedsiębiorstw państwowych.,1990-04-09,1990-04-28,2014-12-31T12:25:38,fd479a2825532cd8bd74a0257ca47b28e847910a4e74d84ee61537dd0afc85e7,1,148,1,0,1,0,ok,,eli2md 0.6.31,2026-10-05T00:25:54Z
DU/1990/163,1990,163,Rozporządzenie,Rozporządzenie Rady Ministrów z dnia 18 kwietnia 1990 r. zmieniające rozporządzenie w sprawie kosztów postępowania w sprawach o wykroczenia.,1990-04-18,1990-04-28,2014-12-31T12:25:38,e461482a7efdd40e191c07f3694da2c7e2a1e8c9af12d1e4e3be6b5d1d2bb213,1,179,1,0,1,0,ok,,eli2md 0.6.31,2026-10-05T00:25:54Z
DU/1990/164,1990,164,Rozporządzenie,Rozporządzenie Rady Ministrów z dnia 20 kwietnia 1990 r. w sprawie zasad dysponowania w 1990 r. przez podmioty gospodarcze i inne osoby krajowe prawne należnościami z tytułu działalności gospodarczej wyrażonymi w jednostkach rozrachunkowych.,1990-04-20,1990-04-28,2014-12-31T12:25:38,b2bd7fa72f433964eb28e4f09686cac55b3dc4e7c425e0b5c8f2ed3a70b1e783,1,226,1,0,1,0,ok,,eli2md 0.6.31,2026-10-05T00:25:54Z
DU/1990/165,1990,165,Rozporządzenie,Rozporządzenie Rady Ministrów z dnia 20 kwietnia 1990 r. zmieniające rozporządzenie w sprawie uprawnień pracowniczych osób wykonujących pracę nakładczą.,1990-04-20,1990-04-28,2014-12-31T12:25:38,d46fa6f0c9aa1525ef7720883a01cee91fdedd30a6a955f4b8b84f941973552d,3,1691,3,0,3,0,ok,,eli2md 0.6.31,2026-10-05T00:25:54Z
DU/1990/166,1990,166,Rozporządzenie,Rozporządzenie Rady Ministrów z dnia 23 kwietnia 1990 r. w sprawie określenia wysokości odsetek ustawowych za maj i czerwiec 1990 r.,1990-04-23,1990-04-28,2014-12-31T12:25:38,50a60f1efc8d58f0204720b6f0b699e2df118ab880c9a8904d0edd46aadbb4ab,1,133,1,0,1,0,ok,,eli2md 0.6.31,2026-10-05T00:25:54Z
DU/1990/167,1990,167,Rozporządzenie,Rozporządzenie Rady Ministrów z dnia 23 kwietnia 1990 r. w sprawie ustalenia wysokości współczynników korygujących wskaźniki wzrostu cen.,1990-04-23,1990-04-28,2021-11-10T14:50:21,22bf2e191aa9c26d6be32da6cc311883a0829cc34b47dd81bb7e64862b03a99a,1,103,1,0,1,0,ok,,eli2md 0.6.31,2026-10-05T00:25:54Z
DU/1990/168,1990,168,Rozporządzenie,"Rozporządzenie Rady Ministrów z dnia 24 kwietnia 1990 r. zmieniające rozporządzenie w sprawie szczegółowych zasad tworzenia, wykorzystania i zarządzania Państwowym Funduszem Młodzieży.",1990-04-24,1990-04-28,2014-12-31T12:25:38,44f6ce65ab74c16bb4389b9d2a63b58e07232c94fdd959beeca80ea32e3ca196,1,236,1,0,1,0,ok,,eli2md 0.6.31,2026-10-05T00:25:54Z
DU/1990/169,1990,169,Rozporządzenie,Rozporządzenie Ministra Finansów z dnia 17 kwietnia 1990 r. w sprawie opłacania podatku dochodowego od przychodów osób trudniących się przerobem surowca rybnego.,1990-04-17,1990-04-28,2014-12-31T12:25:38,2c4cbceed29c9f19aa49fff45b77605cc71ad9358d0a728b442c87347266fbdd,2,884,2,0,2,0,ok,,eli2md 0.6.31,2026-10-05T00:25:54Z
DU/1990/170,1990,170,Rozporządzenie,Rozporządzenie Ministra Zdrowia i Opieki Społecznej z dnia 6 kwietnia 1990 r. zmieniające rozporządzenie w sprawie zasad i trybu przeprowadzania konkursu na niektóre stanowiska w zakładach społecznych służby zdrowia.,1990-04-06,1990-04-28,2014-12-31T12:25:38,cbe3519453479e81d8d811327add37821764c60ca9222cbf0136c40415269187,1,566,1,0,1,0,ok,,eli2md 0.6.31,2026-10-05T00:25:54Z
DU/1990/176,1990,176,Rozporządzenie,Rozporządzenie Rady Ministrów z dnia 27 kwietnia 1990 r. w sprawie zasiłków rodzinnych z ubezpieczenia społecznego rolników indywidualnych i członków ich rodzin.,1990-04-27,1990-05-07,2014-12-31T12:25:38,cacb8ff305a21090f24ac5a559310a9da1d5141643114b25e821030ea542d481,3,1198,3,0,3,0,ok,,eli2md 0.6.31,2026-10-05T00:25:54Z
DU/1990/177,1990,177,Rozporządzenie,Rozporządzenie Ministra Współpracy Gospodarczej z Zagranicą z dnia 30 kwietnia 1990 r. w sprawie uprawnienia organów celnych do wydawania pozwoleń na wywóz ziemniaków.,1990-04-30,1990-05-07,2014-12-31T12:25:38,ca86549d1aaa1ed559172c26d2526169b3cbba833d1789ff5bc31c3c086f4e0f,1,113,1,0,1,0,ok,,eli2md 0.6.31,2026-10-05T00:25:54Z
DU/1990/178,1990,178,Rozporządzenie,"Rozporządzenie Ministra Zdrowia i Opieki Społecznej z dnia 30 kwietnia 1990 r. w sprawie kwalifikacji zawodowych, jakie powinni posiadać lekarze dokonujący zabiegu przerywania ciąży, oraz trybu wydawania orzeczeń lekarskich o dopuszczalności dokonania takiego zabiegu.",1990-04-30,1990-05-07,2014-12-31T12:25:38,6da93f605a7d82d9ee7250dfa3a11aa479a392587411d444e997aaa4a8543700,3,1237,3,0,3,0,ok,,eli2md 0.6.31,2026-10-05T00:25:54Z
DU/1990/182,1990,182,Rozporządzenie,Rozporządzenie Rady Ministrów z dnia 30 kwietnia 1990 r. w sprawie odszkodowań za szkody wyrządzone w uprawach i plonach rolnych przez niektóre gatunki zwierząt łownych.,1990-04-30,1990-05-14,2014-12-31T12:25:38,101f054b2ddd36ed6f8f16a9025633e868169f37e5776fa3a77077faec0e83df,2,1112,2,0,2,0,ok,,eli2md 0.6.31,2026-10-05T00:25:54Z
DU/1990/183,1990,183,Rozporządzenie,Rozporządzenie Rady Ministrów z dnia 4 maja 1990 r. w sprawie zmiany stawek ceł na niektóre towary przywożone z zagranicy.,1990-05-04,1990-05-14,2014-12-31T12:25:38,eec5037c2fb90009e822e2769e3e0b4e953c25ee0d2cab636cca185ece6c4bf5,2,564,2,0,2,0,ok,,eli2md 0.6.31,2026-10-05T00:25:54Z
DU/1990/184,1990,184,Rozporządzenie,Rozporządzenie Rady Ministrów z dnia 10 maja 1990 r. w sprawie czasowego zakazu sprzedaży i podawania napojów alkoholowych.,1990-05-10,1990-05-14,2020-06-08T15:28:35,575b5d083abd959336ac273d56c90b44d9912768430f9e4ba0940e8522da1c06,1,174,1,0,1,0,ok,,eli2md 0.6.31,2026-10-05T00:25:54Z
DU/1990/185,1990,185,Rozporządzenie,Rozporządzenie Ministra Finansów z dnia 7 maja 1990 r. w sprawie okresowego obniżenia wysokości stawek podatku obrotowego od niektórych towarów i usług.,1990-05-07,1990-05-14,2014-12-31T12:25:38,9cc1d819c1c341b1d80cc0e9607041d2ed3e32814d7a98a48e06fb0ad8a6ad2c,2,591,2,0,2,0,ok,,eli2md 0.6.31,2026-10-05T00:25:54Z
DU/1990/186,1990,186,Rozporządzenie,Rozporządzenie Ministra Obrony Narodowej z dnia 12 kwietnia 1990 r. zmieniające rozporządzenie w sprawie ustalania prawa do zaopatrzenia emerytalnego żołnierzy zawodowych i ich rodzin oraz wypłaty świadczeń pieniężnych z tytułu tego zaopatrzenia.,1990-04-12,1990-05-14,2014-12-31T12:25:38,f25b941101af1cb20a1d64fc528c626b574723da5cae1d47d3f953ef9a7a54c3,2,554,2,0,2,0,ok,,eli2md 0.6.31,2026-10-05T00:25:54Z
DU/1990/187,1990,187,Rozporządzenie,Rozporządzenie Ministra Sprawiedliwości z dnia 4 maja 1990 r. zmieniające rozporządzenie w sprawie przyznawania i wypłaty odszkodowań przysługujących w razie wypadków i chorób pozostających w związku ze służbą więzienną.,1990-05-04,1990-05-14,2014-12-31T12:25:38,ce351eb62a2862577988ccdb9006dd9d48fafc1a2cf13ecfc31e9496ef225641,1,453,1,0,1,0,ok,,eli2md 0.6.31,2026-10-05T00:25:54Z
DU/1990/188,1990,188,Rozporządzenie,Rozporządzenie Ministra - Szefa Urzędu Rady Ministrów z dnia 23 kwietnia 1990 r. w sprawie nadania osobowości prawnej Związkowi Męskiej Młodzieży Przemysłowej i Rzemieślniczej pod wezwaniem Świętego Stanisława Kostki z siedzibą w Krakowie.,1990-04-23,1990-05-14,2021-08-18T09:57:04,d91e614ee5f83279f4c0412c9bc4a2574da25e5d26cb3c5aee9c4371a47c5338,1,177,1,0,1,0,ok,,eli2md 0.6.31,2026-10-05T00:25:54Z
DU/1990/189,1990,189,Uchwała,Uchwała Trybunału Konstytucyjnego z dnia 2 maja 1990 r. w sprawie wykładni art. 1 i 3 ustawy z dnia 29 maja 1989 r. o przebaczeniu i puszczeniu w niepamięć niektórych przestępstw i wykroczeń.,1990-05-02,1990-05-14,2014-12-31T12:25:38,15fa40ad22cf7b8853f76c76b4b2c0735782bc3b8ff8a667e60884d7df846fd8,1,589,1,0,1,0,ok,,eli2md 0.6.31,2026-10-05T00:25:54Z
DU/1990/192,1990,192,Rozporządzenie,Rozporządzenie Rady Ministrów z dnia 11 maja 1990 r. zmieniające rozporządzenie w sprawie opłaty leśnej.,1990-05-11,1990-05-22,2014-12-31T12:25:38,9a0e19ad9f732d0b987e2456202bd2341dd445dbcdb3eee143c2a8ea5ccb74d4,1,189,1,0,1,0,ok,,eli2md 0.6.31,2026-10-05T00:25:54Z
DU/1990/193,1990,193,Rozporządzenie,Rozporządzenie Ministra Finansów z dnia 16 maja 1990 r. w sprawie zmiany terminu wejścia w życie rozporządzenia uchylającego rozporządzenie w sprawie zryczałtowania podatków obrotowego i dochodowego z tytułu świadczenia usług przez zakłady usługowe prowadzone przez spółdzielnie według zasad zryczałtowanego rozrachunku.,1990-05-16,1990-05-22,2019-03-08T14:09:19,993612da16334934ec51f72c3438cbaa5063dba99c6fa6f12a9965f42686fa94,1,196,1,0,1,0,ok,,eli2md 0.6.31,2026-10-05T00:25:54Z
DU/1990/194,1990,194,Rozporządzenie,Rozporządzenie Ministra Zdrowia i Opieki Społecznej z dnia 27 kwietnia 1990 r. w sprawie trybu postępowania w sprawach stwierdzania prawa wykonywania zawodu lekarza i prowadzenia rejestru lekarzy.,1990-04-27,1990-05-22,2014-12-31T12:25:38,524dd2fff19bf370b1cf90505263ed170e822f0e220399a42e512ac8525ee04a,2,1034,2,0,2,0,ok,,eli2md 0.6.31,2026-10-05T00:25:56Z
DU/1990/195,1990,195,Rozporządzenie,Rozporządzenie Ministra Gospodarki Przestrzennej i Budownictwa z dnia 15 maja 1990 r. w sprawie szczegółowych zasad i trybu zgłaszania prac geodezyjnych i kartograficznych oraz przekazywania materiałów i informacji powstałych w wyniku tych prac do państwowego zasobu geodezyjnego i kartograficznego.,1990-05-15,1990-05-24,2014-12-31T12:25:38,bb7d791706449e795d1747b5d51cecfa6707472e76278628c116b90efdd6ebed,4,1634,4,0,4,0,ok,,eli2md 0.6.31,2026-10-05T00:25:59Z
DU/1990/196,1990,196,Rozporządzenie,"Rozporządzenie Ministra Gospodarki Przestrzennej i Budownictwa z dnia 15 maja 1990 r. w sprawie wysokości opłat za czynności związane z prowadzeniem państwowego zasobu geodezyjnego i kartograficznego, uzgadnianiem usytuowania projektowanych sieci uzbrojenia terenu oraz za wykonanie wyrysów i wypisów z operatu ewidencji gruntów.",1990-05-15,1990-05-24,2014-12-31T12:25:38,0a80309a8f66eac50458117288d4044ccf5c99936ee3e5a4ef52bda91070863c,5,2021,5,0,5,0,ok,,eli2md 0.6.31,2026-10-05T00:25:59Z
DU/1990/202,1990,202,Rozporządzenie,Rozporządzenie Ministra Edukacji Narodowej z dnia 10 maja 1990 r. zmieniające rozporządzenie w sprawie wynagradzania nauczycieli akademickich.,1990-05-10,1990-05-31,2014-12-31T12:25:38,39ab67730ae989d1de4aa75ad898662f875e8d1180d968cc5f0c92051a453a96,4,1465,4,0,4,0,ok,,eli2md 0.6.31,2026-10-05T00:25:59Z
DU/1990/203,1990,203,Rozporządzenie,Rozporządzenie Ministra Finansów z dnia 18 maja 1990 r. w sprawie zwolnienia od podatków obrotowego i dochodowego podatników osiągających przychody z niektórych rodzajów nowo uruchomionej działalności gospodarczej.,1990-05-18,1990-05-31,2014-12-31T12:25:38,6d26a0fbb8149ec83e0e55366186c082103d3abe0738ba545eacd836debe21dd,3,1749,3,0,3,0,ok,,eli2md 0.6.31,2026-10-05T00:25:59Z
DU/1990/204,1990,204,Rozporządzenie,Rozporządzenie Ministra Finansów z dnia 18 maja 1990 r. zmieniające rozporządzenie w sprawie taryfy składek za ubezpieczenie ustawowe budynków i mienia w gospodarstwach rolnych oraz na działkach nie wchodzących w skład gospodarstw rolnych i za ubezpieczenie ustawowe odpowiedzialności cywilnej rolników.,1990-05-18,1990-05-31,2014-12-31T12:25:38,8f2dbc69ab77595d687a112d2d100d4a9a88795f83a38c649d577560078070c8,1,164,1,0,1,0,ok,,eli2md 0.6.31,2026-10-05T00:25:59Z
DU/1990/205,1990,205,Rozporządzenie,"Rozporządzenie Ministra Zdrowia i Opieki Społecznej z dnia 4 maja 1990 r. zmieniające rozporządzenie w sprawie warunków, jakim powinna odpowiadać woda do picia i na potrzeby gospodarcze.",1990-05-04,1990-05-31,2014-12-31T12:25:38,fb1a24adc109d1bc5d8aee2d5e7d013ec000be2f0467e62d20c16610a61b9056,2,629,2,0,2,0,ok,,eli2md 0.6.31,2026-10-05T00:25:59Z
DU/1990/207,1990,207,Rozporządzenie,Rozporządzenie Ministra Kultury i Sztuki z dnia 11 maja 1990 r. zmieniające rozporządzenie w sprawie zasad tworzenia systemów wynagrodzeń pracowników instytucji artystycznych.,1990-05-11,1990-06-01,2014-12-31T12:25:38,04920fab665d0550eafc5cfcc9b93215cb05fde4683bf8dda037fd4c590c5286,2,232,2,0,2,0,ok,,eli2md 0.6.31,2026-10-05T00:25:59Z
DU/1990/208,1990,208,Rozporządzenie,Rozporządzenie Rady Ministrów z dnia 21 maja 1990 r. w sprawie utworzenia Akademii Obrony Narodowej i Wyższej Szkoły Oficerskiej Inżynierii Wojskowej oraz zniesienia Wojskowej Akademii Politycznej.,1990-05-21,1990-06-07,2014-12-31T12:25:38,162ccaf6c0822b00ff7180b2fd1d0cdc05db284d0cebea0aeddaca202285c49d,2,501,2,0,2,0,ok,,eli2md 0.6.31,2026-10-05T00:26:00Z
DU/1990/209,1990,209,Rozporządzenie,Rozporządzenie Rady Ministrów z dnia 28 maja 1990 r. zmieniające rozporządzenie w sprawie niektórych praw i obowiązków pracowników skierowanych do pracy za granicą w celu realizacji budownictwa eksportowego i usług związanych z eksportem.,1990-05-28,1990-06-07,2014-12-31T12:25:38,3db73e582455b4d580283a873d24bc8f9bef296d8b7682624274f0ac2d95f943,1,341,1,0,1,0,ok,,eli2md 0.6.31,2026-10-05T00:26:00Z
DU/1990/210,1990,210,Rozporządzenie,"Rozporządzenie Ministra Pracy i Polityki Socjalnej z dnia 25 maja 1990 r. zmieniające rozporządzenie w sprawie składu komisji lekarskich do spraw inwalidztwa i zatrudnienia, trybu postępowania, trybu kierowania na badanie przez te komisje oraz szczegółowych zasad ustalenia inwalidztwa.",1990-05-25,1990-06-07,2014-12-31T12:25:38,12ae002a00ae9cffae503dc76bb5e8fb5503a45b2c7fb2f275931f0be862f966,2,749,2,0,2,0,ok,,eli2md 0.6.31,2026-10-05T00:26:00Z
DU/1990/211,1990,211,Rozporządzenie,Rozporządzenie Ministra Sprawiedliwości z dnia 25 maja 1990 r. zmieniające rozporządzenie w sprawie utworzenia sądów wojewódzkich i sądów rejonowych oraz ustalenia ich siedzib i obszarów właściwości.,1990-05-25,1990-06-07,2014-12-31T12:25:38,5f83b845ff5bf6e0adfaf615d9342e849ec64ca418ad9f3ab55ca6e6de21d75a,1,564,1,0,1,0,ok,,eli2md 0.6.31,2026-10-05T00:26:00Z
DU/1990/212,1990,212,Rozporządzenie,Rozporządzenie Ministra Współpracy Gospodarczej z Zagranicą z dnia 23 maja 1990 r. w sprawie określenia siedzib oraz właściwości miejscowej i rzeczowej urzędów celnych.,1990-05-23,1990-06-07,2014-12-31T12:25:38,5a3f0532fcd9dfca40dbf055908fc2e3fa3c5c120c7e6d02d8acf3cb5eefabdd,2,957,2,0,2,0,ok,,eli2md 0.6.31,2026-10-05T00:26:01Z
DU/1990/213,1990,213,Rozporządzenie,"Rozporządzenie Ministra Zdrowia i Opieki Społecznej z dnia 2 czerwca 1990 r. zmieniające rozporządzenie w sprawie uposażenia pracowników zakładów społecznych służby zdrowia, zakładów pomocy społecznej i zakładów rehabilitacji zawodowej inwalidów.",1990-06-02,1990-06-07,2022-04-19T12:10:17,fcd9ed4b0b2d5245caab7b648f425e0ea319a439b8e09a1da022819a46991852,3,371,3,0,3,0,ok,,eli2md 0.6.31,2026-10-05T00:26:02Z
DU/1990/214,1990,214,Umowa międzynarodowa,Umowa między Polską Rzecząpospolitą Ludową a Europejską Wspólnotą Gospodarczą w sprawie handlu oraz współpracy handlowej i gospodarczej sporządzona w Warszawie dnia 19 września 1989 r.,1989-09-29,1990-06-09,2014-12-31T12:25:38,09b27e80740e1d8ceeb6f525e8eb0c5a777c7fc66e587a5ba6ee5195e809f42b,10,6054,10,0,10,0,ok,,eli2md 0.6.31,2026-10-05T00:26:13Z
DU/1990/215,1990,215,Oświadczenie rządowe,"Oświadczenie rządowe z dnia 29 grudnia 1989 r. w sprawie wejścia w życie Umowy między Polską Rzecząpospolitą Ludową a Europejską Wspólnotą Gospodarczą w sprawie handlu oraz współpracy handlowej i gospodarczej, sporządzonej w Warszawie dnia 19 września 1989 r.",1989-12-29,1990-06-09,2019-03-26T10:36:58,100ba1d12b30ec85b0567985d166a688536c1dff013fc7cde82770be62fb389d,1,97,1,0,1,0,ok,,eli2md 0.6.31,2026-10-05T00:26:13Z
DU/1990/216,1990,216,Umowa międzynarodowa,Umowa między Rządem Polskiej Rzeczypospolitej Ludowej a Rządem Kanady w sprawie unikania podwójnego opodatkowania w zakresie podatków od dochodu i majątku sporządzona w Warszawie dnia 4 maja 1987 r.,1987-12-29,1989-06-09,2014-12-31T12:25:38,032fe331b4f00610ea28d65346793249d4305852b269e79d28b6b91ab2b3cd38,11,7673,11,0,11,0,ok,,eli2md 0.6.31,2026-10-05T00:26:13Z
DU/1990/217,1990,217,Oświadczenie rządowe,"Oświadczenie rządowe z dnia 10 stycznia 1990 r. w sprawie wymiany dokumentów ratyfikacyjnych Umowy między Rządem Polskiej Rzeczypospolitej Ludowej a Rządem Kanady w sprawie unikania podwójnego opodatkowania w zakresie podatków od dochodu i majątku, sporządzonej w Warszawie dnia 4 maja 1987 r.",1990-01-10,1990-06-09,2019-03-26T10:36:58,3eb6c7007d6bb93489ddc1f2c13914b53e359fce147e0b0ab031047868ddfcc1,1,121,1,0,1,0,ok,,eli2md 0.6.31,2026-10-05T00:26:13Z
DU/1990/218,1990,218,Umowa międzynarodowa,Umowa między Rządem Polskiej Rzeczypospolitej Ludowej a Rządem Królestwa Szwecji w sprawie popierania i wzajemnej ochrony inwestycji sporządzona w Warszawie dnia 13 października 1989 r.,1989-12-21,1990-06-09,2019-10-16T09:47:53,485f85e8e4945a6caa680099138e6ac84f23ca8538268f4488e51cbd73abd1bf,7,4985,7,0,7,0,ok,,eli2md 0.6.31,2026-10-05T00:26:13Z
DU/1990/219,1990,219,Oświadczenie rządowe,"Oświadczenie rządowe z dnia 12 stycznia 1990 r. w sprawie wejścia w życie Umowy między Rządem Polskiej Rzeczypospolitej Ludowej a Rządem Królestwa Szwecji w sprawie popierania i wzajemnej ochrony inwestycji, sporządzonej w Warszawie dnia 13 października 1989 r.",1990-01-12,1990-06-09,2019-03-26T10:36:58,3c28087cd0bcd0016a6b6621ee5922553eba34e781e0776387c6fd966c1acf88,1,104,1,0,1,0,ok,,eli2md 0.6.31,2026-10-05T00:26:13Z
DU/1990/220,1990,220,Umowa międzynarodowa,Umowa między Rządem Polskiej Rzeczypospolitej Ludowej a Rządem Republiki Francuskiej w sprawie popierania i wzajemnej ochrony inwestycji podpisana w Paryżu dnia 14 lutego 1989 r.,1989-06-09,1990-06-09,2021-09-30T12:12:12,f725557f7988ccbf7366fe56e663f0db1504eb50ce726abed4759cf303c03a7a,5,2234,5,0,5,0,ok,,eli2md 0.6.31,2026-10-05T00:26:13Z
DU/1990/221,1990,221,Oświadczenie rządowe,"Oświadczenie rządowe w sprawie wejścia w życie Umowy między Rządem Polskiej Rzeczypospolitej Ludowej a Rządem Republiki Francuskiej w sprawie popierania i wzajemnej ochrony inwestycji, podpisanej w Paryżu dnia 14 lutego 1989 r.",1990-02-20,1990-06-09,2019-03-26T10:36:58,b88f89165ed7243488315d8dd39ff6503b84c68d870b60532bf135d89cf3fb88,2,199,2,0,2,0,ok,,eli2md 0.6.31,2026-10-05T00:26:13Z
DU/1990/224,1990,224,Rozporządzenie,Rozporządzenie Ministra Finansów z dnia 7 czerwca 1990 r. zmieniające rozporządzenie w sprawie taryfy składek za ubezpieczenia ustawowe komunikacyjne.,1990-06-07,1990-06-21,2014-12-31T12:25:38,d385e2e69d7c58a253d65650324d84deb48a67d4a0c2325c51406326ebfd4fcb,1,136,1,0,1,0,ok,,eli2md 0.6.31,2026-10-05T00:26:13Z
DU/1990/225,1990,225,Rozporządzenie,Rozporządzenie Ministra Finansów z dnia 11 czerwca 1990 r. w sprawie wykonania niektórych przepisów ustawy o podatku od spadków i darowizn.,1990-06-11,1990-06-21,2014-12-31T12:25:38,3659d6bf9e128776e8d6ec43fbb4ee75fe8261542852528856a28c4e85a3c47e,1,517,1,0,1,0,ok,,eli2md 0.6.31,2026-10-05T00:26:13Z
DU/1990/226,1990,226,Rozporządzenie,Rozporządzenie Ministra Pracy i Polityki Socjalnej z dnia 25 maja 1990 r. zmieniające rozporządzenie w sprawie wynagradzania pracowników placówek naukowych Polskiej Akademii Nauk.,1990-05-25,1990-06-21,2014-12-31T12:25:38,00a503aba75361411975eeb70d8c2321ee59a610fded8e668e759db8fbdbbdd8,2,607,2,0,2,0,ok,,eli2md 0.6.31,2026-10-05T00:26:13Z
DU/1990/227,1990,227,Rozporządzenie,Rozporządzenie Ministra Rynku Wewnętrznego z dnia 18 maja 1990 r. zmieniające rozporządzenie w sprawie wymagań sanitarnych w handlu okrężnym środkami spożywczymi i używkami.,1990-05-18,1990-06-21,2014-12-31T12:25:38,f5dcd6b86c37ecd814afca34f4979e2cb82c5def1b3c82e590d3af79ffab6212,2,697,2,0,2,0,ok,,eli2md 0.6.31,2026-10-05T00:26:13Z
DU/1990/228,1990,228,Rozporządzenie,Rozporządzenie Ministra Sprawiedliwości z dnia 11 czerwca 1990 r. zmieniające rozporządzenie w sprawie utworzenia sądów gospodarczych w sądach wojewódzkich i sądach rejonowych oraz ustalenia ich siedzib i obszarów właściwości.,1990-06-11,1990-06-21,2014-12-31T12:25:38,88059b8fa6f259b2066bdf7a60bd8506f0c7db834b1f8111f599cd9027204c2f,2,318,2,0,2,0,ok,,eli2md 0.6.31,2026-10-05T00:26:13Z
DU/1990/229,1990,229,Uchwała,Uchwała Trybunału Konstytucyjnego z dnia 31 maja 1990 r. w sprawie wykładni art. 19 ust. 7 pkt 3 i art. 20 ust. 6 ustawy z dnia 26 stycznia 1984 r. o zasadach tworzenia zakładowych systemów wynagradzania.,1990-05-31,1990-06-21,2014-12-31T12:25:38,1c92344b6a0e043c68faff0bf60b42d608c9595e14ea221f386df3e1b3741a0e,1,560,1,0,1,0,ok,,eli2md 0.6.31,2026-10-05T00:26:13Z
DU/1990/230,1990,230,Rozporządzenie,"Rozporządzenie Rady Ministrów z dnia 5 czerwca 1990 r. w sprawie zasad i trybu przejęcia przez wojewodów list kandydatów zarejestrowanych w związkach spółdzielni mieszkaniowych, a także obsługi i kierowania kandydatów do spółdzielni mieszkaniowych.",1990-06-05,1990-06-28,2014-12-31T12:25:38,6b81a6f0bda0b29f21ef4e012f769cf1b85095348dbea851d8c485ee8dfc6719,1,309,1,0,1,0,ok,,eli2md 0.6.31,2026-10-05T00:26:13Z
DU/1990/231,1990,231,Rozporządzenie,Rozporządzenie Ministra Finansów z dnia 18 czerwca 1990 r. zmieniające rozporządzenie w sprawie prowadzenia ksiąg handlowych przez niektóre grupy podatników.,1990-06-18,1990-06-28,2014-12-31T12:25:38,abfcd52d110a7f4b611a7f7fcd0bd05578042be359bcee624a7a6217d8639b06,1,244,1,0,1,0,ok,,eli2md 0.6.31,2026-10-05T00:26:13Z
DU/1990/232,1990,232,Rozporządzenie,Rozporządzenie Ministra Finansów z dnia 21 czerwca 1990 r. w sprawie zmiany rozporządzenia zmieniającego rozporządzenie w sprawie opodatkowania przychodów osób duchownych.,1990-06-21,1990-06-28,2014-12-31T12:25:38,cf9dfa4b87cdfd36eac87a5d9877e5d49b05f4b12690706272f1bc89ee2dc8b6,1,245,1,0,1,0,ok,,eli2md 0.6.31,2026-10-05T00:26:13Z
DU/1990/233,1990,233,Rozporządzenie,Rozporządzenie Ministra Finansów z dnia 21 czerwca 1990 r. zmieniające rozporządzenie w sprawie karty podatkowej.,1990-06-21,1990-06-28,2014-12-31T12:25:38,2b72e79ebf65007b9dc9f5bca13ff298be4b5a29dc6b73683a201b512a761cdf,10,3754,10,0,10,0,ok,,eli2md 0.6.31,2026-10-05T00:26:13Z
DU/1990/234,1990,234,Rozporządzenie,Rozporządzenie Ministra Rolnictwa i Gospodarki Żywnościowej z dnia 25 maja 1990 r. zmieniające rozporządzenie w sprawie zaliczenia niektórych cieków wodnych do urządzeń melioracji wodnych podstawowych.,1990-05-25,1990-06-28,2014-12-31T12:25:38,a8ab4b8606b0c693b920f0bc5e7de5aa3a1dad31e27279d8078d314285a138df,1,261,1,0,1,0,ok,,eli2md 0.6.31,2026-10-05T00:26:13Z
DU/1990/235,1990,235,Rozporządzenie,Rozporządzenie Ministra Rolnictwa i Gospodarki Żywnościowej z dnia 31 maja 1990 r. zmieniające rozporządzenie w sprawie kwarantanny roślin.,1990-05-31,1990-06-28,2014-12-31T12:25:38,dff4a8373be3909a5e87f36fb5bb3b86ae20412d9032b0a3335a80477129ee7e,3,883,3,0,3,0,ok,,eli2md 0.6.31,2026-10-05T00:26:13Z
DU/1990/236,1990,236,Rozporządzenie,Rozporządzenie Ministra Spraw Wewnętrznych z dnia 4 czerwca 1990 r. zmieniające rozporządzenie w sprawie ustalenia siedzib i terytorialnego zasięgu działania komend rejonowych straży pożarnych.,1990-06-04,1990-06-28,2014-12-31T12:25:38,927b75bc3464ef35f87c3b311d2b31fff5ee6d037492c8dd91a23f4e54c66b1d,1,179,1,0,1,0,ok,,eli2md 0.6.31,2026-10-05T00:26:13Z
DU/1990/237,1990,237,Rozporządzenie,Rozporządzenie Ministra Zdrowia i Opieki Społecznej z dnia 28 maja 1990 r. w sprawie odpłatności za leki i artykuły sanitarne wydawane ubezpieczonym z aptek otwartych.,1990-05-28,1990-06-28,2014-12-31T12:25:38,d7dce2e42d099ea7c4369b7aaf856d90a10f702bd545fc1c17f46da69ef53e78,1,286,1,0,1,0,ok,,eli2md 0.6.31,2026-10-05T00:26:13Z
DU/1990/238,1990,238,Rozporządzenie,"Rozporządzenie Rady Ministrów z dnia 12 czerwca 1990 r. zmieniające rozporządzenie w sprawie wysokości i podstawy wymiaru składek na ubezpieczenie społeczne, zgłaszania do ubezpieczenia społecznego oraz rozliczania składek i świadczeń z ubezpieczenia społecznego.",1990-06-12,1990-06-29,2014-12-31T12:25:38,2aadde99092b6de00ab44a43cb94df0476a0091dbc46948fc46357fcdbea7cd4,1,238,1,0,1,0,ok,,eli2md 0.6.31,2026-10-05T00:26:13Z
DU/1990/239,1990,239,Rozporządzenie,"Rozporządzenie Rady Ministrów z dnia 12 czerwca 1990 r. zmieniające rozporządzenie w sprawie płatnych urlopów dodatkowych dla pracowników zatrudnionych w niektórych zakładach pracy przemysłu metalurgicznego, koksowniczego i materiałów ogniotrwałych.",1990-06-12,1990-06-29,2014-12-31T12:25:38,d98b958a7727d32a224ee214592eb8edae0d9d3111d2d9a0b695a7d6ff906404,2,149,2,0,2,0,ok,,eli2md 0.6.31,2026-10-05T00:26:13Z
DU/1990/240,1990,240,Rozporządzenie,Rozporządzenie Rady Ministrów z dnia 18 czerwca 1990 r. w sprawie zawieszenia w 1990 r. pobierania ceł od niektórych towarów.,1990-06-18,1990-06-29,2014-12-31T12:25:38,36c96321847f9065a0a0fe9a2beb032c2e240dd6359736761fd3da99ad22f69a,46,23882,46,0,46,0,ok,,eli2md 0.6.31,2026-10-05T00:26:59Z
DU/1990/241,1990,241,Rozporządzenie,Rozporządzenie Rady Ministrów z dnia 25 czerwca 1990 r. w sprawie określenia wysokości odsetek ustawowych.,1990-06-25,1990-06-29,2014-12-31T12:25:38,2e41b31ab6d1d27a4653bf75bd079d6f0773b7b76aa7d8e522a7fb52a42cdf5e,1,118,1,0,1,0,ok,,eli2md 0.6.31,2026-10-05T00:26:59Z
DU/1990/242,1990,242,Rozporządzenie,Rozporządzenie Rady Ministrów z dnia 28 czerwca 1990 r. w sprawie ustalenia wysokości współczynników korygujących wskaźniki wzrostu cen.,1990-06-28,1990-06-29,2021-11-10T14:50:42,f4ed43b08a02d21dac9d13c553f1a6cedc6f76694cdae658fab9142130830d26,1,208,1,0,1,0,ok,,eli2md 0.6.31,2026-10-05T00:26:59Z
DU/1990/243,1990,243,Rozporządzenie,Rozporządzenie Rady Ministrów z dnia 25 czerwca 1990 r. zmieniające rozporządzenie w sprawie opłat za szczególne korzystanie z wód i urządzeń wodnych.,1990-06-25,1990-06-30,2014-12-31T12:25:38,bfc8064b15280d07302df946a04243759c7b4502eec1eefb514f95ca9eab8bde,2,737,2,0,2,0,ok,,eli2md 0.6.31,2026-10-05T00:26:59Z
DU/1990/244,1990,244,Rozporządzenie,"Rozporządzenie Rady Ministrów z dnia 25 czerwca 1990 r. w sprawie kar pieniężnych za naruszenie warunków, jakim powinny odpowiadać ścieki wprowadzane do wód lub do ziemi.",1990-06-25,1990-06-30,2014-12-31T12:25:38,1027bf7fe1ff7825ac0f90c7d3c2b3257f762b29689a9e62f6636c1f620273a8,4,1257,4,0,4,0,ok,,eli2md 0.6.31,2026-10-05T00:26:59Z
DU/1990/245,1990,245,Rozporządzenie,Rozporządzenie Rady Ministrów z dnia 25 czerwca 1990 r. w sprawie opłat za gospodarcze korzystanie ze środowiska i wprowadzanie w nim zmian.,1990-06-25,1990-06-30,2014-12-31T12:25:38,e926700533874394f55afdac0d93f3162e043d8af99f1f4a48b4d7d6f0250244,5,2148,5,0,5,0,ok,,eli2md 0.6.31,2026-10-05T00:26:59Z
DU/1990/246,1990,246,Rozporządzenie,"Rozporządzenie Rady Ministrów z dnia 25 czerwca 1990 r. zmieniające rozporządzenie w sprawie wysokości, zasad i trybu nakładania oraz ściągania kar pieniężnych za nieprzestrzeganie wymagań ochrony środowiska.",1990-06-25,1990-06-30,2014-12-31T12:25:38,6bba0bdecef91ecdf3d03462b30ae03c09ec141bf29b5304d6fca3165503fff2,2,844,2,0,2,0,ok,,eli2md 0.6.31,2026-10-05T00:26:59Z
DU/1990/247,1990,247,Rozporządzenie,Rozporządzenie Rady Ministrów z dnia 27 czerwca 1990 r. zmieniające rozporządzenie w sprawie ceł na towary przywożone z zagranicy.,1990-06-27,1990-06-30,2014-12-31T12:25:38,89a1731729385526c3d03b776dd709a070ab00413f9d0760921c8402f1ffb6fc,1,125,1,0,1,0,ok,,eli2md 0.6.31,2026-10-05T00:26:59Z
DU/1990/248,1990,248,Rozporządzenie,"Rozporządzenie Rady Ministrów z dnia 28 czerwca 1990 r. zmieniające rozporządzenie w sprawie uznawania składników majątkowych za środki trwałe oraz wartości niematerialne i prawne, zasad i stawek ich amortyzacji oraz zasad aktualizacji wyceny środków trwałych.",1990-06-28,1990-06-30,2014-12-31T12:25:38,a602d616f885482b43d2348a7a0067737a9202aee312b0bf3a87168502d4a5c8,1,167,1,0,1,0,ok,,eli2md 0.6.31,2026-10-05T00:26:59Z
DU/1990/249,1990,249,Rozporządzenie,Rozporządzenie Ministra - Szefa Urzędu Rady Ministrów z dnia 27 czerwca 1990 r. zmieniające rozporządzenie w sprawie zasad finansowania działalności komisji do spraw przeciwdziałania alkoholizmowi.,1990-06-27,1990-06-30,2014-12-31T12:25:38,493645cc01bc27cd184c1acedbd480ee90bdaa8a6afae0ab4c2b9b6f264c3b16,1,276,1,0,1,0,ok,,eli2md 0.6.31,2026-10-05T00:26:59Z
DU/1990/254,1990,254,Rozporządzenie,Rozporządzenie Ministra Finansów z dnia 28 czerwca 1990 r. w sprawie zasad ustalania i wypłacania dotacji przedmiotowych.,1990-06-28,1990-07-03,2014-12-31T12:25:38,7b9ffbc3e421f85299c66d0b285a2b560f7594e96a82c1eb3401979a8890ea08,3,956,3,0,3,0,ok,,eli2md 0.6.31,2026-10-05T00:26:59Z
DU/1990/260,1990,260,Rozporządzenie,Rozporządzenie Rady Ministrów z dnia 25 czerwca 1990 r. w sprawie zasad organizowania przetargu na zbycie środków trwałych przez przedsiębiorstwa państwowe oraz warunków odstąpienia od przetargu.,1990-06-25,1990-07-12,2014-12-31T12:25:38,229fb2c0694b2478d4c559a2eb9becee9bb8ecd7d45f2286d2b57d5658e6d352,3,1215,3,0,3,0,ok,,eli2md 0.6.31,2026-10-05T00:26:59Z
DU/1990/261,1990,261,Rozporządzenie,Rozporządzenie Rady Ministrów z dnia 2 lipca 1990 r. w sprawie wypłaty zaliczek na poczet waloryzacji emerytur i rent.,1990-07-02,1990-07-12,2014-12-31T12:25:38,94a4928bea14ce17d5eadc84f8ee711c50c0a7a9811315037fb4d16639176c34,2,819,2,0,2,0,ok,,eli2md 0.6.31,2026-10-05T00:26:59Z
DU/1990/262,1990,262,Rozporządzenie,Rozporządzenie Rady Ministrów z dnia 11 lipca 1990 r. w sprawie ustanowienia czasowego ograniczenia przywozu niektórych towarów.,1990-07-11,1990-07-12,2014-12-31T12:25:38,fea5abfa9b08509f301d7a0860f61cfc54b940e3e4df32884fd273380d705a51,2,337,2,0,2,0,ok,,eli2md 0.6.31,2026-10-05T00:26:59Z
DU/1990/263,1990,263,Rozporządzenie,Rozporządzenie Ministra Finansów z dnia 7 lipca 1990 r. zmieniające rozporządzenie w sprawie taryfy składek za ubezpieczenia ustawowe komunikacyjne.,1990-07-07,1990-07-12,2014-12-31T12:25:38,6df782ec350707132481579da1f759fedf6e0c91d35acaf9b41429c737895f06,2,418,2,0,2,0,ok,,eli2md 0.6.31,2026-10-05T00:26:59Z
DU/1990/264,1990,264,Rozporządzenie,Rozporządzenie Ministrów Sprawiedliwości i Obrony Narodowej z dnia 18 czerwca 1990 r. w sprawie obliczania wydatków w postępowaniu karnym.,1990-06-18,1990-07-12,2014-12-31T12:25:38,1ba71dec1f953c130f3ea91c1107995b239bcdfb883951c9a178ffd79eb0cc8a,2,681,2,0,2,0,ok,,eli2md 0.6.31,2026-10-05T00:26:59Z
DU/1990/265,1990,265,Rozporządzenie,Rozporządzenie Ministra - Szefa Urzędu Rady Ministrów z dnia 4 lipca 1990 r. w sprawie nadania osobowości prawnej Kościelnej Radzie Gospodarczej z siedzibą w Warszawie.,1990-07-04,1990-07-12,2021-08-18T09:57:04,05ad1ad537e561575300e2db4ac300d558ad258573925b61b6db40a4f1ba5465,1,168,1,0,1,0,ok,,eli2md 0.6.31,2026-10-05T00:26:59Z
DU/1990/266,1990,266,Rozporządzenie,Rozporządzenie Ministra Współpracy Gospodarczej z Zagranicą z dnia 29 czerwca 1990 r. zmieniające rozporządzenie w sprawie ustanowienia norm ilościowych lub wartościowych towarów wolnych od cła i od pozwolenia na przywóz oraz wprowadzenia stawki celnej ryczałtowej.,1990-06-29,1990-07-12,2014-12-31T12:25:38,6414ef7a7e19f4a5b138159af955a16d28639aab69b99bc8ebf6a8d43b3cdf28,2,423,2,0,2,0,ok,,eli2md 0.6.31,2026-10-05T00:26:59Z
DU/1990/267,1990,267,Umowa międzynarodowa,Umowa między Polską Rzecząpospolitą Ludową a Królestwem Belgii o informacji prawnej podpisana w Brukseli dnia 17 grudnia 1986 r.,1987-10-24,1990-07-18,2014-12-31T12:25:38,58ff24d813e4dc738020db26fc45e5848d2f8f4918e99aac0faf8ad32fa3ef0e,2,775,2,0,2,0,ok,,eli2md 0.6.31,2026-10-05T00:26:59Z
DU/1990/268,1990,268,Oświadczenie rządowe,"Oświadczenie rządowe z dnia 27 czerwca 1990 r. w sprawie wymiany dokumentów ratyfikacyjnych Umowy między Polską Rzecząpospolitą Ludową a Królestwem Belgii o informacji prawnej, podpisanej w Brukseli dnia 17 grudnia 1986 r.",1990-06-27,1990-07-18,2019-03-26T10:36:58,238433e90a61a65723cdcbf262fc3fe405852a0c9f625d9d1109758cc21dc8f6,1,91,1,0,1,0,ok,,eli2md 0.6.31,2026-10-05T00:26:59Z
DU/1990/269,1990,269,Rozporządzenie,Rozporządzenie Rady Ministrów z dnia 2 lipca 1990 r. w sprawie szczególnego trybu likwidacji Wspólnoty Węgla Kamiennego oraz Wspólnoty Energetyki i Węgla Brunatnego.,1990-07-02,1990-07-18,2014-12-31T12:25:38,96565e015bc8e464c5a0333b487fe424a0fda1b212d4edb5e233bf3fc21edcd7,1,375,1,0,1,0,ok,,eli2md 0.6.31,2026-10-05T00:26:59Z
DU/1990/270,1990,270,Rozporządzenie,Rozporządzenie Rady Ministrów z dnia 2 lipca 1990 r. w sprawie powierzenia wykonywania niektórych zadań oraz uprawnień Wspólnoty Węgla Kamiennego oraz Wspólnoty Energetyki i Węgla Brunatnego organom administracji państwowej.,1990-07-02,1990-07-18,2014-12-31T12:25:38,371138d2dcccc9540805255f80cc60491c34ae79f1b89586138be8de7dbc5ed4,2,713,2,0,2,0,ok,,eli2md 0.6.31,2026-10-05T00:26:59Z
DU/1990/271,1990,271,Rozporządzenie,"Rozporządzenie Rady Ministrów z dnia 11 lipca 1990 r. w sprawie warunków jakim powinno odpowiadać zgłoszenie zamiaru łączenia, przekształcenia lub utworzenia podmiotów gospodarczych.",1990-07-11,1990-07-18,2014-12-31T12:25:38,109e12a378ad4e1b833cf386d9e7473f13e4f55c786272325ba7a0f6d87b33d8,172,531,2,0,2,0,ok,,eli2md 0.6.31,2026-10-05T00:29:33Z
DU/1990/272,1990,272,Rozporządzenie,Rozporządzenie Rady Ministrów z dnia 11 lipca 1990 r. zmieniające rozporządzenie w sprawie upoważnienia organów administracji państwowej do określenia zasad opracowywania norm kosztorysowych i ich wydawania oraz ustalania niektórych cen urzędowych.,1990-07-11,1990-07-18,2014-12-31T12:25:38,0a0aa21664d7f930ac33b41643af2120cced4dcca72ecc20689eae2a5f6e3232,1,160,1,0,1,0,ok,,eli2md 0.6.31,2026-10-05T00:29:33Z
DU/1990/273,1990,273,Rozporządzenie,Rozporządzenie Ministra Sprawiedliwości z dnia 6 czerwca 1990 r. zmieniające rozporządzenie w sprawie opłat za dokonanie czynności notarialnych.,1990-06-06,1990-07-18,2014-12-31T12:25:38,9ff7a29446715b96b093947f778f6fdc18cae285456bf3b0e1c9bc1a328bad05,1,317,1,0,1,0,ok,,eli2md 0.6.31,2026-10-05T00:29:33Z
DU/1990/274,1990,274,Rozporządzenie,Rozporządzenie Ministra Sprawiedliwości z dnia 2 lipca 1990 r. zmieniające rozporządzenie w sprawie określenia państwowych biur notarialnych i oddziałów tych biur prowadzących księgi wieczyste oraz ustalenia obszarów ich właściwości miejscowej.,1990-07-02,1990-07-18,2014-12-31T12:25:38,c0bb48f83758a0ad5caac9867efa48ff1b20de2620e577beae3c16a854f14855,2,700,2,0,2,0,ok,,eli2md 0.6.31,2026-10-05T00:29:33Z
DU/1990/275,1990,275,Rozporządzenie,Rozporządzenie Ministra Sprawiedliwości z dnia 9 lipca 1990 r. w sprawie rejestru dzienników i czasopism.,1990-07-09,1990-07-18,2014-12-31T12:25:38,003df7568ae7d1b66afc9394adbeebc4947b6a089ad7600e569d0fbafe314795,2,418,2,0,2,0,ok,,eli2md 0.6.31,2026-10-05T00:29:33Z
DU/1990/276,1990,276,Rozporządzenie,Rozporządzenie Ministra Zdrowia i Opieki Społecznej z dnia 2 lipca 1990 r. zmieniające rozporządzenie w sprawie badań stanu zdrowia osób ubiegających się o prawo jazdy i kierowców.,1990-07-02,1990-07-18,2014-12-31T12:25:38,2edb380203a577ddbe539e6945638ef7b8774ee1b8f2deace3c9d3fac22c002f,1,171,1,0,1,0,ok,,eli2md 0.6.31,2026-10-05T00:29:33Z
DU/1990/277,1990,277,Rozporządzenie,"Rozporządzenie Rady Ministrów z dnia 9 lipca 1990 r. zmieniające rozporządzenie w sprawie zakresu, zasad i trybu udzielania kredytobiorcom pomocy ze środków budżetowych w 1990 r. w spłacie części należnego bankom oprocentowania od kredytów udzielonych po dniu 31 grudnia 1989 r.",1990-07-09,1990-07-25,2014-12-31T12:25:38,d41d1c9c7a0150a4938a1e154fa7313444764da2706ee5484d21b875fbe8dce9,2,609,2,0,2,0,ok,,eli2md 0.6.31,2026-10-05T00:29:33Z
DU/1990/278,1990,278,Rozporządzenie,Rozporządzenie Rady Ministrów z dnia 9 lipca 1990 r. w sprawie trybu i warunków przyjmowania kandydatów do służby w Urzędzie Ochrony Państwa.,1990-07-09,1990-07-25,2014-12-31T12:25:38,9cbe7a8f674efa6f772b7841430e6f9c071248182206f234def80b086a029e23,1,325,1,0,1,0,ok,,eli2md 0.6.31,2026-10-05T00:29:33Z
DU/1990/279,1990,279,Rozporządzenie,Rozporządzenie Rady Ministrów z dnia 9 lipca 1990 r. w sprawie powołania Politycznego Komitetu Doradczego przy Ministrze Spraw Wewnętrznych oraz nadania mu statutu.,1990-07-09,1990-07-25,2014-12-31T12:25:38,67fb9ba996500d75bc4216e523bfee3ab45be05d5461f90d2173731746dc204c,1,585,1,0,1,0,ok,,eli2md 0.6.31,2026-10-05T00:29:33Z
DU/1990/280,1990,280,Rozporządzenie,Rozporządzenie Rady Ministrów z dnia 24 lipca 1990 r. w sprawie ustanowienia w 1990 r. czasowego ograniczenia przywozu niektórych towarów.,1990-07-24,1990-07-25,2014-12-31T12:25:38,1ad1e254ecb1f7f7bb283bae0f2a0f0bed87147829cab8e90cc082f43b356f6e,1,214,1,0,1,0,ok,,eli2md 0.6.31,2026-10-05T00:29:33Z
DU/1990/281,1990,281,Rozporządzenie,Rozporządzenie Ministra Finansów z dnia 4 lipca 1990 r. w sprawie opłat za czynności egzekucyjne oraz sposobu przeprowadzania publicznej licytacji i trybu postępowania przy przechowywaniu i egzekucyjnej sprzedaży niektórych rodzajów ruchomości.,1990-07-04,1990-07-25,2014-12-31T12:25:38,b84de7d155014e58591af2d6a5c88804ad921ab44e3253b3a977c2cb241b6960,5,3463,5,0,5,0,ok,,eli2md 0.6.31,2026-10-05T00:29:33Z
DU/1990/282,1990,282,Rozporządzenie,Rozporządzenie Ministra Współpracy Gospodarczej z Zagranicą z dnia 17 lipca 1990 r. w sprawie ustanowienia kontyngentów na przywóz niektórych napojów alkoholowych.,1990-07-17,1990-07-25,2014-12-31T12:25:38,daa385d4aed69b98cf31f6656523105a232801e56c23a0a2788e01ac6e5170cb,1,262,1,0,1,0,ok,,eli2md 0.6.31,2026-10-05T00:29:33Z
DU/1990/283,1990,283,Rozporządzenie,Rozporządzenie Rady Ministrów z dnia 9 lipca 1990 r. w sprawie wynagradzania pracowników samorządowych w 1990 r.,1990-07-09,1990-07-26,2014-12-31T12:25:38,59d7ed25db4e9c68e2b4156e87d372cd2f21f7905f3764dd8eda3dbc96633c47,7,2240,7,0,7,0,ok,,eli2md 0.6.31,2026-10-05T00:29:33Z
DU/1990/284,1990,284,Rozporządzenie,Rozporządzenie Ministra Sprawiedliwości z dnia 4 lipca 1990 r. w sprawie wysokości należności świadków i stron w postępowaniu sądowym.,1990-07-04,1990-07-26,2016-03-25T08:59:37,9b9a056b9fb375eded4baabf74d0218917b0c8cd3985567abf9413e7f88a27a5,1,174,1,0,1,0,ok,,eli2md 0.6.31,2026-10-05T00:29:33Z
DU/1990/285,1990,285,Rozporządzenie,Rozporządzenie Ministra Spraw Wewnętrznych z dnia 11 lipca 1990 r. w sprawie określenia stopni policyjnych odpowiadających stopniom wojskowym.,1990-07-11,1990-07-26,2014-12-31T12:25:38,cfd69d3be88620b3280c25689cbe2018d27444a0335c3be9b2f011340a7a42c5,1,159,1,0,1,0,ok,,eli2md 0.6.31,2026-10-05T00:29:33Z
DU/1990/286,1990,286,Rozporządzenie,Rozporządzenie Ministra Transportu i Gospodarki Morskiej z dnia 4 lipca 1990 r. zmieniające rozporządzenie w sprawie rejestru administracyjnego polskich statków żeglugi śródlądowej.,1990-07-04,1990-07-26,2014-12-31T12:25:38,5c1b6758fea2ba37e40503922c18128fac723d333fde2dde5bcf43821ebb8bc6,1,340,1,0,1,0,ok,,eli2md 0.6.31,2026-10-05T00:29:33Z
DU/1990/287,1990,287,Rozporządzenie,Rozporządzenie Rady Ministrów z dnia 16 lipca 1990 r. w sprawie szczegółowego zakresu działania Ministra Spraw Wewnętrznych.,1990-07-16,1990-07-27,2023-11-29T12:54:17,37ce050b79ae92847f3cd2a697c64e4e2458f571335d3f664e1b908927152a45,3,1044,3,0,3,0,ok,,eli2md 0.6.31,2026-10-05T00:29:33Z
DU/1990/288,1990,288,Rozporządzenie,Rozporządzenie Rady Ministrów z dnia 16 lipca 1990 r. w sprawie nadania statutu organizacyjnego Ministerstwu Spraw Wewnętrznych.,1990-07-16,1990-07-27,2014-12-31T12:25:38,d6ed8c4beb157b66c2bf0cd0020425b301c7d7eb3e0b4c3d19627e10e997ed33,2,778,2,0,2,0,ok,,eli2md 0.6.31,2026-10-05T00:29:33Z
DU/1990/289,1990,289,Rozporządzenie,Rozporządzenie Ministra Łączności z dnia 17 lipca 1990 r. zmieniające rozporządzenie w sprawie ordynacji telekomunikacyjnej.,1990-07-17,1990-07-27,2014-12-31T12:25:38,e90b7d6f8627b3cf7ef04e0e6314971bb979fed5fefbcb293d936364c395e71e,1,447,1,0,1,0,ok,,eli2md 0.6.31,2026-10-05T00:29:33Z
DU/1990/290,1990,290,Rozporządzenie,Rozporządzenie Ministra Pracy i Polityki Socjalnej z dnia 13 lipca 1990 r. w sprawie szczegółowych zasad ustalania wskaźnika indywidualnego wymiaru świadczenia emerytalno-rentowego.,1990-07-13,1990-07-27,2014-12-31T12:25:38,6acd4a65d7ffc46ac5354026e156f460c05cad89d95016d403b2c161df542708,1,447,1,0,1,0,ok,,eli2md 0.6.31,2026-10-05T00:29:33Z
DU/1990/291,1990,291,Rozporządzenie,"Rozporządzenie Ministra Rolnictwa i Gospodarki Żywnościowej z dnia 9 lipca 1990 r. w sprawie celów, zasad i trybu udzielania oraz wysokości stawek dotacji dla rolnictwa w 1990 r.",1990-07-09,1990-07-27,2014-12-31T12:25:38,c3adeba29843b29152c6338fa95ad0ab35a1724ab1494dfe9bb1ce74d85133ea,12,6965,12,0,12,0,ok,,eli2md 0.6.31,2026-10-05T00:29:33Z
DU/1990/292,1990,292,Rozporządzenie,Rozporządzenie Ministra Sprawiedliwości z dnia 25 lipca 1990 r. zmieniające rozporządzenie o aplikantach sądowych i notarialnych.,1990-07-25,1990-07-27,2014-12-31T12:25:38,91b7267cc49fda8a1399ef9ef31c5772965bd6913d49bee9ee73f7d3f43098f7,1,138,1,0,1,0,ok,,eli2md 0.6.31,2026-10-05T00:29:33Z
DU/1990/293,1990,293,Rozporządzenie,Rozporządzenie Rady Ministrów z dnia 18 lipca 1990 r. w sprawie szczegółowych zasad poboru trzeciej i czwartej raty składki na ubezpieczenie społeczne rolników indywidualnych i członków ich rodzin w 1990 r.,1990-07-18,1990-07-30,2014-12-31T12:25:38,1c6490e3457e8e8a55da53ef3c75b70383eb1e429fd330deba9fae43e5e19b33,1,393,1,0,1,0,ok,,eli2md 0.6.31,2026-10-05T00:29:33Z
DU/1990/294,1990,294,Rozporządzenie,Rozporządzenie Rady Ministrów z dnia 18 lipca 1990 r. zmieniające rozporządzenie w sprawie czasu pracy i płatnych urlopów dodatkowych dla pracowników zaliczonych do I lub II grupy inwalidów.,1990-07-18,1990-07-30,2014-12-31T12:25:38,7d900dfcaf00e8ce2492e19f2eac9366c97745658fde90d172cfe227e4038ec8,1,146,1,0,1,0,ok,,eli2md 0.6.31,2026-10-05T00:29:33Z
DU/1990/295,1990,295,Rozporządzenie,Rozporządzenie Ministra Finansów z dnia 20 lipca 1990 r. zmieniające rozporządzenie w sprawie wykonania niektórych przepisów ustawy o zobowiązaniach podatkowych.,1990-07-20,1990-07-30,2014-12-31T12:25:38,595daa744b5d749550c5f64bc703724b4cbd35b76c996e422ce1c16349473110,1,480,1,0,1,0,ok,,eli2md 0.6.31,2026-10-05T00:29:33Z
DU/1990/296,1990,296,Rozporządzenie,Rozporządzenie Ministra Sprawiedliwości z dnia 13 lipca 1990 r. w sprawie ustalenia zakresów właściwości miejscowej istniejących kolegiów do spraw wykroczeń oraz powołania kolegiów do spraw wykroczeń przy Sądzie Rejonowym w Muszynie i przy Sądzie Rejonowym w Ostrzeszowie.,1990-07-13,1990-07-30,2014-12-31T12:25:38,04f323e8329f70129def0b21579693b4a924f118ae0d3c39f93824cab6c8128d,6,3828,6,0,6,0,ok,,eli2md 0.6.31,2026-10-05T00:29:33Z
DU/1990/301,1990,301,Rozporządzenie,"Rozporządzenie Rady Ministrów z dnia 9 lipca 1990 r. w sprawie ustalenia wykazu przedsiębiorstw państwowych i jednostek organizacyjnych, których mienie nie podlega komunalizacji.",1990-07-09,1990-08-01,2014-12-31T12:25:38,9b05b75aa46648dcb9b02f4709b2b796fc3bf74d5c8397c4c2c02df76c0d592e,2,771,2,0,2,0,ok,,eli2md 0.6.31,2026-10-05T00:29:33Z
DU/1990/302,1990,302,Rozporządzenie,Rozporządzenie Rady Ministrów z dnia 23 lipca 1990 r. w sprawie ustanowienia czasowego ograniczenia wywozu niektórych towarów.,1990-07-23,1990-08-01,2014-12-31T12:25:38,aa37e6214456bfe1097a04defb7c15d7c64395f390079a407a8cbf93df3878e5,1,140,1,0,1,0,ok,,eli2md 0.6.31,2026-10-05T00:29:33Z
DU/1990/303,1990,303,Rozporządzenie,Rozporządzenie Rady Ministrów z dnia 24 lipca 1990 r. w sprawie zasad i trybu udzielania stowarzyszeniom dotacji celowych na finansowanie zadań zleconych przez państwo oraz na częściowe finansowanie działalności statutowej.,1990-07-24,1990-08-01,2014-12-31T12:25:38,96bdd800ad48db197c81e1a65c6a78e8060a567942cdae4f4b1d82a54b349859,2,602,2,0,2,0,ok,,eli2md 0.6.31,2026-10-05T00:29:33Z
DU/1990/304,1990,304,Rozporządzenie,Rozporządzenie Rady Ministrów z dnia 30 lipca 1990 r. zmieniające rozporządzenie w sprawie czynszów najmu za lokale mieszkalne i użytkowe.,1990-07-30,1990-08-01,2014-12-31T12:25:38,1f335875c5e49ae96d13ee64d8e71af90ce3ae349b8dc8b72cacb9f8c5bb38ec,1,453,1,0,1,0,ok,,eli2md 0.6.31,2026-10-05T00:29:33Z
DU/1990/305,1990,305,Rozporządzenie,Rozporządzenie Rady Ministrów z dnia 25 lipca 1990 r. w sprawie zawieszenia w 1990 r. pobierania ceł od niektórych towarów.,1990-07-25,1990-08-09,2014-12-31T12:25:38,061946e02cc3ecf5d886718e40580807e4c5c6aac49d6cd97233b6dd0540c5ee,48,19890,48,0,48,0,ok,,eli2md 0.6.31,2026-10-05T00:29:33Z
DU/1990/308,1990,308,Rozporządzenie,Rozporządzenie Ministra Edukacji Narodowej z dnia 6 lipca 1990 r. zmieniające rozporządzenie w sprawie wynagradzania nauczycieli akademickich.,1990-07-06,1990-08-10,2014-12-31T12:25:38,507c776fbd78dd0ca9a975dfc906b4f2180478aacbf94fba1701b7c1cc2aeda5,2,407,2,0,2,0,ok,,eli2md 0.6.31,2026-10-05T00:29:33Z
DU/1990/309,1990,309,Rozporządzenie,Rozporządzenie Ministra Finansów z dnia 27 lipca 1990 r. zmieniające rozporządzenie w sprawie taryf składek za ubezpieczenie ustawowe komunikacyjne w ruchu zagranicznym pojazdów mechanicznych zaopatrzonych w polskie tablice rejestracyjne zwyczajne.,1990-07-27,1990-08-10,2014-12-31T12:25:38,ee0be77141ba3c02d2396239471c09e7f551c54e8722807cb94aa62c3188078b,1,523,1,0,1,0,ok,,eli2md 0.6.31,2026-10-05T00:29:33Z
DU/1990/313,1990,313,Rozporządzenie,"Rozporządzenie Rady Ministrów z dnia 31 lipca 1990 r. w sprawie określenia stanowisk w jednostkach organizacyjnych podległych Ministrowi Spraw Wewnętrznych, na których zatrudniani pracownicy są urzędnikami państwowymi.",1990-07-31,1990-08-17,2014-12-31T12:25:38,9eadd3b7b98ec44ad1af72cac01edabdd1677fe136df3941c7cb872ec84f73fc,2,443,2,0,2,0,ok,,eli2md 0.6.31,2026-10-05T00:29:33Z
DU/1990/314,1990,314,Rozporządzenie,Rozporządzenie Rady Ministrów z dnia 31 lipca 1990 r. w sprawie zasad i trybu udzielania w 1990 r. dotacji dla jednostek spółdzielczości mieszkaniowej.,1990-07-31,1990-08-17,2014-12-31T12:25:38,a1ef54e8631fe59132560b5a83bf9ec7a4079c0594bcc6840d51b569e9dc7124,2,571,2,0,2,0,ok,,eli2md 0.6.31,2026-10-05T00:29:33Z
DU/1990/315,1990,315,Rozporządzenie,Rozporządzenie Rady Ministrów z dnia 31 lipca 1990 r. zmieniające rozporządzenie w sprawie urlopów wychowawczych.,1990-07-31,1990-08-17,2014-12-31T12:25:38,9f3bc04cf272a3f6b9e0312b627c84e4b16725213b6e51bb7cde5bfed88e4d5b,2,760,2,0,2,0,ok,,eli2md 0.6.31,2026-10-05T00:29:33Z
DU/1990/316,1990,316,Rozporządzenie,Rozporządzenie Ministra - Szefa Urzędu Rady Ministrów z dnia 1 sierpnia 1990 r. w sprawie określenia siedzib i terytorialnego zasięgu działania urzędów rejonowych.,1990-08-01,1990-08-17,2014-12-31T12:25:38,b05640cc9937c43e220de43c6379746fd8d71937bb06b5364c5ae918b9a13a8c,10,6742,10,0,10,0,ok,,eli2md 0.6.31,2026-10-05T00:29:33Z
DU/1990/317,1990,317,Rozporządzenie,"Rozporządzenie Ministra Zdrowia i Opieki Społecznej z dnia 3 sierpnia 1990 r. zmieniające rozporządzenie w sprawie uposażenia pracowników zakładów społecznych służby zdrowia, zakładów pomocy społecznej i zakładów rehabilitacji zawodowej inwalidów.",1990-08-03,1990-08-17,2022-04-19T12:10:17,98d33ed54dacdd72e357c08fea184bd1bc7ab0c1a7333b84a25c70bee1f1c965,2,320,2,0,2,0,ok,,eli2md 0.6.31,2026-10-05T00:29:33Z
DU/1990/325,1990,325,Rozporządzenie,"Rozporządzenie Rady Ministrów z dnia 30 lipca 1990 r. w sprawie trybu legitymowania i zatrzymywania osób, dokonywania kontroli osobistej, przeglądania zawartości bagaży i sprawdzania ładunku w portach, dworcach oraz środkach transportu przez funkcjonariuszy Urzędu Ochrony Państwa.",1990-07-30,1990-08-23,2014-12-31T12:25:38,18ab389c90a675ba452359cd77c5a6f3bc6bc304a2142a50c7619fd258a55b57,2,883,2,0,2,0,ok,,eli2md 0.6.31,2026-10-05T00:29:33Z
DU/1990/326,1990,326,Rozporządzenie,"Rozporządzenie Rady Ministrów z dnia 30 lipca 1990 r. w sprawie określenia trybu korzystania przez funkcjonariuszy Urzędu Ochrony Państwa z niezbędnej pomocy instytucji państwowych, jednostek gospodarczych, organizacji społecznych i obywateli.",1990-07-30,1990-08-23,2014-12-31T12:25:38,34c4800a5a78f33c360df1638c3a9e9bee479c2c92111eed280f05f6f48bcb44,1,635,1,0,1,0,ok,,eli2md 0.6.31,2026-10-05T00:29:33Z
DU/1990/327,1990,327,Rozporządzenie,Rozporządzenie Rady Ministrów z dnia 30 lipca 1990 r. w sprawie warunków i sposobów postępowania przy użyciu broni palnej przez funkcjonariuszy Urzędu Ochrony Państwa.,1990-07-30,1990-08-23,2014-12-31T12:25:38,0cf4489481574694e3896508e0871c4f8c4bc7a81adac393655800dd7d5d132a,2,590,2,0,2,0,ok,,eli2md 0.6.31,2026-10-05T00:29:33Z
DU/1990/328,1990,328,Rozporządzenie,"Rozporządzenie Rady Ministrów z dnia 30 lipca 1990 r. w sprawie określenia wypadków, warunków i sposobów użycia środków przymusu bezpośredniego przez funkcjonariuszy Urzędu Ochrony Państwa.",1990-07-30,1990-08-23,2014-12-31T12:25:38,8fabf3e9ff9ed761ba04c3bc1b631f44844ec6dab6149fdde2f8860839bad535,2,962,2,0,2,0,ok,,eli2md 0.6.31,2026-10-05T00:29:33Z
DU/1990/329,1990,329,Rozporządzenie,"Rozporządzenie Ministra Edukacji Narodowej z dnia 26 lipca 1990 r. zmieniające rozporządzenie w sprawie szczegółowych kwalifikacji wymaganych od nauczycieli oraz określenia szkół i wypadków, w których można zatrudnić nauczycieli nie mających wyższego wykształcenia.",1990-07-26,1990-08-23,2014-12-31T12:25:38,18c215be73faada95b7ff3bdeb9ceeaa3a7319e41df4d2b413b44692bb7abd3d,1,418,1,0,1,0,ok,,eli2md 0.6.31,2026-10-05T00:29:33Z
DU/1990/330,1990,330,Rozporządzenie,Rozporządzenie Ministra Finansów z dnia 10 sierpnia 1990 r. zmieniające rozporządzenie w sprawie opłaty skarbowej.,1990-08-10,1990-08-23,2014-12-31T12:25:38,7aa2cf3903ef2ac3f821c31eefb214c75f33f21d51960d1c03b6d4a7b78fc2c6,2,530,2,0,2,0,ok,,eli2md 0.6.31,2026-10-05T00:29:33Z
DU/1990/331,1990,331,Rozporządzenie,Rozporządzenie Ministra Łączności z dnia 13 sierpnia 1990 r. zmieniające rozporządzenie w sprawie ordynacji pocztowej.,1990-08-13,1990-08-23,2014-12-31T12:25:38,e67b07bb3d772e967fb131e3e1317ba6940e16469137b9ec593a4ce422cf7fec,1,144,1,0,1,0,ok,,eli2md 0.6.31,2026-10-05T00:29:33Z
DU/1990/332,1990,332,Rozporządzenie,Rozporządzenie Ministra Pracy i Polityki Socjalnej z dnia 14 sierpnia 1990 r. zmieniające rozporządzenie w sprawie nauki zawodu i przyuczenia do wykonywania określonych prac przez młodocianych w rzemieślniczych zakładach pracy.,1990-08-14,1990-08-23,2014-12-31T12:25:38,53bb893fb6fdaf0c0603a76f82a9b78a10d61f8c1b727e742dfcc127ec9b5b7a,1,424,1,0,1,0,ok,,eli2md 0.6.31,2026-10-05T00:29:33Z
DU/1990/333,1990,333,Rozporządzenie,Rozporządzenie Ministra Rolnictwa i Gospodarki Żywnościowej z dnia 1 sierpnia 1990 r. w sprawie świadectw miejsca pochodzenia zwierząt.,1990-08-01,1990-08-23,2014-12-31T12:25:38,344fe0cffdde8abf296dcca67a6d1941381bd857b015c9ca368b8262e56e64df,2,488,2,0,2,0,ok,,eli2md 0.6.31,2026-10-05T00:29:33Z
DU/1990/334,1990,334,Rozporządzenie,Rozporządzenie Ministra Rolnictwa i Gospodarki Żywnościowej z dnia 14 sierpnia 1990 r. zmieniające rozporządzenie w sprawie niektórych opłat oraz bonifikat stosowanych w nasiennictwie.,1990-08-14,1990-08-23,2014-12-31T12:25:38,5c3d2060c53ce0904b0bec2e781832f844193f99c51b76c576c2471b447430fe,1,220,1,0,1,0,ok,,eli2md 0.6.31,2026-10-05T00:29:33Z
DU/1990/335,1990,335,Rozporządzenie,"Rozporządzenie Ministra Sprawiedliwości z dnia 13 sierpnia 1990 r. w sprawie utworzenia sądów apelacyjnych w Warszawie, Białymstoku, Gdańsku, Lublinie, Łodzi, Poznaniu i Rzeszowie oraz ustalenia ich siedzib i obszarów właściwości.",1990-08-13,1990-08-23,2014-12-31T12:25:38,a752004e4342f3b27f4e68e84f1efc11db28687fa1ea6e186cc25ee31ab01179,2,383,2,0,2,0,ok,,eli2md 0.6.31,2026-10-05T00:29:33Z
DU/1990/336,1990,336,Rozporządzenie,Rozporządzenie Rady Ministrów z dnia 9 lipca 1990 r. w sprawie powoływania komisji dyscyplinarnych orzekających za naruszenie obowiązków przez mianowanych pracowników samorządowych i postępowania przed tymi komisjami.,1990-07-09,1990-08-24,2014-12-31T12:25:38,8e9cee3dd854579a0102d32e2fb631321490ef1d986a9103e1ab4c88231ca174,5,2635,5,0,5,0,ok,,eli2md 0.6.31,2026-10-05T00:29:33Z
DU/1990/337,1990,337,Rozporządzenie,Rozporządzenie Rady Ministrów z dnia 2 sierpnia 1990 r. zmieniające rozporządzenie w sprawie zasad organizowania i finansowania praktycznej nauki zawodu oraz ponoszenia kosztów kształcenia przez zakłady pracy zatrudniające absolwentów szkół zawodowych.,1990-08-02,1990-08-24,2014-12-31T12:25:38,955be20801bd83f9c0373ec95c6faabd822c98015e7c30a16703a55367b45d9f,2,686,2,0,2,0,ok,,eli2md 0.6.31,2026-10-05T00:29:33Z
DU/1990/338,1990,338,Rozporządzenie,Rozporządzenie Rady Ministrów z dnia 6 sierpnia 1990 r. zmieniające rozporządzenie w sprawie czasu pracy w uspołecznionych zakładach pracy w latach 1989-1992 oraz rozporządzenie w sprawie stosowania równoważnych norm czasu pracy w komunikacji samochodowej i w transporcie samochodowym.,1990-08-06,1990-08-24,2014-12-31T12:25:38,ee575a3df3c60ea0df082249e1b9fcc1512f394902d9238741f63ffab9603e44,2,868,2,0,2,0,ok,,eli2md 0.6.31,2026-10-05T00:29:33Z
DU/1990/339,1990,339,Rozporządzenie,Rozporządzenie Rady Ministrów z dnia 13 sierpnia 1990 r. w sprawie czasowego zakazu obrotu towarowego z Irakiem oraz Kuwejtem.,1990-08-13,1990-08-24,2020-06-08T15:46:08,715708b0559e88474065ca3af01cdb724e647c8b38c174adda4094e1d4ac41ee,1,213,1,0,1,0,ok,,eli2md 0.6.31,2026-10-05T00:29:33Z
DU/1990/340,1990,340,Rozporządzenie,Rozporządzenie Ministra Finansów z dnia 22 sierpnia 1990 r. zmieniające rozporządzenie w sprawie podatku dochodowego od osób fizycznych.,1990-08-22,1990-08-24,2014-12-31T12:25:38,cee9ae34c613940ff1c22db949dedc0c068e258d9b829895f7af36b6a72aabd7,1,270,1,0,1,0,ok,,eli2md 0.6.31,2026-10-05T00:29:33Z
DU/1990/341,1990,341,Rozporządzenie,"Rozporządzenie Ministra Przemysłu z dnia 8 sierpnia 1990 r. w sprawie bezpieczeństwa i higieny pracy przy produkcji, magazynowaniu i transporcie wewnątrzzakładowym materiałów wybuchowych.",1990-08-08,1990-08-27,2014-12-31T12:25:38,51fbaafc24a77c9653fa8340873b41dd8ab86d4e45d03fd69028473f130f70a7,7,4349,7,0,7,0,ok,,eli2md 0.6.31,2026-10-05T00:29:33Z
DU/1990/342,1990,342,Rozporządzenie,Rozporządzenie Ministra Spraw Wewnętrznych z dnia 1 sierpnia 1990 r. w sprawie dystynkcji i znaków identyfikacyjnych policjantów.,1990-08-01,1990-08-27,2014-12-31T12:25:38,190bafcff09610f9c655eb915f02b33aa82b7219ccd4d797b0a1e964eaf67c07,6,1634,5,1,5,0,ok,,eli2md 0.6.31,2026-10-05T00:29:33Z
DU/1990/345,1990,345,Rozporządzenie,"Rozporządzenie Rady Ministrów z dnia 22 sierpnia 1990 r. zmieniające rozporządzenie w sprawie zakresu, zasad i trybu udzielania kredytobiorcom pomocy ze środków budżetowych w 1990 r. w spłacie części należnego bankom oprocentowania od kredytów udzielonych po dniu 31 grudnia 1989 r.",1990-08-22,1990-08-29,2014-12-31T12:25:38,ab31f44463dfee195bd6928b62d326f0c6a3cdad2011da1bd4604b85bdda894a,2,439,2,0,2,0,ok,,eli2md 0.6.31,2026-10-05T00:29:33Z
DU/1990/346,1990,346,Rozporządzenie,Rozporządzenie Rady Ministrów z dnia 25 sierpnia 1990 r. zmieniające rozporządzenie w sprawie przygotowania zawodowego młodocianych w uspołecznionych zakładach pracy i ich wynagradzania.,1990-08-25,1990-08-29,2014-12-31T12:25:38,ad033a41dbb5f3ee7672ee46a2ba17cf7d92345cef607a4a5df3cc0c2d166bf6,2,373,2,0,2,0,ok,,eli2md 0.6.31,2026-10-05T00:29:33Z
DU/1990/347,1990,347,Rozporządzenie,"Rozporządzenie Ministra Finansów z dnia 20 sierpnia 1990 r. zmieniające rozporządzenie w sprawie stawek podatku obrotowego od osób fizycznych i osób prawnych nie będących jednostkami gospodarki uspołecznionej oraz ulg, zwolnień i trybu płatności tego podatku.",1990-08-20,1990-08-29,2014-12-31T12:25:38,1bf6b6e63669882695071dc5181905bc9d5434dd1c375c90407be2266fbebda2,2,665,2,0,2,0,ok,,eli2md 0.6.31,2026-10-05T00:29:33Z
DU/1990/348,1990,348,Rozporządzenie,Rozporządzenie Ministra Finansów z dnia 20 sierpnia 1990 r. zmieniające rozporządzenie w sprawie zasad opodatkowania niektórych zagranicznych osób fizycznych i prawnych.,1990-08-20,1990-08-29,2014-12-31T12:25:38,3f1f2430282daa0e2b4bbe4aefc6657df385c132fcb60d9ac87b8a49bedad4b4,1,294,1,0,1,0,ok,,eli2md 0.6.31,2026-10-05T00:29:33Z
DU/1990/349,1990,349,Rozporządzenie,Rozporządzenie Ministra Finansów z dnia 20 sierpnia 1990 r. zmieniające rozporządzenie w sprawie opodatkowania podatkiem obrotowym niektórych towarów sprowadzonych przez osoby fizyczne lub nadesłanych tym osobom z zagranicy.,1990-08-20,1990-08-29,2014-12-31T12:25:38,753934e4f0390dc316baee61a9fcfc475a93322c9929836ea5f851e1221ec4b7,2,176,2,0,2,0,ok,,eli2md 0.6.31,2026-10-05T00:29:33Z
DU/1990/350,1990,350,Rozporządzenie,"Rozporządzenie Ministra Finansów z dnia 20 sierpnia 1990 r. zmieniające rozporządzenie w sprawie szczegółowych zasad obliczania podatków, terminów i trybu płatności oraz trybu sporządzania i przedstawiania organom podatkowym rozliczeń (deklaracji) podatkowych przez jednostki gospodarki uspołecznionej.",1990-08-20,1990-08-29,2014-12-31T12:25:38,9f4050940b3e3b3242e3ea3e78b8d32d0019af78449c5628300a707c0aed1c36,1,248,1,0,1,0,ok,,eli2md 0.6.31,2026-10-05T00:29:33Z
DU/1990/351,1990,351,Rozporządzenie,Rozporządzenie Ministra Pracy i Polityki Socjalnej z dnia 13 sierpnia 1990 r. zmieniające rozporządzenie w sprawie wynagradzania pracowników placówek naukowych Polskiej Akademii Nauk.,1990-08-13,1990-08-29,2014-12-31T12:25:38,ee137c451a07ec8d046f6cfdec2cec49d0c21deb7eeff4068ef89a0b9ccfb7a1,2,388,2,0,2,0,ok,,eli2md 0.6.31,2026-10-05T00:29:33Z
DU/1990/352,1990,352,Rozporządzenie,Rozporządzenie Ministra Współpracy Gospodarczej z Zagranicą z dnia 16 sierpnia 1990 r. zmieniające rozporządzenie w sprawie sposobu rozdysponowania kontyngentów oraz postępowania w sprawach dotyczących pozwoleń na wywóz i przywóz w obrocie towarowym z zagranicą.,1990-08-16,1990-08-29,2014-12-31T12:25:38,7dc7fb06266a9db1e136b141fd65e0946211dc71c063df3051341b543f617cee,3,751,3,0,3,0,ok,,eli2md 0.6.31,2026-10-05T00:29:33Z
DU/1990/353,1990,353,Rozporządzenie,"Rozporządzenie Rady Ministrów z dnia 23 sierpnia 1990 r. w sprawie podwyższenia ryczałtu dla kombatantów z tytułu opłat za energię elektryczną, gazową i cieplną do celów domowych.",1990-08-23,1990-09-06,2014-12-31T12:25:38,eb107d12be82ab21c1c2731da7e66b72a8cd9ef41c9d4c1d8465c2c15eb8663c,1,215,1,0,1,0,ok,,eli2md 0.6.31,2026-10-05T00:29:33Z
DU/1990/354,1990,354,Rozporządzenie,Rozporządzenie Rady Ministrów z dnia 23 sierpnia 1990 r. w sprawie rozszerzenia zakresu celów Funduszu Kościelnego.,1990-08-23,1990-09-06,2020-03-06T13:28:53,fe77e80e33570dda823b1561d6fcc812c0072dc3b832eeefad98240e8421b19a,2,250,2,0,2,0,ok,,eli2md 0.6.31,2026-10-05T00:29:33Z
DU/1990/355,1990,355,Rozporządzenie,Rozporządzenie Ministra Pracy i Polityki Socjalnej z dnia 17 sierpnia 1990 r. w sprawie wartościowania pracy.,1990-08-17,1990-09-06,2014-12-31T12:25:38,10ab02c5c6e4490cbfdb6730634d0657116206e25eaf0a660257d144d7e65088,2,741,2,0,2,0,ok,,eli2md 0.6.31,2026-10-05T00:29:33Z
DU/1990/356,1990,356,Rozporządzenie,"Rozporządzenie Ministra Sprawiedliwości z dnia 23 sierpnia 1990 r. zmieniające rozporządzenie w sprawie struktury organizacyjnej Naczelnego Sądu Administracyjnego oraz ustalenia siedzib, właściwości i organizacji ośrodków zamiejscowych tego Sądu.",1990-08-23,1990-09-06,2014-12-31T12:25:38,58477992952c84a3aa0c131a5e0318aced4c00ba9258bab0c4ecdae54bdad344,2,297,2,0,2,0,ok,,eli2md 0.6.31,2026-10-05T00:29:33Z
DU/1990/357,1990,357,Rozporządzenie,Rozporządzenie Ministra Współpracy Gospodarczej z Zagranicą z dnia 22 sierpnia 1990 r. w sprawie dozoru i kontroli celnej oraz poboru opłat.,1990-08-22,1990-09-06,2014-12-31T12:25:38,9f7ba6abf6dce1880094105752d1d95beb2a96a3bc52f6ffae0cea5569f9115e,4,2087,4,0,4,0,ok,,eli2md 0.6.31,2026-10-05T00:29:33Z
DU/1990/358,1990,358,Rozporządzenie,Rozporządzenie Ministra Współpracy Gospodarczej z Zagranicą z dnia 22 sierpnia 1990 r. zmieniające rozporządzenie w sprawie ustanowienia kontyngentów na przywóz niektórych napojów alkoholowych.,1990-08-22,1990-09-06,2014-12-31T12:25:38,05cfb75f3d4dccb5e55d44bea1558eb3db23824a5579917df6c3985bdbd0cff9,1,160,1,0,1,0,ok,,eli2md 0.6.31,2026-10-05T00:29:33Z
DU/1990/359,1990,359,Rozporządzenie,"Rozporządzenie Ministra Zdrowia i Opieki Społecznej z dnia 28 sierpnia 1990 r. zmieniające rozporządzenie w sprawie zasad i trybu udzielania świadczeń w naturze emerytom, rencistom i członkom ich rodzin.",1990-08-28,1990-09-06,2014-12-31T12:25:38,7d41d07f405232ecbb675ae630f557494a6bdc17717b1079316284dfa1e99fdf,1,433,1,0,1,0,ok,,eli2md 0.6.31,2026-10-05T00:29:33Z
DU/1990/360,1990,360,Rozporządzenie,"Rozporządzenie Ministra Edukacji Narodowej z dnia 22 sierpnia 1990 r. w sprawie określenia rodzajów spraw, których prowadzenie kuratorzy oświaty i wychowania mogą powierzać dyrektorom szkół, oraz zasad refundowania szkołom kosztów prowadzenia powierzonych spraw.",1990-08-22,1990-09-10,2020-01-10T11:08:31,7a21fc9a7442ced03bf3b98f4241bc880bf2eb1cc575e7ec7f3c622635a42658,2,421,2,0,2,0,ok,,eli2md 0.6.31,2026-10-05T00:29:33Z
DU/1990/361,1990,361,Rozporządzenie,"Rozporządzenie Ministra Finansów z dnia 29 sierpnia 1990 r. w sprawie weryfikacji rocznych bilansów przedsiębiorstw państwowych, wysokości opłat za weryfikację oraz szczegółowych praw i obowiązków biegłych księgowych.",1990-08-29,1990-09-10,2014-12-31T12:25:38,d9ad2c66c631814d54d651972205ec0d7c7af06e36654a9cee312b6de7af54de,4,2326,4,0,4,0,ok,,eli2md 0.6.31,2026-10-05T00:29:33Z
DU/1990/362,1990,362,Rozporządzenie,Rozporządzenie Ministra Sprawiedliwości z dnia 3 września 1990 r. zmieniające rozporządzenie w sprawie wynagrodzenia tłumaczy przysięgłych.,1990-09-03,1990-09-10,2014-12-31T12:25:38,b7892e947d06f672a0e023ebd747bda8ae684af1f02f23f660cca20d0956701b,1,205,1,0,1,0,ok,,eli2md 0.6.31,2026-10-05T00:29:33Z
DU/1990/363,1990,363,Rozporządzenie,Rozporządzenie Ministra Sprawiedliwości z dnia 4 września 1990 r. zmieniające rozporządzenie w sprawie rekompensaty dla ławników nie pozostających w stosunku pracy za czas wykonywania czynności w sądzie.,1990-09-04,1990-09-10,2014-12-31T12:25:38,acfab04eabe427a2c75c1b9be83e7f68bfb2e0ed89a6033c084ee66b781720cc,1,190,1,0,1,0,ok,,eli2md 0.6.31,2026-10-05T00:29:33Z
DU/1990/364,1990,364,Rozporządzenie,Rozporządzenie Ministra Sprawiedliwości z dnia 6 września 1990 r. zmieniające rozporządzenie w sprawie kosztów przeprowadzenia dowodu z opinii biegłych w postępowaniu sądowym.,1990-09-06,1990-09-10,2016-03-25T08:59:37,6e2f06f3482406dc8b388d6311826f4552bf706fb46ae96623a13577a2330845,6,1951,6,0,6,0,ok,,eli2md 0.6.31,2026-10-05T00:29:33Z
DU/1990/365,1990,365,Rozporządzenie,Rozporządzenie Ministra Transportu i Gospodarki Morskiej z dnia 28 sierpnia 1990 r. zmieniające rozporządzenie w sprawie wykonania przepisów ustawy - Prawo przewozowe.,1990-08-28,1990-09-10,2014-12-31T12:25:38,6caac20d37ef29d407a6cdcb9dd4b3001e982cc6b1715f0f7bc33205740dfd0c,2,650,2,0,2,0,ok,,eli2md 0.6.31,2026-10-05T00:29:33Z
DU/1990/366,1990,366,Umowa międzynarodowa,Umowa między Polską Rzecząpospolitą Ludową a Konfederacją Szwajcarską o wzajemnym popieraniu i ochronie inwestycji podpisana w Bernie dnia 8 listopada 1989 r.,1989-11-08,1990-09-14,2014-12-31T12:25:38,707ca9a6d3f6cf70eb036458cb6d7c83c0d9a92e0d9493815572f3ee0a114ebc,8,4994,8,0,8,0,ok,,eli2md 0.6.31,2026-10-05T00:29:33Z
DU/1990/367,1990,367,Oświadczenie rządowe,"Oświadczenie rządowe z dnia 15 maja 1990 r. w sprawie wejścia w życie Umowy między Polską Rzecząpospolitą Ludową a Konfederacją Szwajcarską o wzajemnym popieraniu i ochronie inwestycji, podpisanej w Bernie dnia 8 listopada 1989 r.",1990-05-15,1990-09-14,2019-03-26T10:36:58,f269763393dc3507fff5980847fc71879d2d79ea91e6e19416cf800aac255c0f,1,96,1,0,1,0,ok,,eli2md 0.6.31,2026-10-05T00:29:33Z
DU/1990/368,1990,368,Umowa międzynarodowa,"Umowa między Polską Rzecząpospolitą Ludową a Królestwem Szwecji o pomocy prawnej w sprawach karnych, podpisana w Warszawie dnia 10 lutego 1989 r.",1989-02-10,1990-09-14,2014-12-31T12:25:38,0e2b908c124a93050d15fa42b73a0f9b82c85dddfd99cdbbab0a3ef0c19a8e7d,6,3793,6,0,6,0,ok,,eli2md 0.6.31,2026-10-05T00:29:33Z
DU/1990/369,1990,369,Oświadczenie rządowe,"Oświadczenie rządowe z dnia 16 maja 1990 r. w sprawie wymiany dokumentów ratyfikacyjnych Umowy między Polską Rzecząpospolitą Ludową a Królestwem Szwecji o pomocy prawnej w sprawach karnych, podpisanej w Warszawie dnia 10 lutego 1989 r.",1990-05-16,1990-09-14,2019-03-26T10:36:58,a7e476514e0222fa2c15c1163a7d9633312024c9f9cb169b1b1134d0882259fe,1,106,1,0,1,0,ok,,eli2md 0.6.31,2026-10-05T00:29:33Z
DU/1990/370,1990,370,Konwencja,"Konwencja Wiedeńska o odpowiedzialności cywilnej za szkodę jądrową, sporządzona w Wiedniu dnia 21 maja 1963 r.",1963-05-21,1990-09-14,2014-12-31T12:25:38,bd79475a77680c064c26765b67bd367bf28cc4553010c4d1818897d8d3945add,1,130,1,0,1,0,ok,,eli2md 0.6.31,2026-10-05T00:29:33Z
DU/1990/371,1990,371,Oświadczenie rządowe,"Oświadczenie rządowe z dnia 17 maja 1990 r. w sprawie przystąpienia Rzeczypospolitej Polskiej do Konwencji wiedeńskiej o odpowiedzialności cywilnej za szkodę jądrową, sporządzonej w Wiedniu dnia 21 maja 1963 r.",1990-05-17,1990-09-14,2019-03-26T10:36:58,c41a6d55c571fdf4792bb9fed66647837bb8828c27c690dfda88ed19ae1307e5,2,297,2,0,2,0,ok,,eli2md 0.6.31,2026-10-05T00:29:33Z
DU/1990/372,1990,372,Oświadczenie rządowe,"Oświadczenie rządowe z dnia 22 maja 1990 r. w sprawie zobowiązania się Rzeczypospolitej Polskiej do stosowania postanowień Konwencji o przywilejach i immunitetach organizacji wyspecjalizowanych, przyjętej przez Zgromadzenie Ogólne Narodów Zjednoczonych dnia 21 listopada 1947 r., w stosunkach z Międzynarodowym Funduszem Walutowym i Międzynarodowym Bankiem Odbudowy i Rozwoju.",1990-05-22,1990-09-14,2019-03-26T10:36:58,c266a9c692a23c13d4ff84686a2f536bfe447f4f44ece34a78d909192d519109,1,538,1,0,1,0,ok,,eli2md 0.6.31,2026-10-05T00:29:33Z
DU/1990/373,1990,373,Rozporządzenie,Rozporządzenie Rady Ministrów z dnia 10 września 1990 r. w sprawie utworzenia Wyższej Szkoły Policji oraz zniesienia Akademii Spraw Wewnętrznych.,1990-09-10,1990-09-24,2026-08-19T13:24:43,56562d0ede903cca3812fd7a6cad2d89b3744cdd1927887ee332dfcd113646ee,2,363,2,0,2,0,ok,,eli2md 0.6.31,2026-10-05T00:29:33Z
DU/1990/374,1990,374,Rozporządzenie,Rozporządzenie Rady Ministrów z dnia 20 września 1990 r. w sprawie sposobu przejęcia przez Skarb Państwa majątku Akademii Nauk Społecznych.,1990-09-20,1990-09-24,2014-12-31T12:25:38,64cf38936c822109aff85f79cb743a153800165a2a6a4bd25111c53f4ca09832,1,225,1,0,1,0,ok,,eli2md 0.6.31,2026-10-05T00:29:33Z
DU/1990/375,1990,375,Rozporządzenie,"Rozporządzenie Ministra Sprawiedliwości z dnia 3 września 1990 r. w sprawie utworzenia sądów apelacyjnych w Katowicach, Krakowie i Wrocławiu oraz ustalenia ich siedzib i obszarów właściwości.",1990-09-03,1990-09-24,2014-12-31T12:25:38,008bce9c88561909d3f945194b865762af5f78b1f00481a93204708b62af6a5b,2,187,2,0,2,0,ok,,eli2md 0.6.31,2026-10-05T00:29:33Z
DU/1990/376,1990,376,Rozporządzenie,Rozporządzenie Ministra Sprawiedliwości z dnia 3 września 1990 r. zmieniające rozporządzenie w sprawie ustalania prawa do zaopatrzenia emerytalnego funkcjonariuszy Służby Więziennej oraz ich rodzin i w sprawie wypłaty świadczeń pieniężnych z tytułu tego zaopatrzenia.,1990-09-03,1990-09-24,2014-12-31T12:25:38,2cfc9743d3980501c7ea2c05d169780b2f5a757928ddbc952e339bec28e8f98f,1,242,1,0,1,0,ok,,eli2md 0.6.31,2026-10-05T00:29:33Z
DU/1990/377,1990,377,Rozporządzenie,Rozporządzenie Ministra Sprawiedliwości z dnia 6 września 1990 r. zmieniające rozporządzenie w sprawie opłat za dokonanie czynności notarialnych.,1990-09-06,1990-09-24,2014-12-31T12:25:38,595646dceee2650a3655e916586fdf0e5775eea0f51a4c3e415f5334b71e6f69,1,152,1,0,1,0,ok,,eli2md 0.6.31,2026-10-05T00:29:33Z
DU/1990/378,1990,378,Rozporządzenie,Rozporządzenie Ministra Sprawiedliwości z dnia 17 września 1990 r. zmieniające rozporządzenie w sprawie ograniczenia odpowiedzialności osób utrzymujących zarobkowo hotele lub inne podobne zakłady.,1990-09-17,1990-09-24,2014-12-31T12:25:38,27a30808f96be5784cf2d1718b2ad28b3f6b679cef18df27555fe2843c74b9f4,1,123,1,0,1,0,ok,,eli2md 0.6.31,2026-10-05T00:29:33Z
DU/1990/379,1990,379,Rozporządzenie,Rozporządzenie Ministra Sprawiedliwości z dnia 20 września 1990 r. zmieniające rozporządzenie w sprawie utworzenia sądów pracy i ubezpieczeń społecznych (wydziałów pracy i ubezpieczeń społecznych) w sądach wojewódzkich i sądów pracy (wydziałów pracy) w sądach rejonowych oraz ustalenia ich siedzib i obszarów właściwości.,1990-09-20,1990-09-24,2014-12-31T12:25:38,42c129b496df554e6aceb6b061ee92f693dbd55103119f106c71619c574005db,2,831,2,0,2,0,ok,,eli2md 0.6.31,2026-10-05T00:29:33Z
DU/1990/380,1990,380,Rozporządzenie,Rozporządzenie Ministra Sprawiedliwości z dnia 20 września 1990 r. zmieniające rozporządzenie w sprawie utworzenia sądów gospodarczych w sądach wojewódzkich i sądach rejonowych oraz ustalenia ich siedzib i obszarów właściwości.,1990-09-20,1990-09-24,2014-12-31T12:25:38,ac7f5a0a3e1c6680643334a9dab9982a0be7174bb757b5c262ab8e3675278d1b,2,604,2,0,2,0,ok,,eli2md 0.6.31,2026-10-05T00:29:33Z
DU/1990/381,1990,381,Rozporządzenie,Rozporządzenie Ministra Spraw Wewnętrznych z dnia 4 września 1990 r. w sprawie zasad stopniowego przekazywania kompetencji i mienia Milicji Obywatelskiej i Służby Bezpieczeństwa jednostkom Policji i Urzędu Ochrony Państwa.,1990-09-04,1990-09-24,2014-12-31T12:25:38,f0f06997333d2d31fbc10236e655aebb7b6250c47d20da02e9f9296b4c8bf5dd,2,655,2,0,2,0,ok,,eli2md 0.6.31,2026-10-05T00:29:33Z
DU/1990/382,1990,382,Rozporządzenie,"Rozporządzenie Ministra Współpracy Gospodarczej z Zagranicą z dnia 31 sierpnia 1990 r. w sprawie określenia towarów, które mogą być przedmiotem czasowego przywozu z zagranicy lub czasowego wywozu za granicę.",1990-08-31,1990-09-24,2014-12-31T12:25:38,e64be14d80bdbf4b62e6cefc8f39b4a122403511fad874726f0cfa9794bbc250,1,265,1,0,1,0,ok,,eli2md 0.6.31,2026-10-05T00:29:33Z
DU/1990/383,1990,383,Rozporządzenie,Rozporządzenie Ministra Współpracy Gospodarczej z Zagranicą z dnia 31 sierpnia 1990 r. w sprawie trybu zwrotu należności celnych pobranych od towarów przywiezionych z zagranicy i zużytych przy wyrobie towarów wywiezionych w obrocie towarowym z zagranicą.,1990-08-31,1990-09-24,2014-12-31T12:25:38,747bbc5bd491366f155d1d4da01a20b775b532f9b864d7cd2b7ff5be8a0969e5,1,285,1,0,1,0,ok,,eli2md 0.6.31,2026-10-05T00:29:33Z
DU/1990/384,1990,384,Uchwała,Uchwała Trybunału Konstytucyjnego z dnia 12 września 1990 r. w sprawie wykładni art. 4 ust. 1 i art. 5 ust. 2 ustawy z dnia 7 grudnia 1989 r. o amnestii.,1990-09-12,1990-09-24,2014-12-31T12:25:38,74f93c41cbd54bb6e30bbb5162a5de4701632f6c0e4818350fcb2b2e5c803781,1,276,1,0,1,0,ok,,eli2md 0.6.31,2026-10-05T00:29:33Z
DU/1990/387,1990,387,Rozporządzenie,Rozporządzenie Rady Ministrów z dnia 17 września 1990 r. zmieniające rozporządzenie w sprawie niektórych obowiązków i uprawnień pracowników zatrudnionych w zakładach służby zdrowia.,1990-09-17,1990-09-27,2014-12-31T12:25:38,6c5e916e49b14b193fa1a3a35a27fa346f113fffa05b320ad84e2dae504afbe2,3,1509,3,0,3,0,ok,,eli2md 0.6.31,2026-10-05T00:29:33Z
DU/1990/388,1990,388,Rozporządzenie,Rozporządzenie Ministra Sprawiedliwości z dnia 20 września 1990 r. w sprawie utworzenia w sądach apelacyjnych wydziałów pracy i ubezpieczeń społecznych.,1990-09-20,1990-09-27,2014-12-31T12:25:38,50210d476662a4183fd546b0018f0529132b650609d6b24443cb6aa65f10e003,1,93,1,0,1,0,ok,,eli2md 0.6.31,2026-10-05T00:29:33Z
DU/1990/389,1990,389,Rozporządzenie,Rozporządzenie Ministra Spraw Wewnętrznych z dnia 5 września 1990 r. zmieniające rozporządzenie w sprawie rejestracji przedpoborowych.,1990-09-05,1990-09-27,2014-12-31T12:25:38,72440dcc8b6dc9f4dcfeed75c3b8acb0bf1244c787125f5c847682bd955ed337,1,334,1,0,1,0,ok,,eli2md 0.6.31,2026-10-05T00:29:33Z
DU/1990/391,1990,391,Rozporządzenie,Rozporządzenie Prezydenta Rzeczypospolitej Polskiej z dnia 25 września 1990 r. w sprawie wynagrodzeń sędziów Sądu Najwyższego oraz członków Biura Orzecznictwa.,1990-09-25,1990-09-29,2014-12-31T12:25:38,fa66bcb825078108e7832ef1aa51097dcdac498a084309244701c941e89d4174,1,296,1,0,1,0,ok,,eli2md 0.6.31,2026-10-05T00:29:33Z
DU/1990/392,1990,392,Rozporządzenie,Rozporządzenie Prezydenta Rzeczypospolitej Polskiej z dnia 25 września 1990 r. w sprawie wynagrodzeń sędziów sądów powszechnych oraz asesorów i aplikantów sądowych.,1990-09-25,1990-09-29,2014-12-31T12:25:38,4869af06028083873246e8729ec23c95ff1b142fbffde9c100f28931d524e74e,2,458,2,0,2,0,ok,,eli2md 0.6.31,2026-10-05T00:29:33Z
DU/1990/393,1990,393,Rozporządzenie,Rozporządzenie Ministra Finansów z dnia 20 września 1990 r. w sprawie wykonania niektórych przepisów ustawy o podatku od spadków i darowizn.,1990-09-20,1990-09-29,2014-12-31T12:25:38,d27a0970d776b9b7bda0b8d55ba13d891ce8d06d2b7a7b77ba401cde21653e78,2,554,2,0,2,0,ok,,eli2md 0.6.31,2026-10-05T00:29:33Z
DU/1990/394,1990,394,Rozporządzenie,Rozporządzenie Ministra Sprawiedliwości z dnia 25 września 1990 r. zmieniające rozporządzenie - Regulamin wewnętrznego urzędowania sądów powszechnych.,1990-09-25,1990-09-29,2014-12-31T12:25:38,b64a880862dabe14a205fa4053a992bc69b7badc86c33f402b87f426cc7f9876,5,2867,5,0,5,0,ok,,eli2md 0.6.31,2026-10-05T00:29:33Z
DU/1990/395,1990,395,Uchwała,Uchwała Trybunału Konstytucyjnego z dnia 18 września 1990 r. w sprawie wykładni przepisu art. 121 ust. 2 ustawy z dnia 31 stycznia 1989 r. - Prawo bankowe.,1990-09-18,1990-09-29,2014-12-31T12:25:38,16941747e934ba870bf19c10fc8f15291f4ed403d9ba7da09539e36c8abff495,1,306,1,0,1,0,ok,,eli2md 0.6.31,2026-10-05T00:29:33Z
DU/1990/396,1990,396,Uchwała,Uchwała Trybunału Konstytucyjnego z dnia 19 września 1990 r. w sprawie wykładni art. 2 ust. 1 lit. e) dekretu Polskiego Komitetu Wyzwolenia Narodowego z dnia 6 września 1944 r. o przeprowadzeniu reformy rolnej.,1990-09-19,1990-09-29,2014-12-31T12:25:38,42ac7b2ebbb864d4724f11558b310b614c13f807033a262842bceb2d9a0faaef,1,338,1,0,1,0,ok,,eli2md 0.6.31,2026-10-05T00:29:33Z
DU/1990/399,1990,399,Zarządzenie,Zarządzenie Marszałka Sejmu Rzeczypospolitej Polskiej z dnia 2 października 1990 r. w sprawie wyboru Prezydenta Rzeczypospolitej Polskiej.,1990-10-02,1990-10-05,2014-12-31T12:25:38,c2fc77f0da3a55e4b0abc8ceb39bb0256a7858dcb326be1fa397d09f15184099,2,280,2,0,2,0,ok,,eli2md 0.6.31,2026-10-05T00:29:33Z
DU/1990/400,1990,400,Rozporządzenie,Rozporządzenie Rady Ministrów z dnia 25 września 1990 r. zmieniające rozporządzenie w sprawie właściwości miejscowej organów podatkowych w sprawach niektórych zobowiązań podatkowych.,1990-09-25,1990-10-05,2014-12-31T12:25:38,b1be7e6845a49027cef5e253003683efa346a06a353442243fc2a95b4f07b4c5,2,710,2,0,2,0,ok,,eli2md 0.6.31,2026-10-05T00:29:33Z
DU/1990/401,1990,401,Rozporządzenie,Rozporządzenie Ministra Edukacji Narodowej z dnia 17 września 1990 r. zmieniające rozporządzenie w sprawie zasad zajmowania i opróżniania lokali w hotelach dla nauczycieli akademickich.,1990-09-17,1990-10-05,2014-12-31T12:25:38,f1aaf39949cd31af3b7cf7c278c42e050da9fc450fa3a010f4ed2c412be22198,1,224,1,0,1,0,ok,,eli2md 0.6.31,2026-10-05T00:29:33Z
DU/1990/402,1990,402,Rozporządzenie,Rozporządzenie Ministra Pracy i Polityki Socjalnej z dnia 25 września 1990 r. zmieniające rozporządzenie w sprawie postępowania o świadczenia emerytalno-rentowe i zasad wypłaty tych świadczeń.,1990-09-25,1990-10-05,2014-12-31T12:25:38,b281080df8078fd7fc8b5e3b3314ff2d49bb419944f5dbc86e5707ad220a6c0c,2,969,2,0,2,0,ok,,eli2md 0.6.31,2026-10-05T00:29:33Z
DU/1990/403,1990,403,Rozporządzenie,Rozporządzenie Ministra Finansów z dnia 28 września 1990 r. zmieniające rozporządzenie w sprawie zwolnienia od podatków obrotowego i dochodowego podatników osiągających przychody z niektórych rodzajów nowo uruchomionej działalności gospodarczej.,1990-09-28,1990-10-10,2014-12-31T12:25:38,99253ac047a36132dceb3f3c5ea71284560589cbc428f0fdca1bf912bcb67e94,1,278,1,0,1,0,ok,,eli2md 0.6.31,2026-10-05T00:29:33Z
DU/1990/404,1990,404,Rozporządzenie,"Rozporządzenie Ministra Rolnictwa i Gospodarki Żywnościowej z dnia 25 września 1990 r. zmieniające rozporządzenie w sprawie rejestru odmian, księgi ochrony prawa do odmiany oraz kontroli materiału siewnego.",1990-09-25,1990-10-10,2014-12-31T12:25:38,76432a35ea14478fa740b56c7d8439557600c0acd334ef35482cfe9157601578,2,268,2,0,2,0,ok,,eli2md 0.6.31,2026-10-05T00:29:33Z
DU/1990/405,1990,405,Rozporządzenie,Rozporządzenie Ministra Sprawiedliwości z dnia 27 września 1990 r. zmieniające rozporządzenie w sprawie utworzenia sądów wojewódzkich i sądów rejonowych oraz ustalenia ich siedzib i obszarów właściwości.,1990-09-27,1990-10-10,2014-12-31T12:25:38,aa6f1579d72feee0b7268978007d4a27a376cefe25e41e0ebab5d237d58bc410,1,192,1,0,1,0,ok,,eli2md 0.6.31,2026-10-05T00:29:33Z
DU/1990/406,1990,406,Rozporządzenie,Rozporządzenie Ministra Zdrowia i Opieki Społecznej z dnia 26 września 1990 r. w sprawie postępowania w przedmiocie odpowiedzialności zawodowej lekarzy.,1990-09-26,1990-10-10,2014-12-31T12:25:38,031add4ee28282180faa65c031dc6dab1fb876ca75559f091ed3a35344c2c80f,7,4450,7,0,7,0,ok,,eli2md 0.6.31,2026-10-05T00:29:33Z
DU/1990/408,1990,408,Rozporządzenie,"Rozporządzenie Rady Ministrów z dnia 17 września 1990 r. w sprawie szczegółowego trybu korzystania przez policjantów z pomocy instytucji państwowych, jednostek gospodarczych, organizacji społecznych i obywateli.",1990-09-17,1990-10-12,2014-12-31T12:25:38,ba757de9151c5fa4efe754bf23a0e96a66f12fa3212bf9d520f7e4e439911970,2,1145,2,0,2,0,ok,,eli2md 0.6.31,2026-10-05T00:29:33Z
DU/1990/409,1990,409,Rozporządzenie,"Rozporządzenie Rady Ministrów z dnia 17 września 1990 r. w sprawie trybu legitymowania, zatrzymywania osób, dokonywania kontroli osobistej oraz przeglądania bagaży i sprawdzania ładunku przez policjantów.",1990-09-17,1990-10-12,2014-12-31T12:25:38,d63869120e2c8b93d0ee29896586090704035909a48a1ee845c0f539e990a6f1,4,1934,4,0,4,0,ok,,eli2md 0.6.31,2026-10-05T00:29:33Z
DU/1990/410,1990,410,Rozporządzenie,Rozporządzenie Rady Ministrów z dnia 17 września 1990 r. w sprawie określenia przypadków oraz warunków i sposobów użycia przez policjantów środków przymusu bezpośredniego.,1990-09-17,1990-10-12,2014-12-31T12:25:38,ebd53e58a1127cb6e8c03d8cb7f8c33745b28d85a39dfe9db2b1add688b711ea,3,1088,3,0,3,0,ok,,eli2md 0.6.31,2026-10-05T00:29:33Z
DU/1990/411,1990,411,Rozporządzenie,Rozporządzenie Rady Ministrów z dnia 17 września 1990 r. w sprawie szczegółowych warunków i sposobu postępowania przy użyciu broni palnej przez policjantów.,1990-09-17,1990-10-12,2014-12-31T12:25:38,797399431565693b4cf2450302d1657f7df15b060f33acd465c2cd106b9fd78e,2,485,2,0,2,0,ok,,eli2md 0.6.31,2026-10-05T00:29:33Z
DU/1990/412,1990,412,Rozporządzenie,"Rozporządzenie Ministra Gospodarki Przestrzennej i Budownictwa z dnia 4 października 1990 r. zmieniające rozporządzenie w sprawie warunków technicznych, jakim powinny odpowiadać budynki.",1990-10-04,1990-10-12,2014-12-31T12:25:38,d67bf4e9ece5c707a566904790bca62de4e6c2fbcabcb2372c4ff058709bfdae,1,499,1,0,1,0,ok,,eli2md 0.6.31,2026-10-05T00:29:33Z
DU/1990/413,1990,413,Rozporządzenie,Rozporządzenie Ministra Sprawiedliwości z dnia 2 października 1990 r. zmieniające rozporządzenie w sprawie wysokości opłat kancelaryjnych w sprawach cywilnych.,1990-10-02,1990-10-12,2014-12-31T12:25:38,4d8dd9c5d4fe19ecc25ff0eb4c98ff8515f1f3438822a30d6335fe4308e09d6c,1,151,1,0,1,0,ok,,eli2md 0.6.31,2026-10-05T00:29:33Z
DU/1990/414,1990,414,Rozporządzenie,Rozporządzenie Ministra Sprawiedliwości z dnia 2 października 1990 r. w sprawie wysokości zryczałtowanej równowartości kosztów postępowania w sprawach z oskarżenia prywatnego.,1990-10-02,1990-10-12,2014-12-31T12:25:38,bbc7128454d73397ad0438ea4185ff9fef7aca11388d870ab63426a36ea6f66f,1,140,1,0,1,0,ok,,eli2md 0.6.31,2026-10-05T00:29:33Z
DU/1990/415,1990,415,Rozporządzenie,Rozporządzenie Ministra Sprawiedliwości z dnia 2 października 1990 r. w sprawie opłaty od podania o wniesienie rewizji nadzwyczajnej w sprawach karnych.,1990-10-02,1990-10-12,2014-12-31T12:25:38,d1d33e1ab4505bacd1608a7ba3ad2afffb8f6b2fa3e8751f015f3867f6be168f,1,121,1,0,1,0,ok,,eli2md 0.6.31,2026-10-05T00:29:33Z
DU/1990/416,1990,416,Rozporządzenie,Rozporządzenie Ministra Zdrowia i Opieki Społecznej z dnia 2 października 1990 r. w sprawie zasad i trybu powoływania oraz przeprowadzania konkursu na niektóre stanowiska w zakładach społecznych służby zdrowia.,1990-10-02,1990-10-12,2014-12-31T12:25:38,2d43e27f9ad09b8677fe2c380728eb1ae96bb016f621d1bb2bbf3854905bc853,2,1292,2,0,2,0,ok,,eli2md 0.6.31,2026-10-05T00:29:33Z
DU/1990/418,1990,418,Rozporządzenie,Rozporządzenie Rady Ministrów z dnia 5 października 1990 r. zmieniające niektóre przepisy w sprawie ustalania podstawy wymiaru emerytur i rent.,1990-10-05,1990-10-15,2014-12-31T12:25:38,4b1a48dea2fa8f7ba7b548ef3f7b05d565b6493e308c9ece8d7b95d1b0258b0e,4,2949,4,0,4,0,ok,,eli2md 0.6.31,2026-10-05T00:29:33Z
DU/1990/419,1990,419,Rozporządzenie,Rozporządzenie Rady Ministrów z dnia 5 października 1990 r. w sprawie ustalenia wysokości współczynnika korygującego wskaźnik wzrostu cen.,1990-10-05,1990-10-15,2021-11-10T14:50:54,4088cd6e916e4a7fd297f3376a29bd28d6e652a0f9217cf4288a102d9d4eb7ea,1,100,1,0,1,0,ok,,eli2md 0.6.31,2026-10-05T00:29:33Z
DU/1990/420,1990,420,Rozporządzenie,Rozporządzenie Rady Ministrów z dnia 5 października 1990 r. zmieniające rozporządzenie w sprawie określenia grup wyrobów i usług dotowanych z budżetu w 1990 r.,1990-10-05,1990-10-15,2014-12-31T12:25:38,87e09ca40537fb256d5df77d3f9b172bfa48b8d79853572f55b18a734339ad41,1,286,1,0,1,0,ok,,eli2md 0.6.31,2026-10-05T00:29:33Z
DU/1990/421,1990,421,Rozporządzenie,Rozporządzenie Prezesa Rady Ministrów z dnia 10 października 1990 r. w sprawie zasad i trybu wydawania oraz rozpowszechniania wojewódzkich dzienników urzędowych.,1990-10-10,,2014-12-31T12:25:38,295e0618033140c6f081076f098d0506b886a937da25cc501f16278f7ba02f0c,3,1236,3,0,3,0,ok,,eli2md 0.6.31,2026-10-05T00:29:33Z
DU/1990/424,1990,424,Rozporządzenie,Rozporządzenie Rady Ministrów z dnia 16 października 1990 r. w sprawie udzielania dotacji na wypłatę premii gwarancyjnej od wkładów oszczędnościowych na budownictwo mieszkaniowe.,1990-10-16,1990-10-24,2014-12-31T12:25:38,d9c2cfcc8462d965df3ddbf0cc7a61d12d8aefcecfddfb40c6e1e80d0f4a61fb,1,389,1,0,1,0,ok,,eli2md 0.6.31,2026-10-05T00:29:33Z
DU/1990/425,1990,425,Rozporządzenie,Rozporządzenie Rady Ministrów z dnia 16 października 1990 r. w sprawie systemu wynagradzania pracowników Agencji Rynku Rolnego.,1990-10-16,1990-10-24,2014-12-31T12:25:38,69e3e796f9b22473a2c59df81a47f1171b709d7b2c9d06576413222d2bd4a09f,5,1707,5,0,5,0,ok,,eli2md 0.6.31,2026-10-05T00:29:33Z
DU/1990/426,1990,426,Rozporządzenie,Rozporządzenie Rady Ministrów z dnia 17 października 1990 r. zmieniające rozporządzenie w sprawie ławników izb morskich.,1990-10-17,1990-10-24,2014-12-31T12:25:38,034f3d783bd220717ca542bfdc0f87d6bc7d4b5c6102210a814d51eea694219d,1,177,1,0,1,0,ok,,eli2md 0.6.31,2026-10-05T00:29:33Z
DU/1990/427,1990,427,Rozporządzenie,Rozporządzenie Ministra Edukacji Narodowej z dnia 10 października 1990 r. zmieniające rozporządzenie w sprawie obowiązkowego wymiaru zajęć niektórych nauczycieli oraz zasad zaliczania do wymiaru godzin poszczególnych zajęć w kształceniu zaocznym.,1990-10-10,1990-10-24,2014-12-31T12:25:38,eb83997d9b73720e2fd6139a824a7d6074a666f9d62f1661f1c7ab4b9e616c3c,2,728,2,0,2,0,ok,,eli2md 0.6.31,2026-10-05T00:29:33Z
DU/1990/428,1990,428,Rozporządzenie,Rozporządzenie Ministra Rolnictwa i Gospodarki Żywnościowej z dnia 15 października 1990 r. w sprawie wielkości powierzchni przeznaczonej pod uprawy maku i konopi w 1991 r.,1990-10-15,1990-10-24,2014-12-31T12:25:38,ec070daecb96fc2fcab6e8a59a88b875051d220dbca735f4ec63ec03690091b2,2,697,2,0,2,0,ok,,eli2md 0.6.31,2026-10-05T00:29:33Z
DU/1990/429,1990,429,Rozporządzenie,Rozporządzenie Ministra Spraw Wewnętrznych z dnia 12 października 1990 r. w sprawie legitymacji służbowej funkcjonariusza Urzędu Ochrony Państwa.,1990-10-12,1990-10-24,2014-12-31T12:25:38,79630683b6442f1da40e134c676ebef5af9fe6cfb534377efe28d1a3938eca35,2,606,2,0,2,0,ok,,eli2md 0.6.31,2026-10-05T00:29:33Z
DU/1990/430,1990,430,Rozporządzenie,Rozporządzenie Ministra - Szefa Urzędu Rady Ministrów z dnia 18 października 1990 r. zmieniające rozporządzenie w sprawie określenia siedzib i terytorialnego zasięgu działania urzędów rejonowych.,1990-10-18,1990-10-24,2014-12-31T12:25:38,d5b3244fd3d389206496483e4f0cbd8e7d9bff438c5c79d4300151d31652d004,1,585,1,0,1,0,ok,,eli2md 0.6.31,2026-10-05T00:29:33Z
DU/1990/432,1990,432,Rozporządzenie,Rozporządzenie Rady Ministrów z dnia 19 października 1990 r. w sprawie zatwierdzenia zmian statutu Polskiego Czerwonego Krzyża.,1990-10-19,1990-10-29,2014-12-31T12:25:38,16b28b79611e873d8cd8e28775249635e828ebb21015bf5bb4d2a346869036e8,1,94,1,0,1,0,ok,,eli2md 0.6.31,2026-10-05T00:29:33Z
DU/1990/433,1990,433,Rozporządzenie,Rozporządzenie Rady Ministrów z dnia 19 października 1990 r. zmieniające rozporządzenie w sprawie zasad wynagradzania pracowników urzędów państwowych.,1990-10-19,1990-10-29,2014-12-31T12:25:38,fae5775aaee9bd51cdf1fb812a942fc813a53e64b9ac88636e816a70e793d234,1,177,1,0,1,0,ok,,eli2md 0.6.31,2026-10-05T00:29:33Z
DU/1990/434,1990,434,Rozporządzenie,Rozporządzenie Rady Ministrów z dnia 19 października 1990 r. zmieniające rozporządzenie w sprawie wynagradzania pracowników samorządowych w 1990 r.,1990-10-19,1990-10-29,2014-12-31T12:25:38,dad52966be29b6cab44fc2d52a3c986749c4ab5f7c3f0560cf4bdb17dfb7e9dd,2,187,2,0,2,0,ok,,eli2md 0.6.31,2026-10-05T00:29:33Z
DU/1990/435,1990,435,Rozporządzenie,Rozporządzenie Rady Ministrów z dnia 22 października 1990 r. w sprawie ustanowienia zakazu wywozu środków ochrony roślin oraz ich komponentów.,1990-10-22,1990-10-29,2014-12-31T12:25:38,bad1de3011d81f9a7acd8cf2fe564926d27943fbc0961d2bfbe26ac24c06852e,1,90,1,0,1,0,ok,,eli2md 0.6.31,2026-10-05T00:29:33Z
DU/1990/436,1990,436,Rozporządzenie,Rozporządzenie Rady Ministrów z dnia 22 października 1990 r. zmieniające rozporządzenie w sprawie tablic i pieczęci urzędowych.,1990-10-22,1990-10-29,2014-12-31T12:25:38,c3b8df266776dfc3e69bcfb32b57662082267d3bc512ef13b14bfc6e89f66e97,2,352,2,0,2,0,ok,,eli2md 0.6.31,2026-10-05T00:29:33Z
DU/1990/437,1990,437,Rozporządzenie,Rozporządzenie Ministra Finansów z dnia 18 października 1990 r. zmieniające rozporządzenie w sprawie okresowego obniżenia wysokości stawek podatku obrotowego od niektórych towarów i usług.,1990-10-18,1990-10-29,2014-12-31T12:25:38,241741f9522f5b5ca894d0291e813674b9630a10c514d760dbe435b2495e92af,1,143,1,0,1,0,ok,,eli2md 0.6.31,2026-10-05T00:29:33Z
DU/1990/438,1990,438,Rozporządzenie,Rozporządzenie Ministrów Transportu i Gospodarki Morskiej oraz Spraw Wewnętrznych z dnia 3 października 1990 r. zmieniające rozporządzenie w sprawie kierowców pojazdów silnikowych.,1990-10-03,1990-10-29,2014-12-31T12:25:38,36d1059c5a213829a0af93436c598a1e217d93d9e8829ac00f88a51e0fa128f4,1,246,1,0,1,0,ok,,eli2md 0.6.31,2026-10-05T00:29:33Z
DU/1990/439,1990,439,Konwencja,Konwencja Wiedeńska o Prawie Traktatów sporządzona w Wiedniu dnia 23 maja 1969 r.,1990-04-27,1990-11-02,2019-07-03T00:00:00,2afbb3942bcc6a06488ab2e1b794156cee6517f436eda691d4fb38b068109c8d,1,122,1,0,1,0,ok,,eli2md 0.6.31,2026-10-05T00:29:33Z
DU/1990/440,1990,440,Oświadczenie rządowe,"Oświadczenie rządowe z dnia 31 sierpnia 1990 r. w sprawie przystąpienia Rzeczypospolitej Polskiej do Konwencji wiedeńskiej o prawie traktatów, sporządzonej w Wiedniu dnia 23 maja 1969 r.",1990-08-31,1990-11-02,2019-03-26T10:36:58,f35fe2c6fbc8577a2202cb99160d4c431ff95a6c4ae3fc560c4bb302673de1af,7,4380,7,0,7,0,ok,,eli2md 0.6.31,2026-10-05T00:29:33Z
DU/1990/441,1990,441,Umowa międzynarodowa,"Umowa między Rządem Polskiej Rzeczypospolitej Ludowej, Rządem Królestwa Szwecji i Rządem Związku Socjalistycznych Republik Radzieckich w sprawie wspólnego punktu rozgraniczenia obszarów morskich na morzu Bałtyckim, podpisana w Sztokholmie dnia 30 czerwca 1990 r.",1989-06-30,1990-11-02,2014-12-31T12:25:38,233960e6370fda8323854007a0290652c3e111b52eb1a6314e1025ec1c343086,2,303,2,0,2,0,ok,,eli2md 0.6.31,2026-10-05T00:29:33Z
DU/1990/442,1990,442,Oświadczenie rządowe,"Oświadczenie rządowe z dnia 17 września 1990 r. w sprawie wejścia w życie Umowy między Rządem Polskiej Rzeczypospolitej Ludowej, Rządem Królestwa Szwecji i Rządem Związku Socjalistycznych Republik Radzieckich w sprawie wspólnego punktu rozgraniczenia obszarów morskich na Morzu Bałtyckim, podpisanej w Sztokholmie dnia 30 czerwca 1990 r.",1990-09-17,1990-11-02,2019-03-26T10:36:58,5fdfb24fc9813f7d9c7e8300e5645bccb9ed25ca6f7ef50c5ce23827dadced3f,1,118,1,0,1,0,ok,,eli2md 0.6.31,2026-10-05T00:29:33Z
DU/1990/443,1990,443,Oświadczenie rządowe,"Oświadczenie rządowe z dnia 27 września 1990 r. w sprawie zobowiązania się Rzeczypospolitej Polskiej do stosowania postanowień Konwencji o przywilejach i immunitetach organizacji wyspecjalizowanych, przyjętej przez Zgromadzenie Ogólne Narodów Zjednoczonych dnia 21 listopada 1947 r., w stosunkach z Międzynarodową Korporacją Finansową.",1990-09-27,1990-11-02,2019-03-26T10:36:58,4b74a167e37fe8e7efdc78d52f729782c7c415d76beae6c359bf40da9096c534,1,402,1,0,1,0,ok,,eli2md 0.6.31,2026-10-05T00:29:33Z
DU/1990/444,1990,444,Umowa międzynarodowa,"Umowa między Rządem Rzeczypospolitej Polskiej a Komisją Wspólnot Europejskich w sprawie ustanowienia oraz przywilejów i immunitetów Przedstawicielstwa Komisji Wspólnot Europejskich w Rzeczypospolitej Polskiej, podpisana w Brukseli dnia 21 czerwca 1990 r.",1990-06-21,1990-11-07,2014-12-31T12:25:38,04356e6f27afb831c360572b70312922485ef1f1fbd408a711f21b1d62e58076,3,1395,3,0,3,0,ok,,eli2md 0.6.31,2026-10-05T00:29:33Z
DU/1990/445,1990,445,Oświadczenie rządowe,"Oświadczenie rządowe z dnia 12 października 1990 r. dotyczące wejścia w życie Umowy między Rządem Rzeczypospolitej Polskiej a Komisją Wspólnot Europejskich w sprawie ustanowienia oraz przywilejów i immunitetów Przedstawicielstwa Komisji Wspólnot Europejskich w Rzeczypospolitej Polskiej, podpisanej w Brukseli dnia 21 czerwca 1990 r.",1990-10-12,1990-11-07,2019-03-26T10:36:58,b04d2eecd04d2ec8b9286e4e40859f21ddb8e041a0f94b3f935f7dd8df0e912e,1,111,1,0,1,0,ok,,eli2md 0.6.31,2026-10-05T00:29:33Z
DU/1990/446,1990,446,Rozporządzenie,"Rozporządzenie Rady Ministrów z dnia 29 października 1990 r. w sprawie ustanowienia w 1990 r. czasowego ograniczenia przywozu piwa, napojów winnych i wyrobów tytoniowych.",1990-10-29,1990-11-07,2014-12-31T12:25:38,6117c8d7ca3306fba353d3c75beb0d6b32bc9017d88a0aba916d024cb4d59ac9,2,267,2,0,2,0,ok,,eli2md 0.6.31,2026-10-05T00:29:33Z
DU/1990/447,1990,447,Rozporządzenie,Rozporządzenie Ministra Edukacji Narodowej z dnia 17 października 1990 r. w sprawie wynagradzania nauczycieli akademickich.,1990-10-17,1990-11-07,2023-07-05T15:21:49,cd93ac84a55bd0e6cc559b8b57a1013c53dfa15743033f0eb7bd75d5c1801754,8,3673,8,0,8,0,ok,,eli2md 0.6.31,2026-10-05T00:29:33Z
DU/1990/448,1990,448,Rozporządzenie,Rozporządzenie Ministra Edukacji Narodowej z dnia 17 października 1990 r. w sprawie stanowisk pracy oraz zasad wynagradzania pracowników szkół wyższych nie będących nauczycielami akademickimi.,1990-10-17,1990-11-07,2014-12-31T12:25:38,d26e7cb21362dff57b208a2ed8f5dd43483ce6aa0ec35bf1d405639d7327131f,14,4860,14,0,14,0,ok,,eli2md 0.6.31,2026-10-05T00:29:33Z
DU/1990/449,1990,449,Rozporządzenie,Rozporządzenie Ministra Kultury i Sztuki z dnia 23 października 1990 r. zmieniające rozporządzenie w sprawie zasad tworzenia systemów wynagrodzeń pracowników instytucji artystycznych.,1990-10-23,1990-11-07,2014-12-31T12:25:38,a802d2ffe104c749c3946c62832cddfe93d8b98e6b60890ad6109a29c060b88e,1,366,1,0,1,0,ok,,eli2md 0.6.31,2026-10-05T00:29:33Z
DU/1990/450,1990,450,Rozporządzenie,Rozporządzenie Rady Ministrów z dnia 5 listopada 1990 r. w sprawie ustanowienia czasowego ograniczenia wywozu substancji chemicznych i materiałów wybuchowych podwójnego przeznaczenia mogących służyć pośrednio lub bezpośrednio do produkcji broni.,1990-11-05,1990-11-12,2014-12-31T12:25:38,483016d3e55114bac13c4605a966471060927855fab87dd19bcb674472806a72,2,369,2,0,2,0,ok,,eli2md 0.6.31,2026-10-05T00:29:33Z
DU/1990/451,1990,451,Rozporządzenie,"Rozporządzenie Ministra Spraw Wewnętrznych z dnia 29 października 1990 r. w sprawie rozciągnięcia niektórych przepisów ustawy o broni, amunicji i materiałach wybuchowych na poszczególne rodzaje broni białej oraz przedmioty, których używanie może zagrażać bezpieczeństwu publicznemu.",1990-10-29,1990-11-12,2014-12-31T12:25:38,439445081c81b3431df74263d32605a43c3b4d4b9e1625cfa9bcf36e68822a58,1,319,1,0,1,0,ok,,eli2md 0.6.31,2026-10-05T00:29:33Z
DU/1990/452,1990,452,Rozporządzenie,"Rozporządzenie Ministra Spraw Wewnętrznych z dnia 29 października 1990 r. w sprawie określenia organów właściwych do wydawania pozwoleń na broń, ustalenia wzorów pozwoleń na broń oraz określenia istotnych części broni i amunicji.",1990-10-29,1990-11-12,2014-12-31T12:25:38,cfd89a80fdd70dd404679428c2e6d78c30cd4b722e2bc2ca9925ceb86051aa00,4,1061,4,0,3,0,ok,,eli2md 0.6.31,2026-10-05T00:29:33Z
DU/1990/453,1990,453,Rozporządzenie,Rozporządzenie Ministrów Rynku Wewnętrznego i Spraw Wewnętrznych z dnia 29 października 1990 r. w sprawie warunków sprzedaży broni i amunicji oraz nadzoru nad ich obrotem.,1990-10-29,1990-11-12,2014-12-31T12:25:38,c2bb4f3cc50a32e4b7b1b2d1ac0fc9dbde0ddce2d38f68a2c34f8fb63f06c155,3,979,3,0,3,0,ok,,eli2md 0.6.31,2026-10-05T00:29:33Z
DU/1990/455,1990,455,Rozporządzenie,Rozporządzenie Rady Ministrów z dnia 7 listopada 1990 r. w sprawie zmiany stawek ceł na niektóre towary przywożone z zagranicy.,1990-11-07,1990-11-14,2014-12-31T12:25:38,d8bd5114fd42154c9d0283872a27fdc598f433a1bff651760275668e9b060048,2,531,2,0,2,0,ok,,eli2md 0.6.31,2026-10-05T00:29:33Z
DU/1990/456,1990,456,Rozporządzenie,Rozporządzenie Rady Ministrów z dnia 7 listopada 1990 r. w sprawie zawieszenia do dnia 30 czerwca 1991 r. pobierania ceł od niektórych towarów.,1990-11-07,1990-11-14,2014-12-31T12:25:38,de6bc00f23027780515de4038de789bf51e4ef12e702f610b3b1e9a749c55b19,3,817,3,0,3,0,ok,,eli2md 0.6.31,2026-10-05T00:29:33Z
DU/1990/457,1990,457,Rozporządzenie,Rozporządzenie Rady Ministrów z dnia 7 listopada 1990 r. w sprawie ustanowienia do dnia 30 czerwca 1991 r. czasowego ograniczenia przywozu niektórych towarów.,1990-11-07,1990-11-14,2014-12-31T12:25:38,9d49519b2ad5f759639af2619df9fec5d045d65552cea80dc0a4d7c467894b09,1,289,1,0,1,0,ok,,eli2md 0.6.31,2026-10-05T00:29:33Z
DU/1990/458,1990,458,Rozporządzenie,Rozporządzenie Rady Ministrów z dnia 7 listopada 1990 r. zmieniające rozporządzenie w sprawie ustanowienia czasowych ograniczeń wywozu niektórych towarów.,1990-11-07,1990-11-14,2014-12-31T12:25:38,221e4f30d4db39564e45d0b6c43aa902fa5b10aca39d461b0ca4b84645934bb7,2,255,1,0,1,0,ok,,eli2md 0.6.31,2026-10-05T00:29:33Z
DU/1990/459,1990,459,Rozporządzenie,"Rozporządzenie Ministra Gospodarki Przestrzennej i Budownictwa z dnia 5 listopada 1990 r. w sprawie określenia rodzajów materiałów stanowiących państwowy zasób geodezyjny i kartograficzny, sposobu i trybu ich gromadzenia i wyłączania z zasobu oraz udostępniania zasobu.",1990-11-05,1990-11-14,2014-12-31T12:25:38,7a15f0e6d11e5d025652147c07e5afc68d6b7a068ba31a77ea588fb6176687c0,3,1152,3,0,3,0,ok,,eli2md 0.6.31,2026-10-05T00:29:33Z
DU/1990/460,1990,460,Rozporządzenie,Rozporządzenie Ministra Współpracy Gospodarczej z Zagranicą z dnia 7 listopada 1990 r. uchylające rozporządzenie w sprawie ustanowienia kontyngentów na wywóz za granicę niektórych towarów.,1990-11-07,1990-11-14,2019-03-08T14:09:19,f57fcd9f490041232852ac026f4a92b7a1c8c1c5f541e4bdba5d1b77f0d1aec8,2,106,1,0,1,0,ok,,eli2md 0.6.31,2026-10-05T00:29:33Z
DU/1990/463,1990,463,Rozporządzenie,"Rozporządzenie Ministra Spraw Wewnętrznych z dnia 25 października 1990 r. w sprawie rodzajów i wzorów legitymacji służbowych i innych dokumentów policjantów, organów właściwych do ich wydawania oraz zasad dokonywania wpisów w tych dokumentach.",1990-10-25,1990-11-19,2014-12-31T12:25:38,c60c4cd2a2775cd9cf08e60e1fb0d9608408c21defb6bfb7506bc4c87dbe1bf3,6,1241,6,0,5,0,ok,,eli2md 0.6.31,2026-10-05T00:29:33Z
DU/1990/468,1990,468,Rozporządzenie,Rozporządzenie Rady Ministrów z dnia 9 listopada 1990 r. w sprawie ustanowienia wolnego obszaru celnego w Cieszynie.,1990-11-09,1990-11-21,2014-12-31T12:25:38,76e07450acd68567f05db100ff2fc41aa1dfb5ccb35b5956033464e4a68d089f,2,697,2,0,2,0,ok,,eli2md 0.6.31,2026-10-05T00:29:33Z
DU/1990/469,1990,469,Rozporządzenie,"Rozporządzenie Rady Ministrów z dnia 10 listopada 1990 r. w sprawie przekazywania na potrzeby obrony państwa środków transportowych, narzędzi, maszyn i urządzeń przez osoby fizyczne i niektóre osoby prawne oraz odszkodowań w tych sprawach.",1990-11-10,1990-11-21,2014-12-31T12:25:38,1a608d10ab458fd93f8a5bb76c50f429c1d3c40a2ac3cf26ed9df8d8705f71f3,5,2683,5,0,5,0,ok,,eli2md 0.6.31,2026-10-05T00:29:33Z
DU/1990/470,1990,470,Rozporządzenie,Rozporządzenie Rady Ministrów z dnia 14 listopada 1990 r. w sprawie czasowego zakazu sprzedaży i podawania napojów alkoholowych.,1990-11-14,1990-11-21,2020-06-08T15:35:57,b536bf4d103a9d21198e2e9ea6ea9ea9413c06126a5492f8a8942de5b3655900,1,228,1,0,1,0,ok,,eli2md 0.6.31,2026-10-05T00:29:33Z
DU/1990/471,1990,471,Rozporządzenie,Rozporządzenie Ministra Finansów z dnia 14 listopada 1990 r. zmieniające rozporządzenie w sprawie szczegółowych zasad prowadzenia gier losowych i totalizatorów.,1990-11-14,1990-11-21,2014-12-31T12:25:38,509a787eaa16f0a559ad896b86f3280e1fca7bdfa25bd52d28d2931ebcc6a533,1,161,1,0,1,0,ok,,eli2md 0.6.31,2026-10-05T00:29:33Z
DU/1990/472,1990,472,Rozporządzenie,Rozporządzenie Ministra Pracy i Polityki Socjalnej z dnia 26 października 1990 r. zmieniające rozporządzenie w sprawie wynagradzania pracowników placówek naukowych Polskiej Akademii Nauk.,1990-10-26,1990-11-21,2014-12-31T12:25:38,d75fb2e2c5536fb65c33e31aad7293992b51bba40329abfa253a16c210bd447a,2,486,2,0,2,0,ok,,eli2md 0.6.31,2026-10-05T00:29:33Z
DU/1990/473,1990,473,Rozporządzenie,"Rozporządzenie Ministra Przemysłu z dnia 8 października 1990 r. w sprawie warunków technicznych, jakim powinny odpowiadać urządzenia elektroenergetyczne w zakresie ochrony przeciwporażeniowej.",1990-10-08,1990-11-26,2014-12-31T12:25:38,f0ac4fc723d48bbbd480fb0f153072cb051fbc20ac98247e1e94e92697f062e3,24,13393,23,0,23,0,ok,,eli2md 0.6.31,2026-10-05T00:29:33Z
DU/1990/474,1990,474,Konwencja,Akt Paryski Konwencji Berneńskiej o Ochronie Dzieł Literackich i Artystycznych sporządzony w Paryżu dnia 24 lipca 1971 r.,1971-07-24,1990-11-28,2014-12-31T12:25:38,4e99e984ea7a65a01e28400e535c4508ae58e46024857dd9e53f3044e6a81a89,1,183,1,0,1,0,ok,,eli2md 0.6.31,2026-10-05T00:29:33Z
DU/1990/475,1990,475,Oświadczenie rządowe,"Oświadczenie rządowe z dnia 28 września 1990 r. w sprawie przystąpienia Rzeczypospolitej Polskiej do Aktu paryskiego Konwencji berneńskiej o ochronie dzieł literackich i artystycznych, sporządzonego w Paryżu dnia 24 lipca 1971 r.",1990-09-28,1990-11-28,2019-03-26T10:36:58,7e321750b63cdc1d774cdfc47117041d002c327e736abd64efca8a740dcafd36,2,1096,2,0,2,0,ok,,eli2md 0.6.31,2026-10-05T00:29:33Z
DU/1990/476,1990,476,Rozporządzenie,Rozporządzenie Rady Ministrów z dnia 14 listopada 1990 r. w sprawie szczegółowego zakresu działania Ministra Przekształceń Własnościowych.,1990-11-14,1990-11-28,2019-11-20T11:07:06,684ac7170eedae247c8201aba033b441e70988e0d327cb974286d46a62652158,2,799,2,0,2,0,ok,,eli2md 0.6.31,2026-10-05T00:29:33Z
DU/1990/477,1990,477,Rozporządzenie,"Rozporządzenie Rady Ministrów z dnia 16 listopada 1990 r. w sprawie określenia przedsiębiorstw państwowych o szczególnym znaczeniu dla gospodarki państwa, których prywatyzacja wymaga zgody Rady Ministrów.",1990-11-16,1990-11-28,2014-12-31T12:25:38,e495bdc070bba954264d76025d264c0f75203c75c19cd5936c516163bc133498,1,484,1,0,1,0,ok,,eli2md 0.6.31,2026-10-05T00:29:33Z
DU/1990/478,1990,478,Rozporządzenie,Rozporządzenie Rady Ministrów z dnia 23 listopada 1990 r. w sprawie określenia wysokości odsetek ustawowych.,1990-11-23,1990-11-28,2014-12-31T12:25:38,315873c1e180f418ca5f6997750b1075b911148cca565330b407f59aa2d04712,1,122,1,0,1,0,ok,,eli2md 0.6.31,2026-10-05T00:29:33Z
DU/1990/479,1990,479,Rozporządzenie,Rozporządzenie Prezesa Rady Ministrów z dnia 23 listopada 1990 r. w sprawie liczby członków Centralnej Komisji do Spraw Tytułu Naukowego i Stopni Naukowych oraz zasad i trybu ich wyboru na kadencję 1991-1993.,1990-11-23,1990-11-28,2014-12-31T12:25:38,07e173087984c7c0041a1445379830f80c79fc05275543ee9a116a15aee8ad05,2,947,2,0,2,0,ok,,eli2md 0.6.31,2026-10-05T00:29:33Z
DU/1990/480,1990,480,Rozporządzenie,Rozporządzenie Ministra Finansów z dnia 22 listopada 1990 r. zmieniające rozporządzenie w sprawie opłaty skarbowej.,1990-11-22,1990-11-28,2014-12-31T12:25:38,6e8f1f23b918c488e19b34157f1fe8fbf41d3b1f61385740b31f14df232c69cb,1,153,1,0,1,0,ok,,eli2md 0.6.31,2026-10-05T00:29:33Z
DU/1990/481,1990,481,Rozporządzenie,Rozporządzenie Ministrów Pracy i Polityki Socjalnej oraz Edukacji Narodowej z dnia 12 listopada 1990 r. w sprawie zwolnień od pracy lub nauki osób należących do kościołów i innych związków wyznaniowych w celu obchodzenia świąt religijnych nie będących dniami ustawowo wolnymi od pracy.,1990-11-12,1990-11-28,2014-12-31T12:25:38,0b394dddff00f0e232976d7102e885ab81424755905976549e10928001160966,1,336,1,0,1,0,ok,,eli2md 0.6.31,2026-10-05T00:29:33Z
DU/1990/482,1990,482,Rozporządzenie,Rozporządzenie Ministra Transportu i Gospodarki Morskiej z dnia 5 listopada 1990 r. zmieniające rozporządzenie w sprawie szczegółowych zasad wydawania przez apteki kolejowe leków i artykułów sanitarnych.,1990-11-05,1990-11-28,2014-12-31T12:25:38,547fb96681341d4378805ed9ab2dcfbd141ac213e953569b9e104bd40ff719dd,1,151,1,0,1,0,ok,,eli2md 0.6.31,2026-10-05T00:29:33Z
DU/1990/484,1990,484,Rozporządzenie,Rozporządzenie Rady Ministrów z dnia 22 listopada 1990 r. w sprawie przygotowania do rewaloryzacji emerytur i rent.,1990-11-22,1990-11-30,2014-12-31T12:25:38,6a5d528e253ba34b70b57c42f1f92306d5d9c3b54d8fbcdf4e4379630ee2e938,4,2311,4,0,4,0,ok,,eli2md 0.6.31,2026-10-05T00:29:33Z
DU/1990/485,1990,485,Rozporządzenie,Rozporządzenie Rady Ministrów z dnia 22 listopada 1990 r. zmieniające rozporządzenie w sprawie okresów zatrudnienia za granicą i zasad udzielania świadczeń emerytalno-rentowych z tytułu tego zatrudnienia.,1990-11-22,1990-11-30,2014-12-31T12:25:38,a083e8d7a678d4feeea5deee86591be3c94cfdb201b947a5aa58e6e3661ad5e9,2,472,2,0,2,0,ok,,eli2md 0.6.31,2026-10-05T00:29:33Z
DU/1990/486,1990,486,Rozporządzenie,"Rozporządzenie Rady Ministrów z dnia 22 listopada 1990 r. zmieniające rozporządzenie w sprawie odszkodowań za nie dające się usunąć uszkodzenia gruntów rolnych i leśnych, za uszkodzone wskutek robót górniczych zasiewy i uprawy oraz w sprawie sposobu wypłaty odszkodowań pieniężnych za szkody górnicze.",1990-11-22,1990-11-30,2014-12-31T12:25:38,184b09c09afb119b840298ee5693b7ce9638f884049c605e9a098fd38b24b233,1,267,1,0,1,0,ok,,eli2md 0.6.31,2026-10-05T00:29:33Z
DU/1990/487,1990,487,Rozporządzenie,Rozporządzenie Rady Ministrów z dnia 23 listopada 1990 r. zmieniające rozporządzenie w sprawie komisji do spraw szkód górniczych.,1990-11-23,1990-11-30,2014-12-31T12:25:38,6bde28c79e992d509d8e7da43e349ea1db8275ef21e4a049f13228a457b7b99b,2,166,1,0,1,0,ok,,eli2md 0.6.31,2026-10-05T00:29:33Z
DU/1990/488,1990,488,Umowa międzynarodowa,"Umowa między Rządem Rzeczypospolitej Polskiej a Rządem Królestwa Norwegii w sprawie popierania i wzajemnej ochrony inwestycji, podpisana w Warszawie dnia 5 czerwca 1990 r.",1990-06-05,1990-12-07,2024-11-22T09:32:09,ebdfaea2bc0ea94d0fa74368feea3ed33a43cb21c3ed99878d49a9a10319b87a,4,1986,4,0,4,0,ok,,eli2md 0.6.31,2026-10-05T00:29:33Z
DU/1990/489,1990,489,Oświadczenie rządowe,"Oświadczenie rządowe z dnia 15 listopada 1990 r. w sprawie wejścia w życie Umowy między Rządem Rzeczypospolitej Polskiej a Rządem Królestwa Norwegii w sprawie popierania i wzajemnej ochrony inwestycji, podpisanej w Warszawie dnia 5 czerwca 1990 r.",1990-11-15,1990-12-07,2019-03-26T10:36:58,95f9d4f5529aefbe69ce608ff99b2ef1f26ef8aeb733dab7923d5e3d0269e759,1,98,1,0,1,0,ok,,eli2md 0.6.31,2026-10-05T00:29:33Z
DU/1990/490,1990,490,Oświadczenie rządowe,"Oświadczenie rządowe z dnia 15 listopada 1990 r. w sprawie wejścia w życie zmian do załączników A i B do Umowy europejskiej dotyczącej międzynarodowego przewozu drogowego towarów niebezpiecznych (ADR), sporządzonej w Genewie dnia 30 września 1957 r.",1990-11-15,1990-12-07,2019-03-26T10:36:58,b6301e423a1147238d2f9ae6c0a4e122a363577ec720467302e7a1a98e0c4247,1,120,1,0,1,0,ok,,eli2md 0.6.31,2026-10-05T00:29:33Z
DU/1990/491,1990,491,Rozporządzenie,Rozporządzenie Prezydenta Rzeczypospolitej Polskiej z dnia 22 listopada 1990 r. w sprawie postępowania dyscyplinarnego w stosunku do sędziów sądów wojskowych.,1990-11-22,1990-12-07,2014-12-31T12:25:38,8bb6a370c30585efd9d179caac8165ae1b8950e909b649cd75bf15442172f79b,4,2551,4,0,4,0,ok,,eli2md 0.6.31,2026-10-05T00:29:33Z
DU/1990/492,1990,492,Rozporządzenie,Rozporządzenie Rady Ministrów z dnia 30 listopada 1990 r. w sprawie szczegółowych zasad współpracy Policji ze strażami miejskimi oraz zakresu nadzoru fachowego i pomocy udzielanej tym strażom przez Komendanta Głównego Policji.,1990-11-30,1990-12-07,2014-12-31T12:25:38,25a24e6cd2af105825c80da9906d2a708051952d68b6d61798de34f434c19d0e,1,407,1,0,1,0,ok,,eli2md 0.6.31,2026-10-05T00:29:33Z
DU/1990/493,1990,493,Rozporządzenie,Rozporządzenie Rady Ministrów z dnia 1 grudnia 1990 r. w sprawie form zapłaty za akcje nabywane od Skarbu Państwa.,1990-12-01,1990-12-07,2014-12-31T12:25:38,f8ce196314ec83b5e8b27b2b6a549ff20d54355ad892ec071d0dff7f9f960361,2,238,2,0,2,0,ok,,eli2md 0.6.31,2026-10-05T00:29:33Z
DU/1990/494,1990,494,Rozporządzenie,Rozporządzenie Rady Ministrów z dnia 1 grudnia 1990 r. w sprawie wynagrodzeń prokuratorów oraz asesorów i aplikantów prokuratury.,1990-12-01,1990-12-07,2014-12-31T12:25:38,e6584845520814bbb773d12a84eb2328c5537d26df59d71341e537ca0907b5e1,2,567,2,0,2,0,ok,,eli2md 0.6.31,2026-10-05T00:29:33Z
DU/1990/495,1990,495,Rozporządzenie,Rozporządzenie Ministra Spraw Wewnętrznych z dnia 30 listopada 1990 r. zmieniające rozporządzenie w sprawie ustalania prawa do zaopatrzenia emerytalnego funkcjonariuszy Milicji Obywatelskiej oraz ich rodzin i w sprawie wypłaty świadczeń pieniężnych z tytułu tego zaopatrzenia.,1990-11-30,1990-12-07,2014-12-31T12:25:38,7cef95011a8afb69da7903e3a0c92d06d29da4190c91d9e43585cac017a03eab,2,583,2,0,2,0,ok,,eli2md 0.6.31,2026-10-05T00:29:33Z
DU/1990/496,1990,496,Rozporządzenie,"Rozporządzenie Ministra Zdrowia i Opieki Społecznej z dnia 23 listopada 1990 r. zmieniające rozporządzenie w sprawie uposażenia pracowników zakładów społecznych służby zdrowia, zakładów pomocy społecznej i zakładów rehabilitacji zawodowej inwalidów.",1990-11-23,1990-12-07,2022-04-19T12:10:17,06e529cee6ec97ac6c62f614c35a69fbc63ab669c6c652da20e3aaa586a34290,7,2510,7,0,7,0,ok,,eli2md 0.6.31,2026-10-05T00:29:33Z
DU/1990/497,1990,497,Rozporządzenie,Rozporządzenie Ministra Zdrowia i Opieki Społecznej z dnia 28 listopada 1990 r. zmieniające rozporządzenie w sprawie wymagań kwalifikacyjnych od pracowników na poszczególnych stanowiskach pracy.,1990-11-28,1990-12-07,2014-12-31T12:25:38,0dc782d94af332b90157b025c3848d191c52adc92c12a156ae38f1a64c8ec8df,7,1795,7,0,7,0,ok,,eli2md 0.6.31,2026-10-05T00:29:33Z
DU/1990/500,1990,500,Rozporządzenie,Rozporządzenie Rady Ministrów z dnia 1 grudnia 1990 r. w sprawie wykazu prac wzbronionych młodocianym.,1990-12-01,1990-12-14,2014-12-31T12:25:38,235a172b5c7bcf36f4c62a53249c4d765e38c71eb2dd54749f8c0625e80aafdf,11,5822,11,0,11,0,ok,,eli2md 0.6.31,2026-10-05T00:29:33Z
DU/1990/501,1990,501,Rozporządzenie,Rozporządzenie Rady Ministrów z dnia 1 grudnia 1990 r. zmieniające rozporządzenie w sprawie nadania statutu organizacyjnego Ministerstwu Spraw Wewnętrznych.,1990-12-01,1990-12-14,2014-12-31T12:25:38,2f7ab09e04d553c9e1506f1048f8796af1d4082e06f63f1b55f3dd26dedd44ce,1,138,1,0,1,0,ok,,eli2md 0.6.31,2026-10-05T00:29:33Z
DU/1990/502,1990,502,Rozporządzenie,Rozporządzenie Rady Ministrów z dnia 3 grudnia 1990 r. zmieniające rozporządzenie w sprawie zasad wynagradzania niektórych dyrektorów przedsiębiorstw państwowych.,1990-12-03,1990-12-14,2014-12-31T12:25:38,26710a43302dc9bef2f2693dbf181c45608065cdfa87193e4fd1ecb247b3a3d8,1,113,1,0,1,0,ok,,eli2md 0.6.31,2026-10-05T00:29:33Z
DU/1990/507,1990,507,Rozporządzenie,Rozporządzenie Ministra Sprawiedliwości z dnia 7 grudnia 1990 r. zmieniające rozporządzenie w sprawie wzoru i sposobu prowadzenia rejestru stowarzyszeń.,1990-12-07,1990-12-17,2014-12-31T12:25:38,212a2dd3eeab6d1fa2a3473e2c018637edcb47243a03a0f5df3498d012a60bfe,2,207,2,0,2,0,ok,,eli2md 0.6.31,2026-10-05T00:29:33Z
DU/1990/508,1990,508,Rozporządzenie,Rozporządzenie Ministra Współpracy Gospodarczej z Zagranicą z dnia 5 grudnia 1990 r. zmieniające rozporządzenie w sprawie określenia siedzib oraz właściwości miejscowej i rzeczowej urzędów celnych.,1990-12-05,1990-12-17,2014-12-31T12:25:38,03d227e330a806104073de82e8f504ad5ee68a8ce737b3b5a3fe5105cd045a34,1,270,1,0,1,0,ok,,eli2md 0.6.31,2026-10-05T00:29:33Z
DU/1990/509,1990,509,Rozporządzenie,"Rozporządzenie Rady Ministrów z dnia 3 grudnia 1990 r. zmieniające rozporządzenie w sprawie zakresu stosowania ustawy o przedsiębiorstwach państwowych oraz o samorządzie załogi przedsiębiorstwa państwowego do przedsiębiorstw państwowych wykonujących w całości lub w przeważającej części zadania dla potrzeb obronności i bezpieczeństwa Państwa, a także do wykonujących te zadania jednostek organizacyjnych innych przedsiębiorstw.",1990-12-03,1990-12-21,2014-12-31T12:25:38,e7414d20e83e60f17de68749b7f26a2509134c208889cf38728483072239af61,1,282,1,0,1,0,ok,,eli2md 0.6.31,2026-10-05T00:29:33Z
DU/1990/510,1990,510,Rozporządzenie,Rozporządzenie Rady Ministrów z dnia 11 grudnia 1990 r. zmieniające rozporządzenie w sprawie utworzenia Roztoczańskiego Parku Narodowego.,1990-12-11,1990-12-21,2019-10-22T14:40:52,4989c42da5714bdd59337c9bb51d0b5fa7165c0d0e3cc2ea166bafae80d5ac34,2,1151,2,0,2,0,ok,,eli2md 0.6.31,2026-10-05T00:29:33Z
DU/1990/511,1990,511,Rozporządzenie,Rozporządzenie Rady Ministrów z dnia 11 grudnia 1990 r. zmieniające rozporządzenie w sprawie opłat za gospodarcze korzystanie ze środowiska i wprowadzanie w nim zmian.,1990-12-11,1990-12-21,2014-12-31T12:25:38,242e1d4c5c8f6e857ad045bcadfe5873949884070cf62eee4e41679c5d74598c,6,2115,6,0,6,0,ok,,eli2md 0.6.31,2026-10-05T00:29:33Z
DU/1990/512,1990,512,Rozporządzenie,"Rozporządzenie Rady Ministrów z dnia 11 grudnia 1990 r. zmieniające rozporządzenie w sprawie wysokości, zasad i trybu nakładania kar pieniężnych za nieprzestrzeganie wymagań ochrony środowiska.",1990-12-11,1990-12-21,2014-12-31T12:25:38,484a1585ceb6bb78ebc05142827204c2e097aa905abf6df0ac3e8af628ecf1d9,2,490,2,0,2,0,ok,,eli2md 0.6.31,2026-10-05T00:29:33Z
DU/1990/513,1990,513,Rozporządzenie,Rozporządzenie Rady Ministrów z dnia 11 grudnia 1990 r. zmieniające rozporządzenie w sprawie opłat za szczególne korzystanie z wód i urządzeń wodnych.,1990-12-11,1990-12-21,2014-12-31T12:25:38,fbf9609afaaa21c1fdfd177162068fa5275828705a5781bd93e6a43f064e160b,2,705,2,0,2,0,ok,,eli2md 0.6.31,2026-10-05T00:29:33Z
DU/1990/514,1990,514,Rozporządzenie,"Rozporządzenie Rady Ministrów z dnia 11 grudnia 1990 r. zmieniające rozporządzenie w sprawie kar pieniężnych za naruszanie warunków, jakim powinny odpowiadać ścieki wprowadzane do wód lub do ziemi.",1990-12-11,1990-12-21,2014-12-31T12:25:38,fb850b2d009a776bcfbf725d4f3f626dfd191008e9eb91eb56b2decacb04f540,2,464,2,0,2,0,ok,,eli2md 0.6.31,2026-10-05T00:29:33Z
DU/1990/515,1990,515,Rozporządzenie,Rozporządzenie Ministra Finansów z dnia 12 grudnia 1990 r. uchylające niektóre rozporządzenia w sprawie zryczałtowania podatków obrotowego i dochodowego.,1990-12-12,1990-12-21,2019-03-08T14:09:19,999f936bb1340acdbdbaf6bc87e6cc4248a7deb438c621698d4ba846a16f0ab6,1,548,1,0,1,0,ok,,eli2md 0.6.31,2026-10-05T00:29:33Z
DU/1990/516,1990,516,Rozporządzenie,Rozporządzenie Ministra Finansów z dnia 12 grudnia 1990 r. w sprawie prowadzenia podatkowej księgi przychodów i rozchodów.,1990-12-12,1990-12-21,2014-12-31T12:25:38,a2903cbcabbb9f9f89715efa3e7a6b2297a4c2db1d10139fce157685807580a4,6,4842,6,0,6,0,ok,,eli2md 0.6.31,2026-10-05T00:29:33Z
DU/1990/519,1990,519,Rozporządzenie,Rozporządzenie Rady Ministrów z dnia 12 grudnia 1990 r. w sprawie warunków dziedziczenia ustawowego gospodarstw rolnych.,1990-12-12,1990-12-24,2014-12-31T12:25:38,20c5b3872e4adc64c3d56040055ce068ac20af0d016ea665bb2121202869abfe,1,336,1,0,1,0,ok,,eli2md 0.6.31,2026-10-05T00:29:33Z
DU/1990/520,1990,520,Rozporządzenie,Rozporządzenie Rady Ministrów z dnia 13 grudnia 1990 r. zmieniające rozporządzenie w sprawie wpisu od skarg na decyzje administracyjne.,1990-12-13,1990-12-24,2014-12-31T12:25:38,722458f942eac8d3dddf2d126cbf701e2bcd824aa732649bafe4af25bf11dea2,2,207,2,0,2,0,ok,,eli2md 0.6.31,2026-10-05T00:29:33Z
DU/1990/521,1990,521,Rozporządzenie,Rozporządzenie Rady Ministrów z dnia 13 grudnia 1990 r. zmieniające rozporządzenie w sprawie dozoru technicznego.,1990-12-13,1990-12-24,2014-12-31T12:25:38,510a466ada705b27eedbb2ef60e2445ec30ed40e0d56f6320ea2c38722bebcef,1,458,1,0,1,0,ok,,eli2md 0.6.31,2026-10-05T00:29:33Z
DU/1990/522,1990,522,Rozporządzenie,Rozporządzenie Rady Ministrów z dnia 17 grudnia 1990 r. zmieniające rozporządzenie w sprawie urządzeń zaopatrzenia w wodę i urządzeń kanalizacyjnych oraz opłat za wodę i wprowadzanie ścieków.,1990-12-17,1990-12-24,2014-12-31T12:25:38,cb439225e721e4690c030e540ae868d82dd00b2acb6bcef46a31f2578afb8dc3,1,195,1,0,1,0,ok,,eli2md 0.6.31,2026-10-05T00:29:33Z
DU/1990/523,1990,523,Rozporządzenie,Rozporządzenie Rady Ministrów z dnia 19 grudnia 1990 r. w sprawie określenia współczynnika korekty dla zwiększenia normy wypłat nagród i premii z zysku bilansowego za 1990 r.,1990-12-19,1990-12-24,2021-11-10T14:51:51,077e33fb68559a7cc16c4b3da6f282ef442fd1ab31d2347089ad0f5d500c1646,1,121,1,0,1,0,ok,,eli2md 0.6.31,2026-10-05T00:29:33Z
DU/1990/524,1990,524,Rozporządzenie,Rozporządzenie Ministra Finansów z dnia 12 grudnia 1990 r. w sprawie przeniesienia dotacji przedmiotowych między częściami budżetu centralnego w 1990 r.,1990-12-12,1990-12-24,2014-12-31T12:25:38,a7be759c9060b2d2f74eef17d0ba47410958ba46ecf7ce56f134403a1acbaa74,1,179,1,0,1,0,ok,,eli2md 0.6.31,2026-10-05T00:29:33Z
DU/1990/525,1990,525,Rozporządzenie,"Rozporządzenie Ministra Finansów z dnia 14 grudnia 1990 r. w sprawie określenia środków zaliczanych do środków własnych, sposobu wyliczenia i wysokości marginesu wypłacalności oraz minimalnej wysokości kapitału gwarancyjnego dla każdego rodzaju ubezpieczeń oraz dla działalności reasekuracyjnej.",1990-12-14,1990-12-24,2014-12-31T12:25:38,aec5849b843e8f104af1dea62675e87ee23f76c9f08be5ac53ebd15adc383ec5,3,2039,3,0,3,0,ok,,eli2md 0.6.31,2026-10-05T00:29:33Z
DU/1990/526,1990,526,Rozporządzenie,Rozporządzenie Ministra Finansów z dnia 18 grudnia 1990 r. w sprawie ogólnych warunków ubezpieczenia odpowiedzialności cywilnej rolników z tytułu prowadzenia gospodarstwa rolnego.,1990-12-18,1990-12-24,2014-12-31T12:25:38,e5b8b62119461246e502d4b0a01115020933396e62e2eea9a4fe2079b5fd0953,2,1273,2,0,2,0,ok,,eli2md 0.6.31,2026-10-05T00:29:33Z
DU/1990/527,1990,527,Rozporządzenie,Rozporządzenie Ministra Finansów z dnia 18 grudnia 1990 r. w sprawie ogólnych warunków ubezpieczenia odpowiedzialności cywilnej posiadaczy pojazdów mechanicznych za szkody powstałe w związku z ruchem tych pojazdów.,1990-12-18,1990-12-24,2014-12-31T12:25:38,8305497578e814ab5ea8eb631720a5202462164d9e654d59f119a5b16154e28b,3,1449,3,0,3,0,ok,,eli2md 0.6.31,2026-10-05T00:29:33Z
DU/1990/529,1990,529,Rozporządzenie,"Rozporządzenie Rady Ministrów z dnia 12 grudnia 1990 r. zmieniające rozporządzenie w sprawie uznawania składników majątkowych za środki trwałe oraz wartości niematerialne i prawne, zasad i stawek ich amortyzacji oraz aktualizacji wyceny środków trwałych.",1990-12-12,1990-12-28,2014-12-31T12:25:38,1f45cb8db34a94c3f2251391e458677eb80a4786ec8064eee3623d37b9245800,6,2617,6,0,6,0,ok,,eli2md 0.6.31,2026-10-05T00:29:33Z
DU/1990/530,1990,530,Rozporządzenie,Rozporządzenie Ministra Finansów z dnia 18 grudnia 1990 r. w sprawie zasad reasekuracji ryzyka u ubezpieczycieli zagranicznych.,1990-12-18,1990-12-28,2014-12-31T12:25:38,afad18e84483ce5d15c20db981a3723b571bec8e66e8e8bd9724e9c0d866e390,1,233,1,0,1,0,ok,,eli2md 0.6.31,2026-10-05T00:29:33Z
DU/1990/531,1990,531,Rozporządzenie,Rozporządzenie Ministra Pracy i Polityki Socjalnej z dnia 21 grudnia 1990 r. w sprawie zasad ustalania przeciętnej miesięcznej liczby zatrudnionych w celu naliczania odpisów na zakładowe fundusze socjalny i mieszkaniowy w uspołecznionych zakładach pracy.,1990-12-21,1990-12-28,2014-12-31T12:25:38,d21d27a7660453e6fd5d41d17ecdb14dde5b19eb7e3c1f297896131cd21f15b9,2,365,2,0,2,0,ok,,eli2md 0.6.31,2026-10-05T00:29:33Z
DU/1990/532,1990,532,Rozporządzenie,"Rozporządzenie Ministra Rolnictwa i Gospodarki Żywnościowej z dnia 17 grudnia 1990 r. w sprawie premii autorskich, hodowlanych i pomocniczych oraz opłat hodowlanych.",1990-12-17,1990-12-28,2014-12-31T12:25:38,fe4323b123a8e37fbbb2b663f01c3d9319afb1a2c2d7dcbff115af2dc52ae6db,5,2431,5,0,5,0,ok,,eli2md 0.6.31,2026-10-05T00:29:33Z
DU/1990/533,1990,533,Rozporządzenie,Rozporządzenie Ministra Sprawiedliwości z dnia 18 grudnia 1990 r. zmieniające rozporządzenie w sprawie ustalenia zakresów właściwości miejscowej istniejących kolegiów do spraw wykroczeń oraz powołania kolegiów do spraw wykroczeń przy Sądzie Rejonowym w Muszynie i przy Sądzie Rejonowym w Ostrzeszowie.,1990-12-18,1990-12-28,2014-12-31T12:25:38,92a6f7dc778f1d463c05e0e854ad15d4fa068ec91d17f0e8ee93edb37734eb43,1,320,1,0,1,0,ok,,eli2md 0.6.31,2026-10-05T00:29:33Z
DU/1990/534,1990,534,Rozporządzenie,Rozporządzenie Ministra Sprawiedliwości z dnia 19 grudnia 1990 r. zmieniające rozporządzenie w sprawie utworzenia sądów wojewódzkich i sądów rejonowych oraz ustalenia ich siedzib i obszarów właściwości.,1990-12-19,1990-12-28,2014-12-31T12:25:38,486a4eab088c7e42a6828e9d7fda44c35a3d8130e76d2b0c68f6962d1e3ca53b,2,542,2,0,2,0,ok,,eli2md 0.6.31,2026-10-05T00:29:33Z
DU/1990/535,1990,535,Rozporządzenie,Rozporządzenie Ministra Sprawiedliwości z dnia 19 grudnia 1990 r. zmieniające rozporządzenie w sprawie utworzenia sądów gospodarczych w sądach wojewódzkich i sądach rejonowych oraz ustalenia ich siedzib i obszarów właściwości.,1990-12-19,1990-12-28,2014-12-31T12:25:38,9fa816f48216513f061fe6fa598ba38fb75f6be8ef3275f06553d4bf195755ef,2,303,2,0,2,0,ok,,eli2md 0.6.31,2026-10-05T00:29:33Z
DU/1990/536,1990,536,Rozporządzenie,Rozporządzenie Ministra Sprawiedliwości z dnia 19 grudnia 1990 r. zmieniające rozporządzenie w sprawie utworzenia sądów pracy i ubezpieczeń społecznych (wydziałów pracy i ubezpieczeń społecznych) w sądach wojewódzkich i sądów pracy (wydziałów pracy) w sądach rejonowych oraz ustalenia ich siedzib i obszarów właściwości.,1990-12-19,1990-12-28,2014-12-31T12:25:38,a776fd304f71e3a264c17bb19a06c2b25de0f057c133ad6440a45d7c9788f513,1,317,1,0,1,0,ok,,eli2md 0.6.31,2026-10-05T00:29:33Z
DU/1990/537,1990,537,Rozporządzenie,Rozporządzenie Ministra Sprawiedliwości z dnia 19 grudnia 1990 r. zmieniające rozporządzenie w sprawie określenia państwowych biur notarialnych i oddziałów tych biur prowadzących księgi wieczyste oraz ustalenia obszarów ich właściwości miejscowej.,1990-12-19,1990-12-28,2014-12-31T12:25:38,ab72bb996c7b47a04258a25271ae98d594152b031e9d8edb51fea151adc3964f,1,227,1,0,1,0,ok,,eli2md 0.6.31,2026-10-05T00:29:33Z
DU/1990/538,1990,538,Rozporządzenie,Rozporządzenie Ministra Współpracy Gospodarczej z Zagranicą z dnia 21 grudnia 1990 r. w sprawie ustanowienia kontyngentów na przywóz alkoholi skażonych i niektórych napojów alkoholowych.,1990-12-21,1990-12-28,2014-12-31T12:25:38,7253eb40694371bc6f070bd4603261b059cd0ed5ffafca602a796acbecced6ae,1,323,1,0,1,0,ok,,eli2md 0.6.31,2026-10-05T00:29:33Z
DU/1990/539,1990,539,Rozporządzenie,Rozporządzenie Rady Ministrów z dnia 19 grudnia 1990 r. zmieniające rozporządzenie w sprawie zawieszenia do dnia 30 czerwca 1991 r. pobierania ceł od niektórych towarów.,1990-12-19,1990-12-29,2014-12-31T12:25:38,90d12d1133963faa9213996688dfe2a6528cf2f765424cb11f523bb4f65d7d0e,80,44635,80,0,80,0,ok,,eli2md 0.6.31,2026-10-05T00:29:36Z
DU/1990/542,1990,542,Rozporządzenie,Rozporządzenie Rady Ministrów z dnia 19 grudnia 1990 r. w sprawie ustanowienia w 1991 r. czasowego ograniczenia przywozu niektórych towarów.,1990-12-19,1990-12-31,2014-12-31T12:25:38,2cbe10a8891163df2c1f14fe17ac25f796cd5e47a28bdf027e4f6b02e5b1424c,1,211,1,0,1,0,ok,,eli2md 0.6.31,2026-10-05T00:29:36Z
DU/1990/543,1990,543,Rozporządzenie,"Rozporządzenie Rady Ministrów z dnia 19 grudnia 1990 r. w sprawie ustanowienia czasowego ograniczenia przywozu piwa, napojów winnych i wyrobów tytoniowych.",1990-12-19,1990-12-31,2014-12-31T12:25:38,e1f54ac5a0d14be552ebe028ebee0deee8a2367742fa36d7326d22a13d304254,2,280,2,0,2,0,ok,,eli2md 0.6.31,2026-10-05T00:29:36Z
DU/1990/544,1990,544,Rozporządzenie,Rozporządzenie Rady Ministrów z dnia 19 grudnia 1990 r. w sprawie ustanowienia czasowych ograniczeń wywozu niektórych towarów.,1990-12-19,1990-12-31,2014-12-31T12:25:38,2a956d87b2f7b5c9abbcfcc4664804cc1eca70676126f178e4c9420438846deb,2,501,2,0,2,0,ok,,eli2md 0.6.31,2026-10-05T00:29:36Z
DU/1990/545,1990,545,Rozporządzenie,Rozporządzenie Ministra Finansów z dnia 21 grudnia 1990 r. w sprawie karty podatkowej.,1990-12-21,1990-12-31,2014-12-31T12:25:38,a1db055f3b90286d356fe4a59bf4b4098aa3c4ae4594d206ce109fe604967817,23,12221,23,0,23,0,ok,,eli2md 0.6.31,2026-10-05T00:29:36Z
DU/1990/546,1990,546,Rozporządzenie,Rozporządzenie Ministra Finansów z dnia 21 grudnia 1990 r. w sprawie ogólnych warunków ubezpieczenia obowiązkowego budynków wchodzących w skład gospodarstwa rolnego od ognia i innych zdarzeń losowych.,1990-12-21,1990-12-31,2014-12-31T12:25:38,a4eee7bfbdf9679ec332e070aa7d9407454ac04ec1df3e03345e88e9d3e5b335,4,2051,4,0,4,0,ok,,eli2md 0.6.31,2026-10-05T00:29:36Z
DU/1990/547,1990,547,Rozporządzenie,"Rozporządzenie Ministra Sprawiedliwości z dnia 28 grudnia 1990 r. zmieniające rozporządzenie w sprawie stawek, warunków przyznawania i wypłaty ryczałtu przysługującego sędziom i pracownikom sądowym za dokonanie oględzin oraz stawek należności kuratorów.",1990-12-28,1990-12-31,2014-12-31T12:25:38,3ae9d063dd99c8c9b57d1731621e3bd000b0d9ba51f1e8df7407eecbe985a92f,2,197,2,0,2,0,ok,,eli2md 0.6.31,2026-10-05T00:29:36Z
DU/1991/2,1991,2,Rozporządzenie,Rozporządzenie z dnia 21 grudnia 1990 r. w sprawie wyłączania nieruchomości zamiennych lub nakładania obowiązku zapłaty odszkodowania na rzecz kościelnych osób prawnych.,1990-12-21,1991-01-04,2014-12-31T12:25:38,83234d20478864747b97ccab028cc4f9efeb1e8092a063bfd5cca4e491e4a406,1,770,1,0,1,0,ok,,eli2md 0.6.31,2026-10-05T00:29:41Z
DU/1991/3,1991,3,Rozporządzenie,Rozporządzenie Rady Ministrów z dnia 22 grudnia 1990 r. w sprawie wprowadzenia dodatkowych zwolnień celnych w obrocie towarowym pomiędzy wolnym obszarem celnym a pozostałym polskim obszarem celnym.,1990-12-22,1991-01-04,2014-12-31T12:25:38,61283171032fea90fda74e7d3e78f7b3bcffc5a3b1c4f7c823d584dcd90ef377,2,1353,2,0,2,0,ok,,eli2md 0.6.31,2026-10-05T00:29:42Z
DU/1991/4,1991,4,Rozporządzenie,Rozporządzenie Rady Ministrów z dnia 27 grudnia 1990 r. zmieniające rozporządzenie w sprawie ceł na towary przywożone z zagranicy.,1990-12-27,1991-01-04,2014-12-31T12:25:38,cf0e993dab97228e5e1eb0e246177a0faffa8b53403c7fcc64d9976e19a5c432,2,823,2,0,2,0,ok,,eli2md 0.6.31,2026-10-05T00:29:42Z
DU/1991/8,1991,8,Rozporządzenie,"Rozporządzenie Rady Ministrów z dnia 22 grudnia 1990 r. w sprawie utworzenia, zniesienia, zmiany granic, nazw i ustalenia siedzib niektórych gmin w województwach: bielskim, bydgoskim, elbląskim, gdańskim, katowickim, kieleckim, krośnieńskim, nowosądeckim i siedleckim oraz nadania statutu miasta.",1990-12-22,1991-01-07,2014-12-31T12:25:38,1611d23f041ed0d18bb0e2db69dd63cf6f6330ab88f3d577d2af7341d9c6a0e1,2,1550,2,0,2,0,ok,,eli2md 0.6.31,2026-10-05T00:29:42Z
DU/1991/9,1991,9,Rozporządzenie,"Rozporządzenie Rady Ministrów z dnia 27 grudnia 1990 r. w sprawie podziału wspólnych organów dla miast i sąsiadujących z nimi gmin oraz ustalenia granic, nazw gmin i ich siedzib.",1990-12-27,1991-01-07,2014-12-31T12:25:38,5464b1b0065eb67bdddb7bfe30efaa3580894ab74abe3c3bf533e28e1c55c288,2,1052,2,0,2,0,ok,,eli2md 0.6.31,2026-10-05T00:29:42Z
DU/1991/10,1991,10,Rozporządzenie,Rozporządzenie Ministra Przekształceń Własnościowych z dnia 20 listopada 1990 r. w sprawie sposobu przeprowadzania analiz prawnych i ekonomiczno-finansowych przedsiębiorstwa spółki ich finansowania oraz kwalifikacji wymaganych od osób dokonujących analiz.,1990-11-20,1991-01-07,2014-12-31T12:25:38,865d190ec7d4f6661f5763fb170a4a268233007946c5d8e48f6aa2cbf44885fb,1,446,1,0,1,0,ok,,eli2md 0.6.31,2026-10-05T00:29:42Z
DU/1991/11,1991,11,Rozporządzenie,Rozporządzenie Ministra Przekształceń Własnościowych z dnia 20 listopada 1990 r. w sprawie zasad finansowania udostępniania akcji Skarbu Państwa w spółkach powstałych w wyniku przekształceń przedsiębiorstw państwowych.,1990-11-20,1991-01-07,2014-12-31T12:25:38,26c5e70bcefd14040bbb60d015ac365523d07f92845db3e013fd35d4dee78a89,2,546,2,0,2,0,ok,,eli2md 0.6.31,2026-10-05T00:29:42Z
DU/1991/12,1991,12,Rozporządzenie,"Rozporządzenie Rady Ministrów z dnia 28 grudnia 1990 r. w sprawie połączenia niektórych miast i gmin, w których dotychczas działały wspólne organy.",1990-12-28,1991-01-11,2014-12-31T12:25:38,20351b4d831d875cb7cd98305ab92ffefa7efba044adef01711e70e42825f673,4,2740,4,0,4,0,ok,,eli2md 0.6.31,2026-10-05T00:29:46Z
DU/1991/13,1991,13,Rozporządzenie,"Rozporządzenie Rady Ministrów z dnia 7 stycznia 1991 r. w sprawie ustalenia wysokości współczynnika korygującego za styczeń 1991 r. oraz określenia przeciętnego miesięcznego wynagrodzenia stanowiącego podstawę ustalenia normy przeciętnego wynagrodzenia dla podatników, którzy podjęli działalność w 1991 r.",1991-01-07,1991-01-11,2014-12-31T12:25:38,6ee94bf3e2fc77ae06797018e6597551298d37a057a84f7ae795ad41e48e0cea,1,159,1,0,1,0,ok,,eli2md 0.6.31,2026-10-05T00:29:46Z
DU/1991/14,1991,14,Rozporządzenie,Rozporządzenie Ministra Sprawiedliwości z dnia 31 grudnia 1990 r. zmieniające rozporządzenie w sprawie regulaminu wykonywania kary pozbawienia wolności.,1990-12-31,1991-01-11,2024-11-25T09:48:06,ee7d20501226895e02180bb532e9b93286716d51d69fa192a46acd20d789f40e,2,872,2,0,2,0,ok,,eli2md 0.6.31,2026-10-05T00:29:46Z
DU/1991/15,1991,15,Rozporządzenie,Rozporządzenie Ministra Sprawiedliwości z dnia 31 grudnia 1990 r. zmieniające rozporządzenie w sprawie regulaminu wykonywania tymczasowego aresztowania.,1990-12-31,1991-01-11,2024-11-25T09:48:06,3444cec984a90ca273b6742f4c0d0b74839255a620eff8e8b36358a9f7498793,1,331,1,0,1,0,ok,,eli2md 0.6.31,2026-10-05T00:29:46Z
DU/1991/16,1991,16,Rozporządzenie,Rozporządzenie Ministra - Szefa Urzędu Rady Ministrów z dnia 31 grudnia 1990 r. zmieniające rozporządzenie w sprawie określenia siedzib i terytorialnego zasięgu działania urzędów rejonowych.,1990-12-31,1991-01-11,2014-12-31T12:25:38,7e04420f4be18358b49388299059ae2032798ad823d3a24ec99ac5283de2bc3d,3,1471,3,0,3,0,ok,,eli2md 0.6.31,2026-10-05T00:29:46Z
DU/1991/19,1991,19,Rozporządzenie,Rozporządzenie Prezydenta Rzeczypospolitej Polskiej z dnia 7 stycznia 1991 r. zmieniające rozporządzenie w sprawie szczegółowych zasad wynagradzania ministrów stanu oraz szefa i zastępców szefa Kancelarii Prezydenta Rzeczypospolitej Polskiej.,1991-01-07,1991-01-19,2025-02-06T10:55:30,cd4c2a54e8f8aa43e7252741d24da50225c41a732fb404f3e63db8dceabea680,1,401,1,0,1,0,ok,,eli2md 0.6.31,2026-10-05T00:29:46Z
DU/1991/20,1991,20,Rozporządzenie,"Rozporządzenie Ministra Finansów z dnia 11 stycznia 1991 r. zmieniające rozporządzenie w sprawie stawek podatku obrotowego od osób fizycznych i osób prawnych nie będących jednostkami gospodarki uspołecznionej oraz ulg, zwolnień i trybu płatności tego podatku.",1991-01-11,1991-01-19,2014-12-31T12:25:38,33e434551ea510d8d137a1f8edba3687af1161a8d4277fe98cb96a4f266b4cdb,1,486,1,0,1,0,ok,,eli2md 0.6.31,2026-10-05T00:29:46Z
DU/1991/21,1991,21,Rozporządzenie,Rozporządzenie Ministra Finansów z dnia 11 stycznia 1991 r. zmieniające rozporządzenie w sprawie opodatkowania podatkiem obrotowym niektórych towarów sprowadzanych przez osoby fizyczne lub nadesłanych tym osobom z zagranicy.,1991-01-11,1991-01-19,2014-12-31T12:25:38,3271f9c7ae8fe43197f23945a61c4b1eab92991212123bd12bff9e984c98eca2,1,175,1,0,1,0,ok,,eli2md 0.6.31,2026-10-05T00:29:46Z
DU/1991/22,1991,22,Rozporządzenie,Rozporządzenie Ministra Transportu i Gospodarki Morskiej z dnia 21 grudnia 1990 r. zmieniające rozporządzenie w sprawie wysokości opłat za sprawdzenie kwalifikacji osób ubiegających się o uprawnienie do kierowania pojazdami oraz wysokości wynagrodzenia egzaminatorów.,1990-12-21,1991-01-19,2014-12-31T12:25:38,7c0b7fb7b88cc6932c51317e16ae6d24044f02d00f0d21d86fefe041e6c9f392,2,464,2,0,2,0,ok,,eli2md 0.6.31,2026-10-05T00:29:46Z
DU/1991/23,1991,23,Rozporządzenie,Rozporządzenie Ministra Finansów z dnia 27 grudnia 1990 r. w sprawie zasad rachunkowości ubezpieczeniowej i sprawozdawczości finansowej oraz zasad obliczania wyniku finansowego ubezpieczycieli.,1990-12-27,1991-01-22,2014-12-31T12:25:38,42cf51d390271a5c8717119bbed70616f7cce77dca8194f30d4a295e99b0c109,24,15983,24,0,24,0,ok,,eli2md 0.6.31,2026-10-05T00:30:11Z
DU/1991/32,1991,32,Rozporządzenie,"Rozporządzenie Rady Ministrów z dnia 22 stycznia 1991 r. w sprawie warunków, form, trybu przyznawania i wypłacania oraz wysokości świadczeń pomocy materialnej dla studentów studiów dziennych.",1991-01-22,1991-01-30,2014-12-31T12:25:38,435e9c6f94b31c5d3c5fac39197dd90c5c9329c9fd57c6c6fcc34cabe171b03e,2,1213,2,0,2,0,ok,,eli2md 0.6.31,2026-10-05T00:30:11Z
DU/1991/33,1991,33,Rozporządzenie,Rozporządzenie Rady Ministrów z dnia 22 stycznia 1991 r. zmieniające rozporządzenie w sprawie czynszów najmu za lokale mieszkalne i użytkowe.,1991-01-22,1991-01-30,2014-12-31T12:25:38,93b3244d89d99db644c2c01f5905a2c69f9a908e7099805ad52fb324ba7952f7,1,205,1,0,1,0,ok,,eli2md 0.6.31,2026-10-05T00:30:11Z
DU/1991/34,1991,34,Rozporządzenie,Rozporządzenie Ministra Finansów z dnia 30 stycznia 1991 r. w sprawie podatku od środków transportowych.,1991-01-30,1991-01-30,2014-12-31T12:25:38,d8998271fcf2274cd021d94f9ad317b46d260f9c95f1ee02f761db6e281e38ef,1,481,1,0,1,0,ok,,eli2md 0.6.31,2026-10-05T00:30:11Z
DU/1991/35,1991,35,Rozporządzenie,Rozporządzenie Ministra Finansów z dnia 15 stycznia 1991 r. w sprawie zasad prowadzenia rachunkowości.,1991-01-15,1991-02-05,2014-12-31T12:25:38,69f130491ae475a3d49ab339cf69ca8ba03fdad48d124cfa39d65ab62ac82910,16,12878,16,0,16,0,ok,,eli2md 0.6.31,2026-10-05T00:30:11Z
DU/1991/37,1991,37,Rozporządzenie,Rozporządzenie Rady Ministrów z dnia 22 stycznia 1991 r. zmieniające rozporządzenie w sprawie wynagradzania pracowników samorządowych w 1990 r.,1991-01-22,1991-02-06,2014-12-31T12:25:38,c344a6f9d759f6258c17f8bdb68669cd55d082a752c062f2b27040a02e86a267,1,338,1,0,1,0,ok,,eli2md 0.6.31,2026-10-05T00:30:11Z
DU/1991/38,1991,38,Rozporządzenie,Rozporządzenie Rady Ministrów z dnia 23 stycznia 1991 r. zmieniające rozporządzenie w sprawie składu komisji poborowych i wynagradzania za udział w pracach tych komisji.,1991-01-23,1991-02-06,2014-12-31T12:25:38,78cd248e09a29292d4735f8cc775659795e0e0ee6a1814f4b17230f048ba44c2,2,624,2,0,2,0,ok,,eli2md 0.6.31,2026-10-05T00:30:11Z
DU/1991/39,1991,39,Rozporządzenie,Rozporządzenie Rady Ministrów z dnia 25 stycznia 1991 r. zmieniające rozporządzenie w sprawie utworzenia Bieszczadzkiego Parku Narodowego.,1991-01-25,1991-02-06,2014-12-31T12:25:38,39287fd811dc656f64ba69711cc3c3bb8c139d895b0f4df78bd40b6657d99fe9,2,1249,2,0,2,0,ok,,eli2md 0.6.31,2026-10-05T00:30:11Z
DU/1991/40,1991,40,Rozporządzenie,Rozporządzenie Rady Ministrów z dnia 26 stycznia 1991 r. w sprawie zmian w podatku wyrównawczym.,1991-01-26,1991-02-06,2014-12-31T12:25:38,ca8ddb83a62b6b2160d89f7184636160ff1cb7a4cc98263587bce717885ebe02,1,266,1,0,1,0,ok,,eli2md 0.6.31,2026-10-05T00:30:11Z
DU/1991/41,1991,41,Rozporządzenie,Rozporządzenie Prezesa Rady Ministrów z dnia 29 stycznia 1991 r. zmieniające rozporządzenie w sprawie nadania funkcjonariuszom niektórych organów uprawnień do nakładania grzywien w drodze mandatu karnego.,1991-01-29,1991-02-06,2014-12-31T12:25:38,c6d7dadba8ee9116141cba249f8fed763a8c4a8a5f2ad2d29be309eb64667ed2,1,203,1,0,1,0,ok,,eli2md 0.6.31,2026-10-05T00:30:11Z
DU/1991/42,1991,42,Rozporządzenie,Rozporządzenie Ministra Finansów z dnia 24 stycznia 1991 r. zmieniające rozporządzenie w sprawie opodatkowania przychodów osób duchownych.,1991-01-24,1991-02-06,2014-12-31T12:25:38,25f0346ea50441df6d68587fd47bb1baf7145169a25ba6030a2275baec03c281,1,369,1,0,1,0,ok,,eli2md 0.6.31,2026-10-05T00:30:11Z
DU/1991/43,1991,43,Rozporządzenie,Rozporządzenie Ministrów Spraw Wewnętrznych i Obrony Narodowej z dnia 23 stycznia 1991 r. zmieniające rozporządzenie w sprawie przygotowania i przeprowadzenia poboru.,1991-01-23,1991-02-06,2014-12-31T12:25:38,f9f2ce545bcdf1fd28143e49fcd3d1f3daf0745148d990139705a2a12a033fca,2,716,2,0,2,0,ok,,eli2md 0.6.31,2026-10-05T00:30:11Z
DU/1991/44,1991,44,Rozporządzenie,"Rozporządzenie Ministra Zdrowia i Opieki Społecznej z dnia 17 stycznia 1991 r. zmieniające rozporządzenie w sprawie trybu doprowadzania osób w stanie nietrzeźwości, organizacji izb wytrzeźwień i zakresu opieki zdrowotnej oraz opłat związanych z doprowadzaniem i pobytem w izbie wytrzeźwień lub w jednostce Milicji Obywatelskiej.",1991-01-17,1991-02-06,2014-12-31T12:25:38,1002c2e269f1bab0e8b73213c282ffa054b1dfc40132e81f155547dc17c88ac6,2,483,2,0,2,0,ok,,eli2md 0.6.31,2026-10-05T00:30:11Z
DU/1991/45,1991,45,Uchwała,Uchwała Trybunału Konstytucyjnego z dnia 23 stycznia 1991 r. w sprawie wykładni art. V ustawy z dnia 19 kwietnia 1969 r. - Przepisy wprowadzające Kodeks karny.,1991-01-23,1991-02-06,2014-12-31T12:25:38,e93db1c111a7d2c58d4de1162e679a6317a9dff1ba496e4685cf460e469228fb,1,322,1,0,1,0,ok,,eli2md 0.6.31,2026-10-05T00:30:11Z
DU/1991/47,1991,47,Rozporządzenie,Rozporządzenie Rady Ministrów z dnia 5 lutego 1991 r. zmieniające rozporządzenie w sprawie zasad wynagradzania niektórych dyrektorów przedsiębiorstw państwowych.,1991-02-05,1991-02-12,2014-12-31T12:25:38,b64588f50ff6240ae8bdba6000484725a1533f8046ee2c313bdc676767dbf328,1,147,1,0,1,0,ok,,eli2md 0.6.31,2026-10-05T00:30:11Z
DU/1991/48,1991,48,Rozporządzenie,Rozporządzenie Rady Ministrów z dnia 5 lutego 1991 r. w sprawie zasad przyznawania prowizji od zysku przedsiębiorstwa państwowego za rok 1990.,1991-02-05,1991-02-12,2014-12-31T12:25:38,c7c75f4359e54e0e72c7ab44b9610ff9762e47fc0a5767918038288f238985bb,1,479,1,0,1,0,ok,,eli2md 0.6.31,2026-10-05T00:30:11Z
DU/1991/49,1991,49,Rozporządzenie,"Rozporządzenie Rady Ministrów z dnia 5 lutego 1991 r. zmieniające rozporządzenie w sprawie wysokości i podstawy wymiaru składek na ubezpieczenie społeczne, zgłaszania do ubezpieczenia społecznego oraz rozliczania składek i świadczeń z ubezpieczenia społecznego.",1991-02-05,1991-02-12,2014-12-31T12:25:38,76ae4cc93cb9f9726c5e1774a1533458805eccc65533f9cd960b0928c23eace1,2,419,2,0,2,0,ok,,eli2md 0.6.31,2026-10-05T00:30:11Z
DU/1991/50,1991,50,Rozporządzenie,Rozporządzenie Rady Ministrów z dnia 5 lutego 1991 r. w sprawie określenia wysokości odsetek ustawowych.,1991-02-05,1991-02-12,2014-12-31T12:25:38,a9c595f5e1abb6319550be1c90fc08d943b5b63a51f625f6a42fc0a3d227b268,1,129,1,0,1,0,ok,,eli2md 0.6.31,2026-10-05T00:30:11Z
DU/1991/51,1991,51,Rozporządzenie,Rozporządzenie Ministra Finansów z dnia 3 stycznia 1991 r. zmieniające rozporządzenie w sprawie zasad i trybu granicznej i pocztowej kontroli dewizowej.,1991-01-03,1991-02-12,2014-12-31T12:25:38,2515ab23b410bb6210747ab982f15e3181fc64bd431cb583a8c80635e1676a03,1,149,1,0,1,0,ok,,eli2md 0.6.31,2026-10-05T00:30:11Z
DU/1991/52,1991,52,Rozporządzenie,Rozporządzenie Ministra Finansów z dnia 28 stycznia 1991 r. w sprawie uchylenia niektórych rozporządzeń dotyczących inkasa podatków i opłat.,1991-01-28,1991-02-12,2014-12-31T12:25:38,ee250fda2bb43c0f7911af719a784e34255f38a4c326106f8c6aa51e67a50f8d,1,202,1,0,1,0,ok,,eli2md 0.6.31,2026-10-05T00:30:11Z
DU/1991/53,1991,53,Rozporządzenie,Rozporządzenie Ministra Sprawiedliwości z dnia 25 stycznia 1991 r. w sprawie sposobu prowadzenia rejestru uczelni niepaństwowych.,1991-01-25,1991-02-12,2014-12-31T12:25:38,ee36479c1b03269ed2465ff39d2546bad2218d7ace486db0bc866728632ede65,1,383,1,0,1,0,ok,,eli2md 0.6.31,2026-10-05T00:30:11Z
DU/1991/54,1991,54,Rozporządzenie,Rozporządzenie Ministra Sprawiedliwości z dnia 31 stycznia 1991 r. zmieniające rozporządzenie w sprawie kuratorów sądowych.,1991-01-31,1991-02-12,2014-12-31T12:25:38,b803d0c41af91686af5114b2d1a6b24db5da2ae7527bc5d28558f33d26ba13b9,1,384,1,0,1,0,ok,,eli2md 0.6.31,2026-10-05T00:30:11Z
DU/1991/55,1991,55,Rozporządzenie,Rozporządzenie Przewodniczącego Komitetu do Spraw Nauki i Postępu Technicznego przy Radzie Ministrów z dnia 2 lutego 1991 r. w sprawie szczegółowych zasad gospodarowania środkami finansowymi na naukę w 1991 r.,1991-02-02,1991-02-12,2014-12-31T12:25:38,1d3ab4fafab8a1924dd50bd4b025fbedcd4155156a12fab7457e7f62979fb7dc,3,1494,3,0,3,0,ok,,eli2md 0.6.31,2026-10-05T00:30:11Z
DU/1991/57,1991,57,Rozporządzenie,Rozporządzenie Ministra Transportu i Gospodarki Morskiej z dnia 10 stycznia 1991 r. w sprawie skrzyżowania linii kolejowych z drogami publicznymi.,1991-01-10,1991-02-14,2014-12-31T12:25:38,17b03de6cee90673a082a8a0e442772d91811719215c9298c100fdde30989aa3,16,10887,16,0,16,0,ok,,eli2md 0.6.31,2026-10-05T00:30:14Z
DU/1991/58,1991,58,Umowa międzynarodowa,"Umowa między Rzecząpospolitą Polską a Republiką Austrii o wzajemnym wykonywaniu orzeczeń sądowych w sprawach karnych, sporządzona w Wiedniu dnia 19 kwietnia 1990 r.",1990-04-19,1991-02-19,2014-12-31T12:25:38,aac569129d16ccc5c46a7bdf5c3110bc7002eaa02ab7bf0c73d3b940ccdcfc38,6,2617,6,0,6,0,ok,,eli2md 0.6.31,2026-10-05T00:30:14Z
DU/1991/59,1991,59,Oświadczenie rządowe,"Oświadczenie rządowe z dnia 15 stycznia 1991 r. w sprawie wymiany dokumentów ratyfikacyjnych Umowy między Rzecząpospolitą Polską a Republiką Austrii o wzajemnym wykonywaniu orzeczeń sądowych w sprawach karnych, sporządzonej w Wiedniu dnia 19 kwietnia 1990 r.",1991-01-15,1991-02-19,2019-03-26T10:36:58,f29ece96fa834378f78859d5a32913677c7207f95ed43df02ff4c4613b77b430,1,107,1,0,1,0,ok,,eli2md 0.6.31,2026-10-05T00:30:14Z
DU/1991/60,1991,60,Rozporządzenie,Rozporządzenie Rady Ministrów z dnia 5 lutego 1991 r. w sprawie ustalenia wysokości współczynnika korygującego procentowy wzrost cen towarów i usług konsumpcyjnych w lutym 1991 r.,1991-02-05,1991-02-19,2020-01-16T10:46:19,679a16848cd3d5736cdae56188fdd213f23d4ebafcdfc4ba29eedec4f1410d22,1,98,1,0,1,0,ok,,eli2md 0.6.31,2026-10-05T00:30:14Z
DU/1991/61,1991,61,Rozporządzenie,Rozporządzenie Rady Ministrów z dnia 9 lutego 1991 r. w sprawie rozciągnięcia przepisów ustawy o pracownikach urzędów państwowych na pracowników Biura Bezpieczeństwa Narodowego przy Kancelarii Prezydenta Rzeczypospolitej Polskiej.,1991-02-09,1991-02-19,2025-02-06T10:55:30,159ff97ffc1b33a059381427c37b29ffde888eafe09165845198ae7695d44f44,1,172,1,0,1,0,ok,,eli2md 0.6.31,2026-10-05T00:30:14Z
DU/1991/62,1991,62,Rozporządzenie,"Rozporządzenie Ministra Edukacji Narodowej z dnia 2 lutego 1991 r. w sprawie warunków, jakim powinien odpowiadać wniosek o wydanie zezwolenia na utworzenie uczelni niepaństwowej.",1991-02-02,1991-02-19,2014-12-31T12:25:38,e69d0a5702f49b75315cc7582d83cef9a0b291e1df7a02875ce58b6c254b47d1,1,307,1,0,1,0,ok,,eli2md 0.6.31,2026-10-05T00:30:14Z
DU/1991/63,1991,63,Rozporządzenie,Rozporządzenie Ministra Finansów z dnia 11 lutego 1991 r. zmieniające rozporządzenie w sprawie wykonania niektórych przepisów ustawy o podatku wyrównawczym.,1991-02-11,1991-02-19,2014-12-31T12:25:38,6fd43c4032eebe5e4e10931ebf61bd55723b919b8f26da0e377131af4ac0377e,1,578,1,0,1,0,ok,,eli2md 0.6.31,2026-10-05T00:30:14Z
DU/1991/64,1991,64,Rozporządzenie,Rozporządzenie Ministra Rolnictwa i Gospodarki Żywnościowej z dnia 10 stycznia 1991 r. w sprawie bezpieczeństwa i higieny pracy przy stosowaniu i magazynowaniu środków ochrony roślin oraz nawozów mineralnych i sztucznych w rolnictwie.,1991-01-10,1991-02-19,2014-12-31T12:25:38,f2cecb214568c02d484b21a0900cf300f86ba5c4ede5c89a9c9c0439aaca39e5,4,1552,4,0,4,0,ok,,eli2md 0.6.31,2026-10-05T00:30:14Z
DU/1991/65,1991,65,Rozporządzenie,Rozporządzenie Ministra Sprawiedliwości z dnia 4 lutego 1991 r. w sprawie prowadzenia rejestru towarzystw ubezpieczeń wzajemnych.,1991-02-04,1991-02-19,2014-12-31T12:25:38,79c4456ed66b63c2b170a4996d520eb87418addfea09c7e3aa6727aa44600e46,1,522,1,0,1,0,ok,,eli2md 0.6.31,2026-10-05T00:30:14Z
DU/1991/66,1991,66,Rozporządzenie,Rozporządzenie Ministra Zdrowia i Opieki Społecznej z dnia 7 lutego 1991 r. zmieniające rozporządzenie w sprawie obowiązkowych szczepień ochronnych.,1991-02-07,1991-02-19,2014-12-31T12:25:38,aa7bbd5f100a849339f4ba91bf83dc9f768ead75ee51c7fbec63fcd125fa02bd,1,521,1,0,1,0,ok,,eli2md 0.6.31,2026-10-05T00:30:14Z
DU/1991/67,1991,67,Rozporządzenie,Rozporządzenie Ministra Edukacji Narodowej z dnia 1 lutego 1991 r. w sprawie likwidacji Archiwum Państwowego w Jeleniej Górze.,1991-02-01,1991-02-25,2014-12-31T12:25:38,4c0302a9b22284f1eb25a3b0312c9ec253b1cde0d5fa89f135aca6e2907cc928,1,110,1,0,1,0,ok,,eli2md 0.6.31,2026-10-05T00:30:14Z
DU/1991/68,1991,68,Rozporządzenie,Rozporządzenie Ministra Finansów z dnia 8 lutego 1991 r. w sprawie stawek dotacji przedmiotowych do węgla kamiennego i brykietów z tego węgla.,1991-02-08,1991-02-25,2014-12-31T12:25:38,04c0b1b05a02086f1345dd248edcc5f3ecec51786652bdd42f34b72634ed4aca,3,771,3,0,3,0,ok,,eli2md 0.6.31,2026-10-05T00:30:14Z
DU/1991/69,1991,69,Rozporządzenie,Rozporządzenie Ministra Finansów z dnia 15 lutego 1991 r. w sprawie stawek podatku obrotowego od towarów sprowadzanych lub nadsyłanych z zagranicy oraz zwolnień od tego podatku.,1991-02-15,1991-02-25,2014-12-31T12:25:38,7072d2f91f430605871f955fd253a77935f321e761b6b5c2548beeb235c1bf30,12,6116,12,0,12,0,ok,,eli2md 0.6.31,2026-10-05T00:30:14Z
DU/1991/70,1991,70,Rozporządzenie,"Rozporządzenie Ministra Gospodarki Przestrzennej i Budownictwa z dnia 6 lutego 1991 r. w sprawie sposobu i trybu ochrony znaków geodezyjnych, grawimetrycznych i magnetycznych oraz rodzajów znaków nie podlegających ochronie.",1991-02-06,1991-02-25,2014-12-31T12:25:38,10e7d7c98661284743607eb46d6b313151e23f5a4d338e4a7629e41c3df6616b,2,944,2,0,2,0,ok,,eli2md 0.6.31,2026-10-05T00:30:14Z
DU/1991/76,1991,76,Rozporządzenie,Rozporządzenie Ministra Sprawiedliwości z dnia 20 lutego 1991 r. w sprawie opłat za czynności adwokackie w postępowaniu przed organami wymiaru sprawiedliwości.,1991-02-20,1991-03-04,2014-12-31T12:25:38,411d81fc313c1a5183fb3d9f78731b4954ece3cdf1ed85f202d84e6d8fd32635,4,2469,4,0,4,0,ok,,eli2md 0.6.31,2026-10-05T00:30:14Z
DU/1991/77,1991,77,Rozporządzenie,Rozporządzenie Rady Ministrów z dnia 21 lutego 1991 r. zmieniające rozporządzenie w sprawie trybu zgłaszania znaków towarowych za granicą oraz opłat związanych z ochroną znaków towarowych.,1991-02-21,1991-03-07,2014-12-31T12:25:38,f9a0496aa839ec74d94e7f871e7f3de5dab2b8ba5525a5d0a77d7bf9609b6be2,2,402,2,0,2,0,ok,,eli2md 0.6.31,2026-10-05T00:30:14Z
DU/1991/78,1991,78,Rozporządzenie,Rozporządzenie Rady Ministrów z dnia 26 lutego 1991 r. w sprawie ustalenia wysokości współczynnika korygującego procentowy wzrost cen towarów i usług konsumpcyjnych za marzec 1991 r.,1991-02-26,1991-03-07,2014-12-31T12:25:38,cadfca57599831c7be0f5180094cc8a73bd5b3c66dcf302546b4517cea6fe74a,1,88,1,0,1,0,ok,,eli2md 0.6.31,2026-10-05T00:30:14Z
DU/1991/83,1991,83,Rozporządzenie,"Rozporządzenie Rady Ministrów z dnia 26 lutego 1991 r. zmieniające rozporządzenie w sprawie uznawania składników majątkowych za środki trwałe oraz wartości niematerialne i prawne, zasad i stawek ich amortyzacji oraz aktualizacji wyceny środków trwałych.",1991-02-26,1991-03-11,2014-12-31T12:25:38,119fac7480114f73e505b3bdefa2e2699f3d94047bd5f6277a8b5260484b1116,1,422,1,0,1,0,ok,,eli2md 0.6.31,2026-10-05T00:30:14Z
DU/1991/84,1991,84,Rozporządzenie,Rozporządzenie Rady Ministrów z dnia 1 marca 1991 r. zmieniające rozporządzenie w sprawie opłat drogowych.,1991-03-01,1991-03-15,2014-12-31T12:25:38,8ba63c035723dc2d6237260d5169ed0283e81712c2db7fbffa80598d4c87581f,1,203,1,0,1,0,ok,,eli2md 0.6.31,2026-10-05T00:30:14Z
DU/1991/85,1991,85,Rozporządzenie,Rozporządzenie Rady Ministrów z dnia 8 marca 1991 r. w sprawie zmiany stawek ceł na niektóre towary przywożone z zagranicy.,1991-03-08,1991-03-15,2014-12-31T12:25:38,d87c6fd740c73cbc40aa6c92043de92063aa7a1decae4f208685c919c7e99bad,2,199,2,0,2,0,ok,,eli2md 0.6.31,2026-10-05T00:30:14Z
DU/1991/86,1991,86,Rozporządzenie,Rozporządzenie Ministra Finansów z dnia 12 marca 1991 r. zmieniające rozporządzenie w sprawie stawek podatku obrotowego od towarów sprowadzanych lub nadsyłanych z zagranicy oraz zwolnień od tego podatku.,1991-03-12,1991-03-15,2014-12-31T12:25:38,644443681de25e0c3bc9586b15d168ecc42569e3c85a7fed9342bef7a97af111,1,298,1,0,1,0,ok,,eli2md 0.6.31,2026-10-05T00:30:14Z
DU/1991/87,1991,87,Rozporządzenie,"Rozporządzenie Ministra Spraw Wewnętrznych z dnia 5 marca 1991 r. w sprawie nakładania, uiszczania i ściągania grzywien w postępowaniu mandatowym.",1991-03-05,1991-03-15,2014-12-31T12:25:38,e302017f9395386d74715ebcc4c8a183c05dc4a7f85cd4e8dc4b2d8ed9d08242,5,1616,5,0,5,0,ok,,eli2md 0.6.31,2026-10-05T00:30:14Z
DU/1991/88,1991,88,Uchwała,Uchwała Trybunału Konstytucyjnego z dnia 20 lutego 1991 r. w sprawie wykładni art. 16 ustawy z dnia 12 marca 1958 r. o sprzedaży nieruchomości Państwowego Funduszu Ziemi oraz uporządkowaniu niektórych spraw związanych z przeprowadzeniem reformy rolnej i osadnictwa rolnego.,1991-02-20,1991-03-15,2014-12-31T12:25:38,27b2e547e2b51ccb6b0f416a5a8848445127dd76d8a1aa22257f8129a8dd5697,2,492,2,0,2,0,ok,,eli2md 0.6.31,2026-10-05T00:30:14Z
DU/1991/90,1991,90,Rozporządzenie,"Rozporządzenie Ministrów Ochrony Środowiska, Zasobów Naturalnych i Leśnictwa oraz Rolnictwa i Gospodarki Żywnościowej z dnia 7 marca 1991 r. w sprawie zasad ustalania czynszu za dzierżawę obwodu łowieckiego.",1991-03-07,1991-03-16,2014-12-31T12:25:38,07caa3e98614be4fa92b56cbc5e913d69ecf4255f36a347f0ad17e4d842caf8b,2,387,2,0,2,0,ok,,eli2md 0.6.31,2026-10-05T00:30:14Z
DU/1991/94,1991,94,Rozporządzenie,Rozporządzenie Ministra Sprawiedliwości z dnia 12 marca 1991 r. zmieniające rozporządzenie w sprawie opłat za dokonanie czynności notarialnych.,1991-03-12,1991-03-21,2014-12-31T12:25:38,122ba52c4a8f61fa69c59a3f70e2cab46b78a300b6adab675a7d3539f23eff33,2,1025,2,0,2,0,ok,,eli2md 0.6.31,2026-10-05T00:30:14Z
DU/1991/95,1991,95,Rozporządzenie,Rozporządzenie Ministra Sprawiedliwości z dnia 22 lutego 1991 r. w sprawie utworzenia oraz ustalenia siedzib i terytorialnego zakresu działania prokuratur wojewódzkich i rejonowych.,1991-02-22,1991-03-22,2014-12-31T12:25:38,347ef18efa12077937af38fedf5922f09039de8e2f4c78019636dfeda0249572,12,7731,12,0,12,0,ok,,eli2md 0.6.31,2026-10-05T00:30:22Z
DU/1991/96,1991,96,Rozporządzenie,Rozporządzenie Ministra Sprawiedliwości z dnia 1 marca 1991 r. w sprawie zasad wynagradzania za udział w posiedzeniach kolegiów do spraw wykroczeń.,1991-03-01,1991-03-22,2014-12-31T12:25:38,dbc4ee8a26ffe929fae619df3bcc699d8c67ffdcff69f7bab9e3d686f33cfff8,1,343,1,0,1,0,ok,,eli2md 0.6.31,2026-10-05T00:30:22Z
DU/1991/97,1991,97,Rozporządzenie,Rozporządzenie Ministra Edukacji Narodowej z dnia 21 lutego 1991 r. w sprawie wysokości i zasad wypłacania wynagrodzenia za recenzje i opinie w przewodzie doktorskim lub habilitacyjnym oraz w postępowaniu o nadanie tytułu naukowego profesora.,1991-02-21,1991-03-25,2014-12-31T12:25:38,15b06f315551e296e8d71f974ab7d3ea8aea3a5b34dc4d0f450623a239e81449,1,362,1,0,1,0,ok,,eli2md 0.6.31,2026-10-05T00:30:22Z
DU/1991/98,1991,98,Rozporządzenie,Rozporządzenie Ministra Edukacji Narodowej z dnia 27 lutego 1991 r. zmieniające rozporządzenie w sprawie wynagrodzenia nauczycieli akademickich.,1991-02-27,1991-03-25,2014-12-31T12:25:38,5ea4771f0a25c8c158cbc08a6a8169abc3c65ac3991e4dee85185e3d65ed9489,5,1562,5,0,5,0,ok,,eli2md 0.6.31,2026-10-05T00:30:22Z
DU/1991/99,1991,99,Rozporządzenie,Rozporządzenie Ministra Edukacji Narodowej z dnia 27 lutego 1991 r. zmieniające rozporządzenie w sprawie stanowisk pracy oraz zasad wynagradzania pracowników szkół wyższych nie będących nauczycielami akademickimi.,1991-02-27,1991-03-25,2014-12-31T12:25:38,ec9d7f112ac7f998de961e26b5eab4ac03984012741471b513290e20948ef5bb,2,370,2,0,2,0,ok,,eli2md 0.6.31,2026-10-05T00:30:22Z
DU/1991/100,1991,100,Rozporządzenie,Rozporządzenie Ministra Finansów z dnia 7 marca 1991 r. zmieniające rozporządzenie w sprawie zasad ustalania wartości początkowej i ewidencjonowania środków trwałych oraz wartości niematerialnych i prawnych przez podatników podatku dochodowego nie obowiązanych do prowadzenia ksiąg handlowych.,1991-03-07,1991-03-25,2014-12-31T12:25:38,adbda5f9fc859a1a4efbdf7dc811a79212a1c8929445fd4ffc8583fb3b773328,2,691,2,0,2,0,ok,,eli2md 0.6.31,2026-10-05T00:30:22Z
DU/1991/101,1991,101,Rozporządzenie,Rozporządzenie Ministra Pracy i Polityki Socjalnej z dnia 8 marca 1991 r. w sprawie organizacji i szczegółowego zakresu działania Społecznej Komisji Rewindykacyjnej.,1991-03-08,1991-03-25,2014-12-31T12:25:38,a1cf86091ee62e662a1796d510187c0cf34e1f40621e58813ecebf6ba691ec7d,1,397,1,0,1,0,ok,,eli2md 0.6.31,2026-10-05T00:30:22Z
DU/1991/102,1991,102,Rozporządzenie,"Rozporządzenie Ministra Sprawiedliwości z dnia 18 lutego 1991 r. w sprawie umarzania, rozkładania na raty i odraczania terminu spłaty należności sądowych.",1991-02-18,1991-03-27,2024-11-25T09:48:06,44c0c36d235d88736f911adeaaf5fd7b663204eaf464ebc63f7ad09b7ca462d0,2,685,2,0,2,0,ok,,eli2md 0.6.31,2026-10-05T00:30:22Z
DU/1991/104,1991,104,Rozporządzenie,Rozporządzenie Rady Ministrów z dnia 5 marca 1991 r. w sprawie szczegółowych zasad i warunków użycia oddziałów i pododdziałów Policji oraz Sił Zbrojnych Rzeczypospolitej Polskiej w razie zagrożenia bezpieczeństwa lub niebezpiecznego zakłócenia porządku publicznego oraz zasad użycia broni palnej przez te jednostki.,1991-03-05,1991-03-30,2014-12-31T12:25:38,ec3386ebf2fc99ed5e9f17fe2303d11837d0d631b5f1e1296a1b38b280ba0f15,2,1059,2,0,2,0,ok,,eli2md 0.6.31,2026-10-05T00:30:22Z
DU/1991/105,1991,105,Rozporządzenie,Rozporządzenie Rady Ministrów z dnia 25 marca 1991 r. w sprawie rozciągnięcia niektórych przepisów ustawy o jednostkach badawczo-rozwojowych na Zakład Badawczo-Rozwojowy Centrum Techniki Okrętowej w Gdańsku.,1991-03-25,1991-03-30,2014-12-31T12:25:38,475cc595d6524f0a8411d68b0311da030ca679cc7f34002cc2f078c8817e116f,1,129,1,0,1,0,ok,,eli2md 0.6.31,2026-10-05T00:30:22Z
DU/1991/106,1991,106,Rozporządzenie,Rozporządzenie Rady Ministrów z dnia 26 marca 1991 r. w sprawie ustalenia wysokości współczynnika korygującego procentowy wzrost cen towarów i usług konsumpcyjnych na kwiecień i maj 1991 r.,1991-03-26,1991-03-30,2020-01-16T10:47:45,9ff735549094b8ae8990eae614d7a949eab79a1927845ec6949d4c8774447420,1,95,1,0,1,0,ok,,eli2md 0.6.31,2026-10-05T00:30:22Z
DU/1991/107,1991,107,Rozporządzenie,Rozporządzenie Rady Ministrów z dnia 27 marca 1991 r. w sprawie opłat paszportowych.,1991-03-27,1991-03-30,2014-12-31T12:25:38,9384a8fd9b5eaeb196a934a13019ee7648f8330004e83d760f22f1c1f17a5e20,2,389,2,0,2,0,ok,,eli2md 0.6.31,2026-10-05T00:30:22Z
DU/1991/108,1991,108,Rozporządzenie,Rozporządzenie Ministra Finansów z dnia 22 marca 1991 r. w sprawie wykonania niektórych przepisów ustawy o podatku od spadków i darowizn.,1991-03-22,1991-03-30,2014-12-31T12:25:38,179e92e13cc0aad6f21a060238ffe37d7148efeedad019adc952fb30a601c9ef,2,563,2,0,2,0,ok,,eli2md 0.6.31,2026-10-05T00:30:22Z
DU/1991/109,1991,109,Rozporządzenie,Rozporządzenie Ministra Gospodarki Przestrzennej i Budownictwa z dnia 22 marca 1991 r. zmieniające rozporządzenie w sprawie dopuszczania do stosowania w budownictwie nowych materiałów oraz nowych metod wykonywania robót budowlanych.,1991-03-22,1991-03-30,2014-12-31T12:25:38,b70667e48f38b312ca3ff02e2f42a3d738c3a72989f2a19bc4bb8e3471a52b2e,2,463,2,0,2,0,ok,,eli2md 0.6.31,2026-10-05T00:30:22Z
DU/1991/110,1991,110,Rozporządzenie,Rozporządzenie Ministra Łączności z dnia 22 marca 1991 r. w sprawie nadania statutu Państwowej Agencji Radiokomunikacyjnej.,1991-03-22,1991-03-30,2014-12-31T12:25:38,bd0375d801f4631bbe773e606c9778f537f3be5002795c3b56ad4083b24fc4fc,2,948,2,0,2,0,ok,,eli2md 0.6.31,2026-10-05T00:30:22Z
DU/1991/111,1991,111,Rozporządzenie,Rozporządzenie Ministra Sprawiedliwości z dnia 21 marca 1991 r. zmieniające rozporządzenie w sprawie regulaminu dyscyplinarnego funkcjonariuszy Służby Więziennej.,1991-03-21,1991-03-30,2014-12-31T12:25:38,2bfe627bf38a29f5d45151dd51419d3de39d143fdc7cb114aed0c9af1d2ce608,1,325,1,0,1,0,ok,,eli2md 0.6.31,2026-10-05T00:30:22Z
DU/1991/112,1991,112,Konwencja,"Konwencja o międzynarodowym handlu dzikimi zwierzętami i roślinami gatunków zagrożonych wyginięciem, sporządzona w Waszyngtonie dnia 3 marca 1973 r.",1973-03-03,1991-04-04,2014-12-31T12:25:38,39a50eb3644bf31bfe989757a9df8ab40bc08ef1eab8eb839170de52e712c4ef,2,526,2,0,2,0,ok,,eli2md 0.6.31,2026-10-05T00:30:22Z
DU/1991/113,1991,113,Oświadczenie rządowe,"Oświadczenie rządowe z dnia 15 stycznia 1991 r. w sprawie ratyfikacji przez Rzeczpospolitą Polską Konwencji o międzynarodowym handlu dzikimi zwierzętami i roślinami gatunków zagrożonych wyginięciem, sporządzonej w Waszyngtonie dnia 3 marca 1973 r.",1991-01-15,1991-04-04,2019-03-26T10:36:58,0e1d8841b8da5a86016c332271fc10edade04f4338ae8aa3725a15fae6dd9b11,1,392,1,0,1,0,ok,,eli2md 0.6.31,2026-10-05T00:30:22Z
DU/1991/114,1991,114,Umowa międzynarodowa,Umowa między Rządem Rzeczypospolitej Polskiej a Rządem Kanady w sprawie popierania i wzajemnej ochrony inwestycji podpisana w Warszawie dnia 6 kwietnia 1990 r.,1990-04-06,1991-04-04,2014-12-31T12:25:38,7b1c2d0e6c841ec3e4425dfc63f35801b5a25e71767b099414ffb3e50521fb5f,5,2271,5,0,5,0,ok,,eli2md 0.6.31,2026-10-05T00:30:22Z
DU/1991/115,1991,115,Oświadczenie rządowe,"Oświadczenie rządowe z dnia 8 lutego 1991 r. w sprawie wejścia w życie Umowy między Rządem Rzeczypospolitej Polskiej a Rządem Kanady w sprawie popierania i wzajemnej ochrony inwestycji, podpisanej w Warszawie dnia 6 kwietnia 1990 r.",1991-02-08,1991-04-04,2019-03-26T10:36:58,8cb5d4ebb76859a9555b5b37ee4d6f687d910ae15929c4d624694d3a23d0e371,1,97,1,0,1,0,ok,,eli2md 0.6.31,2026-10-05T00:30:22Z
DU/1991/116,1991,116,Umowa międzynarodowa,"Umowa między Polską Rzecząpospolitą Ludową a Republiką Federalną Niemiec w sprawie popierania i wzajemnej ochrony inwestycji, sporządzona w Warszawie dnia 10 listopada 1989 r.",1989-11-10,1991-04-04,2019-10-18T10:07:09,a7ca7f84950e50a267c095f05231fa573946bf28a8dd48804902def089d37ad5,5,2794,5,0,5,0,ok,,eli2md 0.6.31,2026-10-05T00:30:23Z
DU/1991/117,1991,117,Oświadczenie rządowe,"Oświadczenie rządowe z dnia 5 marca 1991 r. w sprawie wymiany dokumentów ratyfikacyjnych Umowy między Polską Rzecząpospolitą Ludową a Republiką Federalną Niemiec w sprawie popierania i wzajemnej ochrony inwestycji, sporządzonej w Warszawie dnia 10 listopada 1989 r.",1991-03-05,1991-04-04,2019-03-26T10:36:58,cabe42187e8bca913ef1847a1afeb9a4ceca31c7170b397e724d68a6d6fe3747,1,88,1,0,1,0,ok,,eli2md 0.6.31,2026-10-05T00:30:23Z
DU/1991/118,1991,118,Rozporządzenie,Rozporządzenie Rady Ministrów z dnia 25 marca 1991 r. w sprawie zasad i trybu wykupienia należności banków z tytułu skapitalizowania w 1991 r. odsetek od kredytów mieszkaniowych.,1991-03-25,1991-04-05,2014-12-31T12:25:38,5a516237860f49be75db09ce0d052d694b38600c9167bfd7b6bbb47f0463f138,2,624,2,0,2,0,ok,,eli2md 0.6.31,2026-10-05T00:30:23Z
DU/1991/119,1991,119,Rozporządzenie,Rozporządzenie Rady Ministrów z dnia 26 marca 1991 r. zmieniające rozporządzenie w sprawie kosztów postępowania w sprawach o wykroczenia.,1991-03-26,1991-04-05,2014-12-31T12:25:38,5a18e346c35314f68c34b3b9a1412c62ae516618f8c4a07e12eb8a62b96a19e0,1,286,1,0,1,0,ok,,eli2md 0.6.31,2026-10-05T00:30:23Z
DU/1991/120,1991,120,Rozporządzenie,"Rozporządzenie Rady Ministrów z dnia 26 marca 1991 r. zmieniające rozporządzenie w sprawie wysokości i podstawy wymiaru składek na ubezpieczenie społeczne, zgłaszania do ubezpieczenia społecznego oraz rozliczania składek i świadczeń z ubezpieczenia społecznego.",1991-03-26,1991-04-05,2014-12-31T12:25:38,f7e95cb128ed522509ff3e9b2a0e37be14f90ab1b7c5cf998ff1e0d4b62353a1,2,1448,2,0,2,0,ok,,eli2md 0.6.31,2026-10-05T00:30:23Z
DU/1991/121,1991,121,Rozporządzenie,"Rozporządzenie Rady Ministrów z dnia 28 marca 1991 r. zmieniające rozporządzenie w sprawie utworzenia, zniesienia, zmiany granic, nazw i ustalenia siedzib niektórych gmin w województwach: bielskim, bydgoskim, elbląskim, gdańskim, katowickim, kieleckim, krośnieńskim, nowosądeckim i siedleckim oraz nadania statusu miasta.",1991-03-28,1991-04-05,2022-11-24T12:21:03,0461b9f6eedae8e639e87caf874e33e5d47658ffd6cb97e4d8541e5d771b86e9,1,273,1,0,1,0,ok,,eli2md 0.6.31,2026-10-05T00:30:23Z
DU/1991/122,1991,122,Rozporządzenie,"Rozporządzenie Ministra Spraw Wewnętrznych z dnia 25 marca 1991 r. w sprawie wzorów oraz trybu wydawania paszportów i dokumentów podróży, dokumentów wymaganych do ich otrzymania, a także trybu postępowania funkcjonariuszy Straży Granicznej w przypadku ujawnienia w czasie kontroli granicznej wad w paszportach lub dokumentach podróży.",1991-03-25,1991-04-05,2014-12-31T12:25:38,be47d6d8da51ef56fb9ff9a7b07d928e19860db1594a08afd811cf116390b8e2,19,3118,17,2,17,0,ok,,eli2md 0.6.31,2026-10-05T00:30:35Z
DU/1991/123,1991,123,Rozporządzenie,Rozporządzenie Ministra Zdrowia i Opieki Społecznej z dnia 20 marca 1991 r. zmieniające rozporządzenie w sprawie bezpłatnego zaopatrzenia w leki pracowników służby zdrowia i opieki społecznej.,1991-03-20,1991-04-05,2014-12-31T12:25:38,f6850db373edf379b2f650f0e19dc31a8e204e7d7220a45991960a6c7210efb8,1,195,1,0,1,0,ok,,eli2md 0.6.31,2026-10-05T00:30:35Z
DU/1991/124,1991,124,Rozporządzenie,Rozporządzenie Ministra Zdrowia i Opieki Społecznej z dnia 20 marca 1991 r. zmieniające rozporządzenie w sprawie bezpłatnego zaopatrzenia w leki zasłużonych honorowych dawców krwi.,1991-03-20,1991-04-05,2014-12-31T12:25:38,bb2921ac08ac4641d03ad59207c2639b78df49ff6bdf3bd7316e5529190966f7,1,175,1,0,1,0,ok,,eli2md 0.6.31,2026-10-05T00:30:35Z
DU/1991/125,1991,125,Rozporządzenie,"Rozporządzenie Rady Ministrów z dnia 2 kwietnia 1991 r. w sprawie określania stanowisk i funkcji uprawniających do otrzymania paszportów dyplomatycznych oraz paszportów służbowych Ministerstwa Spraw Zagranicznych, trybu ich przechowywania oraz zakresu czynności konsula w sprawach paszportowych.",1991-04-02,1991-04-08,2014-12-31T12:25:38,22a4e91f33d18fe56ece3b5116d9f42c21aac2e80568d9933d9df54a80bf0b46,2,718,2,0,2,0,ok,,eli2md 0.6.31,2026-10-05T00:30:35Z
DU/1991/126,1991,126,Rozporządzenie,Rozporządzenie Ministra Sprawiedliwości z dnia 29 marca 1991 r. w sprawie trybu wykonywania nadzoru nad działalnością administracyjną sądów.,1991-03-29,1991-04-08,2014-12-31T12:25:38,2b7e8a43045d770f28144d6191cd74728eae020efe942b60bcfcd8ceb5bcdb71,3,1429,3,0,3,0,ok,,eli2md 0.6.31,2026-10-05T00:30:35Z
DU/1991/130,1991,130,Rozporządzenie,"Rozporządzenie Ministra Łączności z dnia 18 marca 1991 r. w sprawie wymagań technicznych i eksploatacyjnych dla urządzeń, linii i sieci telekomunikacyjnych oraz warunków ich współpracy z siecią telekomunikacyjną użytku publicznego.",1991-03-18,1991-04-12,2014-12-31T12:25:38,1cfecd71f6367b1c5abe11caf9ad223ba3b035c599f879aed9cabc849b98e1c0,2,1171,2,0,2,0,ok,,eli2md 0.6.31,2026-10-05T00:30:35Z
DU/1991/133,1991,133,Rozporządzenie,Rozporządzenie Rady Ministrów z dnia 12 kwietnia 1991 r. zmieniające rozporządzenie w sprawie utworzenia Roztoczańskiego Parku Narodowego.,1991-04-12,1991-04-18,2014-12-31T12:25:38,33ffe4865ce0a898b9581dd120089d56a18223f4281eecdfa38f48fa9fe283d8,1,268,1,0,1,0,ok,,eli2md 0.6.31,2026-10-05T00:30:35Z
DU/1991/134,1991,134,Rozporządzenie,Rozporządzenie Ministra Kultury i Sztuki z dnia 28 marca 1991 r. zmieniające rozporządzenie w sprawie zasad tworzenia systemów wynagrodzeń pracowników instytucji artystycznych.,1991-03-28,1991-04-18,2014-12-31T12:25:38,65e79efbaf78d68c5377df5a4b57fd360db1a0570b894b17d131e00095d53a91,1,142,1,0,1,0,ok,,eli2md 0.6.31,2026-10-05T00:30:35Z
DU/1991/135,1991,135,Rozporządzenie,Rozporządzenie Ministra Sprawiedliwości z dnia 13 marca 1991 r. w sprawie wysokości opłat kancelaryjnych w sprawach cywilnych.,1991-03-13,1991-04-18,2014-12-31T12:25:38,59733a294ec4ab705bd8f81e318b886a6310bdf5b57284b680f8d0f16627b4a4,1,317,1,0,1,0,ok,,eli2md 0.6.31,2026-10-05T00:30:35Z
DU/1991/136,1991,136,Rozporządzenie,"Rozporządzenie Ministra Zdrowia i Opieki Społecznej z dnia 29 marca 1991 r. zmieniające rozporządzenie w sprawie uposażenia pracowników zakładów społecznych służby zdrowia, zakładów leczniczo-wychowawczych, zakładów opiekuńczo-leczniczych, zakładów opiekuńczo-rehabilitacyjnych i zakładów rehabilitacji zawodowej inwalidów.",1991-03-29,1991-04-18,2022-04-19T12:10:17,16cea46b8ea1ad29cd3fbd8c0147398d6473157ea5817587612e48b41df7e03d,2,295,2,0,2,0,ok,,eli2md 0.6.31,2026-10-05T00:30:35Z
DU/1991/137,1991,137,Rozporządzenie,Rozporządzenie Rady Ministrów z dnia 9 kwietnia 1991 r. zmieniające rozporządzenie w sprawie czasowego zakazu obrotu towarowego z Irakiem oraz z Kuwejtem.,1991-04-09,1991-04-20,2020-06-08T15:46:08,a864ae029a93dd4d17e02de630ad11670b1aea2654a118afb8b48e41192df494,1,125,1,0,1,0,ok,,eli2md 0.6.31,2026-10-05T00:30:35Z
DU/1991/138,1991,138,Rozporządzenie,"Rozporządzenie Rady Ministrów z dnia 12 kwietnia 1991 r. zmieniające rozporządzenie w sprawie powołania i zakresu działania Generalnej Dyrekcji Dróg Publicznych, organizacji i zakresu działania dyrekcji okręgowych dróg publicznych i jednostek im podległych, drogowej służby liniowej oraz służb drogowych podległych naczelnikowi gminy.",1991-04-12,1991-04-20,2014-12-31T12:25:38,02dacba3dd4b8ebc4b01e59ea16b737dda2594a4a57c83441ab83995d20402d6,1,461,1,0,1,0,ok,,eli2md 0.6.31,2026-10-05T00:30:35Z
DU/1991/139,1991,139,Rozporządzenie,Rozporządzenie Rady Ministrów z dnia 12 kwietnia 1991 r. zmieniające rozporządzenie w sprawie tablic i pieczęci urzędowych.,1991-04-12,1991-04-20,2014-12-31T12:25:38,5faba4ec512a5871fad4c7d2770491f30c0d53bcf41cd5adc7bf7a63c6e89c16,1,227,1,0,1,0,ok,,eli2md 0.6.31,2026-10-05T00:30:35Z
DU/1991/140,1991,140,Rozporządzenie,Rozporządzenie Ministra Pracy i Polityki Socjalnej z dnia 9 kwietnia 1991 r. w sprawie trybu i szczegółowych zasad przyznawania jednorazowego zasiłku celowego na ekonomiczne usamodzielnienie osoby lub rodziny oraz szczegółowych zasad zwrotu przez świadczeniobiorcę całości lub części wydatków poniesionych z tytułu przyznawania zasiłku.,1991-04-09,1991-04-20,2014-12-31T12:25:38,0d4ad89b9769eb03490c21bb2f709db4f66da59374b2a27f8f6043b7b5d0fcdf,1,450,1,0,1,0,ok,,eli2md 0.6.31,2026-10-05T00:30:35Z
DU/1991/141,1991,141,Rozporządzenie,Rozporządzenie Ministra Pracy i Polityki Socjalnej z dnia 9 kwietnia 1991 r. w sprawie szczegółowych zasad przyznawania zasiłku okresowego z pomocy społecznej.,1991-04-09,1991-04-20,2014-12-31T12:25:38,6bcc9f05aeedbcdce8b89f1033b6926d46132ebe1f3512a99e4f4b6ace35269f,2,593,2,0,2,0,ok,,eli2md 0.6.31,2026-10-05T00:30:35Z
DU/1991/142,1991,142,Rozporządzenie,Rozporządzenie Ministra Pracy i Polityki Socjalnej z dnia 9 kwietnia 1991 r. w sprawie szczegółowych zasad zwrotu przez świadczeniobiorcę wydatków na usługi opiekuńcze.,1991-04-09,1991-04-20,2014-12-31T12:25:38,6c81c34574db433c64ee6dbfd7ed8fcb032c37b4502f03328945feb2a5ffd36d,1,183,1,0,1,0,ok,,eli2md 0.6.31,2026-10-05T00:30:35Z
DU/1991/143,1991,143,Rozporządzenie,Rozporządzenie Ministra Pracy i Polityki Socjalnej z dnia 9 kwietnia 1991 r. w sprawie zasad przeprowadzania wywiadu rodzinnego (środowiskowego) oraz wzoru kwestionariusza.,1991-04-09,1991-04-20,2014-12-31T12:25:38,6e7ad843f4dde0f1e114e0724e35149d7a9dc144de872b6062f7d181e1486faa,7,941,7,0,4,0,ok,,eli2md 0.6.31,2026-10-05T00:30:37Z
DU/1991/144,1991,144,Rozporządzenie,Rozporządzenie Ministra Pracy i Polityki Socjalnej z dnia 9 kwietnia 1991 r. w sprawie organizacji oraz trybu działania Rady Pomocy Społecznej.,1991-04-09,1991-04-20,2014-12-31T12:25:38,0ed7c094b666a60941b9992348a087c1ab0536541ce8c00cd19e7c54345703cb,1,207,1,0,1,0,ok,,eli2md 0.6.31,2026-10-05T00:30:37Z
DU/1991/145,1991,145,Rozporządzenie,"Rozporządzenie Ministra Pracy i Polityki Socjalnej z dnia 15 kwietnia 1991 r. w sprawie typów domów pomocy społecznej, zasad ich funkcjonowania, zasad ustalania opłat za pobyt w tych domach oraz sposobu i trybu pobierania odpłatności.",1991-04-15,1991-04-20,2014-12-31T12:25:38,50c167d2e3ebc1943cc19f121083e636c81012cac256d602db30028912a34cf5,1,775,1,0,1,0,ok,,eli2md 0.6.31,2026-10-05T00:30:37Z
DU/1991/146,1991,146,Rozporządzenie,Rozporządzenie Ministra Sprawiedliwości z dnia 12 kwietnia 1991 r. w sprawie taksy notarialnej.,1991-04-12,1991-04-20,2014-12-31T12:25:38,b9709141f54164e233a9c0d1ac3d189e8ec4a06e2405336a509f1e013df7e9e9,3,1596,3,0,3,0,ok,,eli2md 0.6.31,2026-10-05T00:30:37Z
DU/1991/147,1991,147,Rozporządzenie,Rozporządzenie Ministra Sprawiedliwości z dnia 12 kwietnia 1991 r. w sprawie prowadzenia ksiąg notarialnych oraz przekazywania na przechowanie dokumentów sądom rejonowym.,1991-04-12,1991-04-20,2018-10-26T11:21:07,052c96a750fa85456d0f5b202a45a0efe0911f8f36a942c26d43c2693dc02fb2,2,746,2,0,2,0,ok,,eli2md 0.6.31,2026-10-05T00:30:37Z
DU/1991/148,1991,148,Rozporządzenie,Rozporządzenie Ministra Sprawiedliwości z dnia 12 kwietnia 1991 r. w sprawie sporządzania niektórych poświadczeń przez organy samorządu terytorialnego i banki.,1991-04-12,1991-04-20,2014-12-31T12:25:38,41795c13d9247e155050acf319f2fa902387f7616c694df9f5cb002526d3991a,1,161,1,0,1,0,ok,,eli2md 0.6.31,2026-10-05T00:30:37Z
DU/1991/152,1991,152,Rozporządzenie,"Rozporządzenie Prezydenta Rzeczypospolitej Polskiej z dnia 29 marca 1991 r. w sprawie szczegółowych zasad wynagradzania prezesa i wiceprezesa Trybunału Konstytucyjnego, I prezesa i prezesów Sądu Najwyższego oraz prezesa i wiceprezesów Naczelnego Sądu Administracyjnego.",1991-03-29,1991-04-23,2014-12-31T12:25:38,52cca9c54e096730add61be2a08a5fd9c797302b3944581c0f849be05008b80f,1,255,1,0,1,0,ok,,eli2md 0.6.31,2026-10-05T00:30:37Z
DU/1991/153,1991,153,Rozporządzenie,Rozporządzenie Prezydenta Rzeczypospolitej Polskiej z dnia 29 marca 1991 r. w sprawie organizacji i zasad wewnętrznego postępowania Sądu Najwyższego.,1991-03-29,1991-04-23,2014-12-31T12:25:38,604cd130a06f9b0b2e54eb7ee6171373eeb4445665f204ef900e0e12d411c5cd,4,1898,4,0,4,0,ok,,eli2md 0.6.31,2026-10-05T00:30:37Z
DU/1991/154,1991,154,Rozporządzenie,"Rozporządzenie Ministra Łączności z dnia 15 kwietnia 1991 r. w sprawie urządzeń, linii i sieci telekomunikacyjnych, których zakładanie i używanie nie wymaga zezwolenia.",1991-04-15,1991-04-23,2014-12-31T12:25:38,a5e9c5797233d439c5aa4e66c3b6dcf52091afed15357dd36a676a2c6835b353,1,220,1,0,1,0,ok,,eli2md 0.6.31,2026-10-05T00:30:37Z
DU/1991/156,1991,156,Rozporządzenie,Rozporządzenie Rady Ministrów z dnia 18 kwietnia 1991 r. zmieniające rozporządzenie w sprawie rzeczy znalezionych.,1991-04-18,1991-04-29,2015-06-23T09:50:20,0ddccfd1c7e71719cc21aa1d22e012095f5c9b363e0f5bfef41156bf37f77070,1,286,1,0,1,0,ok,,eli2md 0.6.31,2026-10-05T00:30:37Z
DU/1991/157,1991,157,Rozporządzenie,"Rozporządzenie Rady Ministrów z dnia 22 kwietnia 1991 r. zmieniające rozporządzenie w sprawie ustanowienia czasowego ograniczenia przywozu piwa, napojów winnych i wyrobów tytoniowych.",1991-04-22,1991-04-29,2014-12-31T12:25:38,cf918a9e639896a1e5c83e0319bca2a8673a4c08a3d50971ec0be8883e26a2a7,2,620,2,0,2,0,ok,,eli2md 0.6.31,2026-10-05T00:30:37Z
DU/1991/158,1991,158,Rozporządzenie,Rozporządzenie Ministra Sprawiedliwości z dnia 29 marca 1991 r. zmieniające rozporządzenie w sprawie rekompensaty dla ławników nie pozostających w stosunku pracy za czas wykonywania czynności w sądzie.,1991-03-29,1991-04-29,2014-12-31T12:25:38,d8e0543cc5ada4693f1a7dd2cd337b6beea4a1d84e086308379beb906b9fa16f,1,187,1,0,1,0,ok,,eli2md 0.6.31,2026-10-05T00:30:37Z
DU/1991/159,1991,159,Rozporządzenie,Rozporządzenie Ministra Sprawiedliwości z dnia 15 kwietnia 1991 r. zmieniające rozporządzenie w sprawie wysokości należności świadków i stron w postępowaniu sądowym.,1991-04-15,1991-04-29,2016-03-25T08:59:37,2e3a7479bfc490ecc0910d5910342f748130d6b47309e8479d3052ba179d366d,2,147,2,0,2,0,ok,,eli2md 0.6.31,2026-10-05T00:30:37Z
DU/1991/160,1991,160,Rozporządzenie,Rozporządzenie Ministra Zdrowia i Opieki Społecznej z dnia 11 kwietnia 1991 r. w sprawie zasad wynagradzania nauczycieli akademickich za sprawowanie opieki zdrowotnej oraz finansowania tej działalności.,1991-04-11,1991-04-29,2014-12-31T12:25:38,b0ddb3d7ad8e4020240532576683b92e042b74c89220b9a5a8f72d9fd6bf8be4,2,718,2,0,2,0,ok,,eli2md 0.6.31,2026-10-05T00:30:37Z
DU/1991/162,1991,162,Rozporządzenie,Rozporządzenie Rady Ministrów z dnia 16 kwietnia 1991 r. zmieniające rozporządzenie w sprawie obniżek podatku dochodowego od osób prawnych.,1991-04-16,1991-04-30,2014-12-31T12:25:38,ce61b312967abd91fd48155f26a36e65fd6d5ce7fca7e3f831e32bf4d60b40a2,5,1777,5,0,5,0,ok,,eli2md 0.6.31,2026-10-05T00:30:37Z
DU/1991/163,1991,163,Rozporządzenie,Rozporządzenie Rady Ministrów z dnia 23 kwietnia 1991 r. w sprawie zmiany stawek ceł na niektóre towary przywożone z zagranicy.,1991-04-23,1991-04-30,2014-12-31T12:25:38,54ff3c7944c5a2c74ad6af473b802447437981ed516fe4b5f048b772bca0e8f8,7,2223,7,0,7,0,ok,,eli2md 0.6.31,2026-10-05T00:30:40Z
DU/1991/164,1991,164,Rozporządzenie,"Rozporządzenie Rady Ministrów z dnia 24 kwietnia 1991 r. zmieniające rozporządzenie w sprawie płatnych urlopów dodatkowych dla pracowników zatrudnionych w niektórych zakładach pracy przemysłu metalurgicznego, koksowniczego i materiałów ogniotrwałych.",1991-04-24,1991-04-30,2014-12-31T12:25:38,90f9b034668cfa918e49017d72707ad61f51d11865c749bad62e7a3f15cc6141,2,152,2,0,2,0,ok,,eli2md 0.6.31,2026-10-05T00:30:40Z
DU/1991/165,1991,165,Rozporządzenie,"Rozporządzenie Ministra Finansów z dnia 17 kwietnia 1991 r. w sprawie stawek podatku obrotowego od osób fizycznych oraz nie będących jednostkami gospodarki uspołecznionej osób prawnych i innych jednostek organizacyjnych nie posiadających osobowości prawnej, ulg, zwolnień i trybu płatności tego podatku.",1991-04-17,1991-05-06,2014-12-31T12:25:38,19cb88e6326f98d55e20732963a90d5588b0fb5a7f0f9fc01d6b11ef0c1a6a02,10,6917,10,0,10,0,ok,,eli2md 0.6.31,2026-10-05T00:30:50Z
DU/1991/166,1991,166,Rozporządzenie,Rozporządzenie Ministra Finansów z dnia 17 kwietnia 1991 r. w sprawie stawek podatku obrotowego od jednostek gospodarki uspołecznionej oraz ulg i zwolnień od tego podatku.,1991-04-17,1991-05-06,2014-12-31T12:25:38,f1632dc560ae06e55d5053d4c3914de79f41d919c5b17f62a2aa600446686954,7,4931,7,0,7,0,ok,,eli2md 0.6.31,2026-10-05T00:30:50Z
DU/1991/167,1991,167,Rozporządzenie,Rozporządzenie Rady Ministrów z dnia 27 kwietnia 1991 r. zmieniające rozporządzenie w sprawie wieku emerytalnego oraz wzrostu emerytur i rent inwalidzkich dla pracowników zatrudnionych w szczególnych warunkach lub w szczególnym charakterze.,1991-04-27,1991-05-09,2014-12-31T12:25:38,42a5b1223f8335bc734b279fb701352ec018695bb46b0617a6c0e9b581be2bd4,1,283,1,0,1,0,ok,,eli2md 0.6.31,2026-10-05T00:30:50Z
DU/1991/168,1991,168,Rozporządzenie,"Rozporządzenie Ministra Edukacji Narodowej z dnia 19 kwietnia 1991 r. w sprawie wymiaru, zasad i trybu udzielania nauczycielom akademickim urlopów płatnych dla celów naukowych, artystycznych lub kształcenia zawodowego.",1991-04-19,1991-05-09,2014-12-31T12:25:38,0a5d42bf31d74c5d90d8b48f50ecdf75870d4dbcc3c6984fa366339e2e26b587,1,214,1,0,1,0,ok,,eli2md 0.6.31,2026-10-05T00:30:50Z
DU/1991/169,1991,169,Rozporządzenie,Rozporządzenie Ministra Finansów z dnia 18 kwietnia 1991 r. w sprawie klasyfikacji dochodów i wydatków budżetowych oraz innych przychodów i rozchodów.,1991-04-18,1991-05-09,2014-12-31T12:25:38,2c3690d2cba1590e970506f6008ee28f0742be023ab539bccd76d096e2b65c3f,11,5948,11,0,11,0,ok,,eli2md 0.6.31,2026-10-05T00:30:52Z
DU/1991/170,1991,170,Rozporządzenie,"Rozporządzenie Ministra Obrony Narodowej z dnia 19 kwietnia 1991 r. w sprawie zasad i trybu nadawania medalu ""Za zasługi dla obronności kraju"" oraz wzoru odznaki tego medalu i sposobu jego noszenia.",1991-04-19,1991-05-09,2022-04-25T11:23:20,e552ea6f62b9440732c2585cdf6c18d3c4582dcfb74bc244003869596c0faa95,3,800,3,0,3,0,ok,,eli2md 0.6.31,2026-10-05T00:30:52Z
DU/1991/171,1991,171,Rozporządzenie,Rozporządzenie Ministra Rolnictwa i Gospodarki Żywnościowej z dnia 18 kwietnia 1991 r. w sprawie szczegółowego trybu postępowania oraz zasad pokrywania kosztów czynności dotyczących stwierdzania niemożliwości sprzedaży nieruchomości przez osoby uprawnione do emerytury lub renty z ubezpieczenia społecznego rolników.,1991-04-18,1991-05-09,2014-12-31T12:25:38,a00dc65b1afaf54213530957df9e61e2a90a191145aad86e872e18fd77ce42b6,2,888,2,0,2,0,ok,,eli2md 0.6.31,2026-10-05T00:30:52Z
DU/1991/172,1991,172,Rozporządzenie,Rozporządzenie Ministra Transportu i Gospodarki Morskiej z dnia 20 marca 1991 r. w sprawie uprawnień funkcjonariuszy Policji i Urzędu Ochrony Państwa oraz ich małżonków do ulgi przy przejazdach państwowymi środkami komunikacji.,1991-03-20,1991-05-09,2014-12-31T12:25:38,0d7660d31dbb8fb7a564fed00ac0339c0a98482cdf0d0b22c23e4ee35ff04cd1,2,217,2,0,2,0,ok,,eli2md 0.6.31,2026-10-05T00:30:52Z
DU/1991/173,1991,173,Rozporządzenie,Rozporządzenie Rady Ministrów z dnia 2 maja 1991 r. w sprawie melioracji wodnych.,1991-05-02,1991-05-13,2014-12-31T12:25:38,cd3ffef5231d39ff1547c558e9f95ae43429588e7d60ad1a443f5a3c6b153318,4,1563,4,0,4,0,ok,,eli2md 0.6.31,2026-10-05T00:30:52Z
DU/1991/174,1991,174,Rozporządzenie,"Rozporządzenie Rady Ministrów z dnia 2 maja 1991 r. w sprawie praw i obowiązków głównych księgowych budżetów, jednostek budżetowych, zakładów budżetowych i gospodarstw pomocniczych.",1991-05-02,1991-05-13,2014-12-31T12:25:38,91f429a9472a061646c33cabab56be67b9d2f292683434b2e4369fbc3bd388f1,2,1141,2,0,2,0,ok,,eli2md 0.6.31,2026-10-05T00:30:52Z
DU/1991/175,1991,175,Rozporządzenie,Rozporządzenie Ministra Pracy i Polityki Socjalnej z dnia 15 kwietnia 1991 r. w sprawie wynagradzania pracowników jednostek organizacyjnych Polskiej Akademii Nauk.,1991-04-15,1991-05-13,2014-12-31T12:25:38,4f4dba721630cd18af1487da23df85a9f4899a1c3ed9f1dacadf451ee4ec704a,11,4110,11,0,11,0,ok,,eli2md 0.6.31,2026-10-05T00:30:52Z
DU/1991/180,1991,180,Rozporządzenie,Rozporządzenie Rady Ministrów z dnia 7 maja 1991 r. zmieniające rozporządzenie w sprawie ustanowienia czasowych ograniczeń wywozu niektórych towarów.,1991-05-07,1991-05-16,2014-12-31T12:25:38,47ef07aa3ec367fcf4e6d504e2630653792df7637aa01d41b57108f7331d99ce,2,359,2,0,2,0,ok,,eli2md 0.6.31,2026-10-05T00:30:52Z
DU/1991/181,1991,181,Rozporządzenie,Rozporządzenie Ministra Finansów z dnia 2 maja 1991 r. w sprawie stawek dotacji przedmiotowych do węgla kamiennego i brykietów z tego węgla.,1991-05-02,1991-05-16,2014-12-31T12:25:38,bfb80542d688e881ba8522c9fa5f7c28813fc120680179b649e6efbd5c3a1b24,2,601,2,0,2,0,ok,,eli2md 0.6.31,2026-10-05T00:30:52Z
DU/1991/182,1991,182,Rozporządzenie,Rozporządzenie Ministra Finansów z dnia 8 maja 1991 r. zmieniające rozporządzenie w sprawie podatku dochodowego od osób fizycznych.,1991-05-08,1991-05-16,2014-12-31T12:25:38,5f265aae92814bbe39dcdd3c063cde14f321d1b4d699e06f9b2c7bd8701eff76,2,1051,2,0,2,0,ok,,eli2md 0.6.31,2026-10-05T00:30:52Z
DU/1991/183,1991,183,Rozporządzenie,Rozporządzenie Ministra Finansów z dnia 8 maja 1991 r. w sprawie zakładów budżetowych.,1991-05-08,1991-05-16,2014-12-31T12:25:38,24c8e92de19dbc00c48450c3fb02f50281e40f7d8488a85c9b751738684772d5,2,1152,2,0,2,0,ok,,eli2md 0.6.31,2026-10-05T00:30:52Z
DU/1991/184,1991,184,Rozporządzenie,Rozporządzenie Ministra Finansów z dnia 8 maja 1991 r. w sprawie środków specjalnych jednostek budżetowych.,1991-05-08,1991-05-16,2014-12-31T12:25:38,c8c7644fed246d88aff96f6d003cb62d3c8d8a0d0dae8f0c44d1c23710659c94,3,1180,3,0,3,0,ok,,eli2md 0.6.31,2026-10-05T00:30:52Z
DU/1991/185,1991,185,Rozporządzenie,Rozporządzenie Ministra Finansów z dnia 8 maja 1991 r. w sprawie gospodarstw pomocniczych jednostek budżetowych.,1991-05-08,1991-05-16,2014-12-31T12:25:38,b75d033355922993b07493a1b61ec703559cb41c39d8d8f7e40a199235321cdf,2,1175,2,0,2,0,ok,,eli2md 0.6.31,2026-10-05T00:30:52Z
DU/1991/186,1991,186,Rozporządzenie,Rozporządzenie Ministra Rolnictwa i Gospodarki Żywnościowej z dnia 30 kwietnia 1991 r. w sprawie praw i obowiązków oraz zasad wynagradzania pracowników Kasy Rolniczego Ubezpieczenia Społecznego.,1991-04-30,1991-05-16,2014-12-31T12:25:38,e6c60ac1298c2b53afc21c4ed0b4bf686efe3342aec4e28f4ded66e2732e9a84,1,208,1,0,1,0,ok,,eli2md 0.6.31,2026-10-05T00:30:52Z
DU/1991/187,1991,187,Rozporządzenie,Rozporządzenie Ministra Sprawiedliwości z dnia 29 kwietnia 1991 r. zmieniające rozporządzenie w sprawie wynagrodzenia tłumaczy przysięgłych.,1991-04-29,1991-05-16,2014-12-31T12:25:38,8b28db003e506b157fadc0eaa750133053434f9a064f373d017c72e85823ed20,1,175,1,0,1,0,ok,,eli2md 0.6.31,2026-10-05T00:30:52Z
DU/1991/188,1991,188,Rozporządzenie,Rozporządzenie Ministra Sprawiedliwości z dnia 30 kwietnia 1991 r. w sprawie trybu wykonywania nadzoru nad działalnością notariuszy i organów samorządu notarialnego.,1991-04-30,1991-05-16,2014-12-31T12:25:38,85c3a7a57a44b349f1e842818f8a824d6a8d61d9af4d77b5f9221139b2c6cf87,2,699,2,0,2,0,ok,,eli2md 0.6.31,2026-10-05T00:30:52Z
DU/1991/189,1991,189,Rozporządzenie,Rozporządzenie Ministra Sprawiedliwości z dnia 30 kwietnia 1991 r. w sprawie aplikacji notarialnej.,1991-04-30,1991-05-16,2014-12-31T12:25:38,494133c103a977fbe967f811b2356b8f1389df101c5315b0f2c52f75e36fd8ec,2,806,2,0,2,0,ok,,eli2md 0.6.31,2026-10-05T00:30:52Z
DU/1991/190,1991,190,Rozporządzenie,Rozporządzenie Prezydenta Rzeczypospolitej Polskiej z dnia 16 kwietnia 1991 r. w sprawie opisu odznak niektórych orderów.,1991-04-16,1991-05-24,2014-12-31T12:25:38,8509d3e03a8b3507badf4bd8f409815931cb9ad11edc65261325dfe10444e6fb,13,1278,9,4,9,0,ok,,eli2md 0.6.31,2026-10-05T00:30:56Z
DU/1991/191,1991,191,Rozporządzenie,Rozporządzenie Ministra Finansów z dnia 11 maja 1991 r. w sprawie zasad i trybu udzielania dotacji przedmiotowych.,1991-05-11,1991-05-24,2014-12-31T12:25:38,9d67e3edf2267bba7c89bdecd59c72263d7045ab88dd5a2c7ffe03ee887ad967,2,940,2,0,2,0,ok,,eli2md 0.6.31,2026-10-05T00:30:56Z
DU/1991/192,1991,192,Rozporządzenie,Rozporządzenie Ministra Obrony Narodowej z dnia 15 maja 1991 r. w sprawie stosowania przepisów ustawy o instytucjach artystycznych do instytucji artystycznych podległych Ministrowi Obrony Narodowej.,1991-05-15,1991-05-24,2014-12-31T12:25:38,1a8ab60c373deb4fa414edcb08fd3b3a7ab2c426434887ae24dc58204a310ce8,1,201,1,0,1,0,ok,,eli2md 0.6.31,2026-10-05T00:30:56Z
DU/1991/193,1991,193,Rozporządzenie,"Rozporządzenie Ministra - Szefa Urzędu Rady Ministrów z dnia 15 maja 1991 r. w sprawie określenia wykroczeń, za które pracownicy terenowych organów rządowej administracji ogólnej wykonujący zadania w zakresie nadzoru urbanistycznego i budowlanego oraz funkcjonariusze straży miejskich są upoważnieni do nakładania grzywien w drodze mandatu karnego.",1991-05-15,1991-05-24,2014-12-31T12:25:38,2e6356177936d5c6aa64774c0cc98f7e3474db6e4a66a0fdc21ec75741e5f322,2,722,2,0,2,0,ok,,eli2md 0.6.31,2026-10-05T00:30:56Z
DU/1991/196,1991,196,Rozporządzenie,Rozporządzenie Rady Ministrów z dnia 14 maja 1991 r. w sprawie wyrażenia zgody na przekształcenie niektórych banków państwowych w spółki akcyjne.,1991-05-14,1991-05-29,2014-12-31T12:25:38,8a0621d75c4457f837de53b137803f0b3f3f06ca6f2c1d7d6e9b0aeb2b93b9a1,2,265,2,0,2,0,ok,,eli2md 0.6.31,2026-10-05T00:30:56Z
DU/1991/197,1991,197,Rozporządzenie,Rozporządzenie Rady Ministrów z dnia 23 maja 1991 r. w sprawie czasowego zakazu sprzedaży i podawania napojów alkoholowych.,1991-05-23,1991-05-29,2020-06-08T15:28:35,d08f4dcee4aec6a2f02b1320dc992667000fc0324604e64048ae3a7b268841e9,1,249,1,0,1,0,ok,,eli2md 0.6.31,2026-10-05T00:30:56Z
DU/1991/198,1991,198,Rozporządzenie,Rozporządzenie Ministra Edukacji Narodowej z dnia 9 maja 1991 r. zmieniające rozporządzenie w sprawie zasad i trybu dokonywania oceny pracy nauczyciela.,1991-05-09,1991-05-29,2014-12-31T12:25:38,9e1d4d26a9541d909e2390150865ca0be590bcf1083ba41729d7964ceefc6fce,2,468,2,0,2,0,ok,,eli2md 0.6.31,2026-10-05T00:30:56Z
DU/1991/202,1991,202,Rozporządzenie,Rozporządzenie Rady Ministrów z dnia 31 maja 1991 r. w sprawie ustalenia wysokości współczynnika korygującego procentowy wzrost cen towarów i usług konsumpcyjnych.,1991-05-31,1991-06-01,2020-01-16T10:48:33,82cb145dbba8dd21bf744f52d9c5dce453a3bc0b59a8256ffff1b74dc94a0227,1,95,1,0,1,0,ok,,eli2md 0.6.31,2026-10-05T00:30:56Z
DU/1991/204,1991,204,Rozporządzenie,Rozporządzenie Rady Ministrów z dnia 23 maja 1991 r. zmieniające rozporządzenie w sprawie praw i obowiązków pracowników kolejowych.,1991-05-23,1991-06-05,2014-12-31T12:25:38,972f822c39501a619140f06c0908708ee9067e2a93ee67fd8717caec00cd1b75,1,234,1,0,1,0,ok,,eli2md 0.6.31,2026-10-05T00:30:56Z
DU/1991/205,1991,205,Rozporządzenie,Rozporządzenie Rady Ministrów z dnia 23 maja 1991 r. w sprawie zmiany stawek ceł na niektóre towary przywożone z zagranicy.,1991-05-23,1991-06-05,2014-12-31T12:25:38,0826ec979ec16fc34b80497527e74f72a8150ee76115ca644bdcf5280d132731,2,167,2,0,2,0,ok,,eli2md 0.6.31,2026-10-05T00:30:56Z
DU/1991/206,1991,206,Rozporządzenie,Rozporządzenie Rady Ministrów z dnia 4 czerwca 1991 r. w sprawie ustanowienia zakazu przywozu niektórych towarów.,1991-06-04,1991-06-05,2014-12-31T12:25:38,0118b7172915472253e4438dd3b81f360945612d3c36002949da5ce21c5d4b45,1,357,1,0,1,0,ok,,eli2md 0.6.31,2026-10-05T00:30:56Z
DU/1991/207,1991,207,Rozporządzenie,Rozporządzenie Rady Ministrów z dnia 4 czerwca 1991 r. zmieniające rozporządzenie w sprawie zawieszenia do dnia 30 czerwca 1991 r. pobierania ceł od niektórych towarów.,1991-06-04,1991-06-05,2014-12-31T12:25:38,51f237ece4dd0005f517dcdb7235555c691997c40d45abe4495a8b1baeb4084d,1,437,1,0,1,0,ok,,eli2md 0.6.31,2026-10-05T00:30:56Z
DU/1991/208,1991,208,Rozporządzenie,Rozporządzenie Rady Ministrów z dnia 4 czerwca 1991 r. w sprawie zmiany stawek ceł na niektóre towary przywożone z zagranicy.,1991-06-04,1991-06-05,2014-12-31T12:25:38,3279fe205817faaf8b4880382a857d957696d7b6d87511754a20040c83cc0784,2,465,2,0,2,0,ok,,eli2md 0.6.31,2026-10-05T00:30:56Z
DU/1991/209,1991,209,Rozporządzenie,Rozporządzenie Rady Ministrów z dnia 4 czerwca 1991 r. w sprawie ustanowienia czasowego ograniczenia przywozu niektórych towarów.,1991-06-04,1991-06-05,2014-12-31T12:25:38,3791bd8f0da890872346c4a9169aeedb22d2219d537b6d73c29a58a32296946d,2,275,2,0,2,0,ok,,eli2md 0.6.31,2026-10-05T00:30:56Z
DU/1991/210,1991,210,Rozporządzenie,Rozporządzenie Ministra Finansów z dnia 22 maja 1991 r. w sprawie stawek dotacji przedmiotowych do nawozów wapniowych.,1991-05-22,1991-06-05,2014-12-31T12:25:38,2af7527fe5f2eedda47da62b8962632430992cadc7dad7f61866cdfccfb5c65d,1,272,1,0,1,0,ok,,eli2md 0.6.31,2026-10-05T00:30:56Z
DU/1991/211,1991,211,Rozporządzenie,Rozporządzenie Ministra Łączności z dnia 21 maja 1991 r. w sprawie opłat za używanie częstotliwości.,1991-05-21,1991-06-05,2014-12-31T12:25:38,2f1b6c6e8f75ba44eb9a2adc9b270cbe022dea11fca64c2354c1477b7968efdc,4,1338,4,0,4,0,ok,,eli2md 0.6.31,2026-10-05T00:30:59Z
DU/1991/212,1991,212,Rozporządzenie,Rozporządzenie Ministra Spraw Wewnętrznych z dnia 4 czerwca 1991 r. w sprawie udzielania wyróżnień oraz postępowania dyscyplinarnego w stosunku do policjantów.,1991-06-04,1991-06-06,2014-12-31T12:25:38,ce5e48f593afdba4542b109d5c6fa3d2802c071b9e03ccd1f0f91ca541a446c3,7,4452,7,0,7,0,ok,,eli2md 0.6.31,2026-10-05T00:31:04Z
DU/1991/213,1991,213,Rozporządzenie,Rozporządzenie Ministra Współpracy Gospodarczej z Zagranicą z dnia 3 czerwca 1991 r. w sprawie ustanowienia kontyngentów na przewóz alkoholi skażonych i niektórych napojów alkoholowych.,1991-06-03,1991-06-06,2014-12-31T12:25:38,e6b764a81529baabab76c49ab94e3d22c7e922c263b05949fc7c3b127946ee37,1,402,1,0,1,0,ok,,eli2md 0.6.31,2026-10-05T00:31:04Z
DU/1991/214,1991,214,Rozporządzenie,Rozporządzenie Rady Ministrów z dnia 28 maja 1991 r. w sprawie ustalenia morskich i stałych lotniczych przejść granicznych.,1991-05-28,1991-06-11,2014-12-31T12:25:38,0488d3c191e4908b99f2b3acf90715550cb12c882ad17510fb2499e4375bc5df,1,193,1,0,1,0,ok,,eli2md 0.6.31,2026-10-05T00:31:04Z
DU/1991/215,1991,215,Rozporządzenie,"Rozporządzenie Rady Ministrów z dnia 28 maja 1991 r. w sprawie określenia zakresu obowiązków organów obowiązanych do utrzymywania przejść granicznych oraz źródeł finansowania tych przedsięwzięć, a także określenia organów zobowiązanych do osadzania i utrzymywania znaków granicznych na morskich wodach wewnętrznych.",1991-05-28,1991-06-11,2014-12-31T12:25:38,516200a533c39a02c2be9e40f5aaef4f461195a825c86267a3843f8971d888a9,1,447,1,0,1,0,ok,,eli2md 0.6.31,2026-10-05T00:31:04Z
DU/1991/217,1991,217,Rozporządzenie,"Rozporządzenie Rady Ministrów z dnia 21 maja 1991 r. w sprawie zakresu, zasad i trybu udzielania kredytobiorcom pomocy ze środków budżetowych w 1991 r. w spłacie części należnego bankom oprocentowania od kredytów.",1991-05-21,1991-06-13,2014-12-31T12:25:38,21410c5ee4936c4434fb701d1a339bfc04468838aab7d2553f7af88a5f60efb6,2,781,2,0,2,0,ok,,eli2md 0.6.31,2026-10-05T00:31:04Z
DU/1991/218,1991,218,Rozporządzenie,Rozporządzenie Rady Ministrów z dnia 11 czerwca 1991 r. w sprawie zmian stawek ceł na niektóre towary przywożone z zagranicy.,1991-06-11,1991-06-13,2014-12-31T12:25:38,113b9a592b3bf85eba5645fa4a62fe7db9fdeb6dd0a0f4b4a15e1228781f56b2,1,211,1,0,1,0,ok,,eli2md 0.6.31,2026-10-05T00:31:04Z
DU/1991/219,1991,219,Rozporządzenie,Rozporządzenie Ministra Edukacji Narodowej z dnia 31 maja 1991 r. w sprawie szczegółowych warunków i trybu przeprowadzania przewodów kwalifikacyjnych I i II stopnia w zakresie sztuki i dyscyplin artystycznych.,1991-05-31,1991-06-13,2014-12-31T12:25:38,84ddec9ab7789681a3aee4c9aa3a6f4394ee545a0bee56a7c46624a0c674fa97,3,1404,3,0,3,0,ok,,eli2md 0.6.31,2026-10-05T00:31:04Z
DU/1991/220,1991,220,Rozporządzenie,"Rozporządzenie Rady Ministrów z dnia 28 maja 1991 r. w sprawie określenia warunków i sposobu użycia środków przymusu bezpośredniego, a także postępowania przy użyciu broni palnej przez funkcjonariuszy Straży Granicznej.",1991-05-28,1991-06-17,2014-12-31T12:25:38,070283bc7be1bd4a793cb8bd787c9ebd48de5142b7f115d687b91e561fc0c332,3,1591,3,0,3,0,ok,,eli2md 0.6.31,2026-10-05T00:31:04Z
DU/1991/221,1991,221,Rozporządzenie,Rozporządzenie Rady Ministrów z dnia 7 czerwca 1991 r. w sprawie zasad i trybu udzielania w 1991 r. dotacji dla spółdzielni mieszkaniowych.,1991-06-07,1991-06-17,2014-12-31T12:25:38,ff49eb6af327093eba574472ff1de4875c1407bc2b03a7a88665e8212a6aac71,2,615,2,0,2,0,ok,,eli2md 0.6.31,2026-10-05T00:31:04Z
DU/1991/222,1991,222,Rozporządzenie,Rozporządzenie Ministra Finansów z dnia 29 maja 1991 r. zmieniające rozporządzenie w sprawie zwolnienia od podatku dochodowego dochodów z tytułu niektórych rodzajów działalności gospodarczej.,1991-05-29,1991-06-17,2014-12-31T12:25:38,08955540d953d79879b27a6039c63c849d6b1632a1c7e9af258b25f1c7f631b9,1,184,1,0,1,0,ok,,eli2md 0.6.31,2026-10-05T00:31:04Z
DU/1991/223,1991,223,Rozporządzenie,Rozporządzenie Ministra Pracy i Polityki Socjalnej z dnia 16 maja 1991 r. w sprawie wzorów i trybu wystawiania legitymacji ubezpieczeniowych.,1991-05-16,1991-06-17,2014-12-31T12:25:38,6dca7d31096cb05888a35ab78015dbcc4c851a04a592a70ddb974e3f8fabde67,8,1853,8,0,8,0,ok,,eli2md 0.6.31,2026-10-05T00:31:06Z
DU/1991/224,1991,224,Umowa międzynarodowa,"Umowa między Polską Rzecząpospolitą Ludową a Republiką Turecką o pomocy prawnej w sprawach karnych, o ekstradycji i o przekazywaniu osób skazanych, podpisana w Ankarze dnia 9 stycznia 1989 r.",1989-10-30,1991-06-19,2014-12-31T12:25:38,eb1af5734751909358636d7cddb0c36f8f43e3cdc2543389a07f72835f5d80c4,15,8448,15,0,15,0,ok,,eli2md 0.6.31,2026-10-05T00:31:18Z
DU/1991/225,1991,225,Oświadczenie rządowe,"Oświadczenie rządowe z dnia 15 maja 1991 r. w sprawie wymiany dokumentów ratyfikacyjnych Umowy między Polską Rzecząpospolitą Ludową a Republiką Turecką o pomocy prawnej w sprawach karnych, o ekstradycji i o przekazywaniu osób skazanych, podpisanej w Ankarze dnia 9 stycznia 1989 r.",1991-05-15,1991-06-19,2019-03-26T10:36:58,c9e7c3f97084e3cd22e5effede9f93966aec1763d008c776ee990d8bb4bf892e,2,112,1,0,1,0,ok,,eli2md 0.6.31,2026-10-05T00:31:18Z
DU/1991/228,1991,228,Rozporządzenie,Rozporządzenie Rady Ministrów z dnia 14 czerwca 1991 r. w sprawie organów uprawnionych do przeprowadzania kontroli wykonania obowiązku zawarcia umów ubezpieczeń obowiązkowych oraz trybu ustalania i egzekwowania opłaty za niewykonanie tego obowiązku.,1991-06-14,1991-06-20,2014-12-31T12:25:38,2d016ee2ff3546dd846115d0bd3120e8e6351b506c7af2fa9c09c987e4400804,2,649,2,0,2,0,ok,,eli2md 0.6.31,2026-10-05T00:31:18Z
DU/1991/229,1991,229,Rozporządzenie,"Rozporządzenie Ministrów Obrony Narodowej oraz Zdrowia i Opieki Społecznej z dnia 5 czerwca 1991 r. zmieniające rozporządzenie w sprawie pomocy leczniczej dla żołnierzy, emerytów wojskowych i rencistów wojskowych oraz dla członków ich rodzin.",1991-06-05,1991-06-20,2014-12-31T12:25:38,9ac4fe4484bd33cd742330a8aebf2b9355d7f32b2d407e095727da972df146d3,2,227,2,0,2,0,ok,,eli2md 0.6.31,2026-10-05T00:31:18Z
DU/1991/230,1991,230,Rozporządzenie,Rozporządzenie Ministra Sprawiedliwości z dnia 28 maja 1991 r. w sprawie określenia sądów rejonowych prowadzących księgi wieczyste oraz obszarów ich właściwości miejscowej.,1991-05-28,1991-06-20,2014-12-31T12:25:38,70497a362d7d1374a3e5d678ca5f55d3f3b1be7ee489e70e3c4a8b8146594d64,9,6028,9,0,9,0,ok,,eli2md 0.6.31,2026-10-05T00:31:18Z
DU/1991/231,1991,231,Rozporządzenie,Rozporządzenie Rady Ministrów z dnia 15 czerwca 1991 r. w sprawie ustanowienia czasowego ograniczenia przywozu piwa i napojów winnych.,1991-06-15,1991-06-21,2014-12-31T12:25:38,440fe7e5f9dc8f4b166a784ca58903198d5f7cde1e0385bccb9233250786f524,1,256,1,0,1,0,ok,,eli2md 0.6.31,2026-10-05T00:31:18Z
DU/1991/232,1991,232,Rozporządzenie,Rozporządzenie Ministra Spraw Wewnętrznych z dnia 13 czerwca 1991 r. w sprawie udzielania wyróżnień oraz postępowania dyscyplinarnego w stosunku do funkcjonariuszy Urzędu Ochrony Państwa.,1991-06-13,1991-06-21,2014-12-31T12:25:38,fac9706a3f1944d66fb3bbe57fed733d7d7dd009bd6a4faa533901e2275cf2cb,6,3596,6,0,6,0,ok,,eli2md 0.6.31,2026-10-05T00:31:18Z
DU/1991/233,1991,233,Rozporządzenie,Rozporządzenie Ministra Współpracy Gospodarczej z Zagranicą z dnia 13 czerwca 1991 r. w sprawie sposobu rozdysponowania kontyngentów na przywóz alkoholi skażonych i niektórych napojów alkoholowych.,1991-06-13,1991-06-21,2014-12-31T12:25:38,ccebaf30f189f62b45129a0f0d48a87c4148f8a4af02a31dd83f4d579552eb2d,2,529,2,0,2,0,ok,,eli2md 0.6.31,2026-10-05T00:31:18Z
DU/1991/238,1991,238,Rozporządzenie,Rozporządzenie Rady Ministrów z dnia 15 czerwca 1991 r. w sprawie czasowego zakazu sprzedaży i podawania napojów alkoholowych.,1991-06-15,1991-06-26,2020-06-08T15:28:35,a247d74fa701f585a299ec6e741b3b4a9886cfbd5645a4595d6b5d90f308bae0,1,145,1,0,1,0,ok,,eli2md 0.6.31,2026-10-05T00:31:18Z
DU/1991/239,1991,239,Rozporządzenie,Rozporządzenie Ministra Pracy i Polityki Socjalnej z dnia 10 czerwca 1991 r. w sprawie dodatków do emerytur i rent dla nauczycieli akademickich.,1991-06-10,1991-06-26,2014-12-31T12:25:38,1618f5e620c85e2c254d19751e2103cb55fb02908f6acecf16a904f36e4cb6a3,2,454,2,0,2,0,ok,,eli2md 0.6.31,2026-10-05T00:31:18Z
DU/1991/240,1991,240,Rozporządzenie,Rozporządzenie Przewodniczącego Komitetu Badań Naukowych z dnia 17 czerwca 1991 r. zmieniające rozporządzenie w sprawie szczególnych zasad gospodarowania środkami finansowymi na naukę w 1991 r.,1991-06-17,1991-06-26,2014-12-31T12:25:38,33d891ffb647a08240d0555d07bf397470a1cd187d5aff71192f5be78891dbe2,1,207,1,0,1,0,ok,,eli2md 0.6.31,2026-10-05T00:31:18Z
DU/1991/241,1991,241,Rozporządzenie,Rozporządzenie Ministra Finansów z dnia 20 czerwca 1991 r. w sprawie terytorialnego zasięgu działania oraz siedzib urzędów skarbowych i izb skarbowych.,1991-06-20,1991-06-27,2014-12-31T12:25:38,39f3f077079b7bc80ec28a8c7998be7dc1f2042aba36864f94ed58322d2b5018,16,6118,16,0,16,0,ok,,eli2md 0.6.31,2026-10-05T00:31:23Z
DU/1991/242,1991,242,Rozporządzenie,Rozporządzenie Prezesa Rady Ministrów z dnia 24 czerwca 1991 r. zmieniające rozporządzenie w sprawie kar pieniężnych za zwłokę w uiszczaniu opłat za używanie odbiorników radiofonicznych i telewizyjnych oraz za używanie nie zarejestrowanych odbiorników radiofonicznych i telewizyjnych.,1991-06-24,1991-06-28,2014-12-31T12:25:38,388dd696f6afd93801f1dca55f3e26d6fbd36d9f623aa00e7ec2a9bcb5adfd02,1,223,1,0,1,0,ok,,eli2md 0.6.31,2026-10-05T00:31:23Z
DU/1991/243,1991,243,Rozporządzenie,"Rozporządzenie Ministra Edukacji Narodowej z dnia 13 czerwca 1991 r. w sprawie zasad, jakim powinien odpowiadać statut uczelni państwowej nie spełniającej wymagań określonych w art. 12 ust. 1 i 2 ustawy o szkolnictwie wyższym.",1991-06-13,1991-06-28,2014-12-31T12:25:38,63d36c7696262d88adb40662bfb5d3b31a0e4c8ff9e6b4051a57845ba40a7761,3,1258,3,0,3,0,ok,,eli2md 0.6.31,2026-10-05T00:31:23Z
DU/1991/244,1991,244,Rozporządzenie,Rozporządzenie Ministra Finansów z dnia 25 czerwca 1991 r. zmieniające rozporządzenie w sprawie karty podatkowej.,1991-06-25,1991-06-28,2014-12-31T12:25:38,905c7f3d2a90e1952ecd27db991d40c4697311a2b02764234b34de5021c131e4,11,3450,11,0,11,0,ok,,eli2md 0.6.31,2026-10-05T00:31:23Z
DU/1991/245,1991,245,Rozporządzenie,"Rozporządzenie Ministra Transportu i Gospodarki Morskiej z dnia 15 maja 1991 r. zmieniające rozporządzenie w sprawie rejestracji, ewidencji i oznaczania pojazdów.",1991-05-15,1991-06-28,2014-12-31T12:25:38,64dbed50a05bada6508cb66618b31ff893401e29e8496df6e9eba586912fbbb6,4,1143,4,0,4,0,ok,,eli2md 0.6.31,2026-10-05T00:31:23Z
DU/1991/247,1991,247,Rozporządzenie,Rozporządzenie Rady Ministrów z dnia 18 czerwca 1991 r. w sprawie szczegółowego zakresu działania i organizacji Urzędu do Spraw Kombatantów i Osób Represjonowanych.,1991-06-18,1991-07-02,2016-06-09T16:24:56,12dcc875e25540c5f2f25506b8951cc5142859bec6a6c59200c88111ceedfdc1,2,520,2,0,2,0,ok,,eli2md 0.6.31,2026-10-05T00:31:23Z
DU/1991/248,1991,248,Rozporządzenie,Rozporządzenie Rady Ministrów z dnia 26 czerwca 1991 r. w sprawie szczególnego trybu podziału przedsiębiorstw państwowych podlegających komunalizacji.,1991-06-26,1991-07-02,2014-12-31T12:25:38,5bea3093f21a2e7838de5fd6d0b2e91fabb3c153db1be74f081dce88d3995997,2,583,2,0,2,0,ok,,eli2md 0.6.31,2026-10-05T00:31:23Z
DU/1991/249,1991,249,Rozporządzenie,Rozporządzenie Ministra Edukacji Narodowej z dnia 10 czerwca 1991 r. w sprawie studiów doktoranckich i stypendiów naukowych.,1991-06-10,1991-07-02,2014-12-31T12:25:38,5032904dfda84995ab22705d7464182b9c61bb55f5cc4f3c202b69d608ebefc1,3,1848,3,0,3,0,ok,,eli2md 0.6.31,2026-10-05T00:31:23Z
DU/1991/250,1991,250,Rozporządzenie,Rozporządzenie Ministra Spraw Wewnętrznych z dnia 10 czerwca 1991 r. zmieniające rozporządzenie w sprawie ustalania prawa do zaopatrzenia emerytalnego funkcjonariuszy Milicji Obywatelskiej oraz ich rodzin i w sprawie wypłaty świadczeń pieniężnych z tytułu tego zaopatrzenia.,1991-06-10,1991-07-02,2014-12-31T12:25:38,648e29b77198144643aa5fdff8f312359e504c86a45fe125716bb144ba51dfc5,2,389,2,0,2,0,ok,,eli2md 0.6.31,2026-10-05T00:31:23Z
DU/1991/251,1991,251,Rozporządzenie,Rozporządzenie Ministra Spraw Wewnętrznych z dnia 14 czerwca 1991 r. w sprawie zakresu oraz trybu zwrotu opłaty paszportowej i poniesionych kosztów w przypadku unieważnienia paszportu.,1991-06-14,1991-07-02,2014-12-31T12:25:38,aeb154959d94e8c654581d867ec17296855d37c8ca7ab03eda5f9c3b2af4ec2e,1,330,1,0,1,0,ok,,eli2md 0.6.31,2026-10-05T00:31:23Z
DU/1991/254,1991,254,Zarządzenie,Zarządzenie Prezydenta Rzeczypospolitej Polskiej z dnia 3 lipca 1991 r. w sprawie zarządzenia wyborów do Sejmu i Senatu Rzeczypospolitej Polskiej.,1991-07-03,1991-07-04,2020-02-05T15:57:08,1ad857fbd8059b92561afdea01dfabcd7ab968ffe299303309cbbc86a0332c9c,2,408,2,0,2,0,ok,,eli2md 0.6.31,2026-10-05T00:31:23Z
DU/1991/255,1991,255,Rozporządzenie,Rozporządzenie Rady Ministrów z dnia 18 czerwca 1991 r. w sprawie udzielania kredytobiorcom pomocy ze środków budżetowych w spłacie części należnego bankom oprocentowania od kredytów udzielanych w 1991 r. na skup produktów rolnych.,1991-06-18,1991-07-04,2014-12-31T12:25:38,8ffd295e0176be047fcdbc9fe9dcee75ad05140f5148138e1f59941357123f10,1,430,1,0,1,0,ok,,eli2md 0.6.31,2026-10-05T00:31:23Z
DU/1991/256,1991,256,Rozporządzenie,"Rozporządzenie Ministra Finansów z dnia 27 czerwca 1991 r. w sprawie stawek, szczegółowych zasad i trybu udzielania dotacji przedmiotowych do posiłków sprzedawanych w barach mlecznych.",1991-06-27,1991-07-04,2014-12-31T12:25:38,f5b830b7386b8f88a88939616cc494fa4ba4b968af3be6cd153afefaae8f8784,1,426,1,0,1,0,ok,,eli2md 0.6.31,2026-10-05T00:31:23Z
DU/1991/257,1991,257,Rozporządzenie,Rozporządzenie Ministra Finansów z dnia 28 czerwca 1991 r. zmieniające rozporządzenie w sprawie klasyfikacji dochodów i wydatków budżetowych oraz innych przychodów i rozchodów.,1991-06-28,1991-07-04,2014-12-31T12:25:38,8fa44d2bd0c4e2e557c282bffd20c26d6cf0dc629e4bf38d4c4d14a8fdaaae52,1,114,1,0,1,0,ok,,eli2md 0.6.31,2026-10-05T00:31:23Z
DU/1991/261,1991,261,Rozporządzenie,Rozporządzenie Rady Ministrów z dnia 26 czerwca 1991 r. w sprawie zmiany wysokości opłat w sprawach karnych.,1991-06-26,1991-07-10,2014-12-31T12:25:38,ed4360a77790676bf95de240d34d340f6cd16d077dc74e5ec323f4d5da00fb17,2,656,2,0,2,0,ok,,eli2md 0.6.31,2026-10-05T00:31:23Z
DU/1991/262,1991,262,Rozporządzenie,Rozporządzenie Rady Ministrów z dnia 2 lipca 1991 r. w sprawie zasad postępowania w sprawach o naruszenie dyscypliny budżetowej.,1991-07-02,1991-07-10,2014-12-31T12:25:38,3e1d4b3b6354bf4a4655d24d2cfe54f947fa1df46648ce86e903fc820e1780ae,3,1517,3,0,3,0,ok,,eli2md 0.6.31,2026-10-05T00:31:23Z
DU/1991/263,1991,263,Rozporządzenie,Rozporządzenie Ministra Pracy i Polityki Socjalnej z dnia 27 czerwca 1991 r. w sprawie szczegółowych zasad i trybu zaliczania okresów działalności kombatanckiej i okresów działalności równorzędnej z działalnością kombatancką do okresów zatrudnienia.,1991-06-27,1991-07-10,2014-12-31T12:25:38,eff468f62bf82ae48104b0a92c8843f344340c42ba7d638925e569fb8b490028,1,235,1,0,1,0,ok,,eli2md 0.6.31,2026-10-05T00:31:23Z
DU/1991/264,1991,264,Rozporządzenie,Rozporządzenie Ministra Sprawiedliwości z dnia 24 czerwca 1991 r. w sprawie taksy za czynności komorników.,1991-06-24,1991-07-10,2014-12-31T12:25:38,a9d2b68a90777c166c1a71e381631d3f6b3ff6cc8d2b72b3a331f4e9f32055bb,5,2590,5,0,5,0,ok,,eli2md 0.6.31,2026-10-05T00:31:23Z
DU/1991/265,1991,265,Uchwała,Uchwała Trybunału Konstytucyjnego z dnia 26 czerwca 1991 r. w sprawie wykładni art. 25 ustawy z dnia 16 września 1982 r. o pracownikach urzędów państwowych.,1991-06-26,1991-07-10,2014-12-31T12:25:38,5c4fcea666a9a807ce5af00f2c285cf5b02831e19ad6586aaa292f508d504355,1,398,1,0,1,0,ok,,eli2md 0.6.31,2026-10-05T00:31:23Z
DU/1991/267,1991,267,Rozporządzenie,"Rozporządzenie Rady Ministrów z dnia 2 lipca 1991 r. zmieniające rozporządzenie w sprawie praw i obowiązków pracowników państwowej jednostki organizacyjnej ""Polska Poczta, Telegraf i Telefon"".",1991-07-02,1991-07-15,2014-12-31T12:25:38,e1957d4fea12a6c70637176b8e8b69497590327a384d9d232e623f0349978b09,1,111,1,0,1,0,ok,,eli2md 0.6.31,2026-10-05T00:31:23Z
DU/1991/268,1991,268,Rozporządzenie,Rozporządzenie Prezesa Rady Ministrów z dnia 8 lipca 1991 r. w sprawie zasad i trybu zgłaszania wniosków o przyznanie uprawnień do przeprowadzania przewodów kwalifikacyjnych I i II stopnia w zakresie sztuki i dyscyplin artystycznych.,1991-07-08,1991-07-15,2014-12-31T12:25:38,caf15a5d660fa90af1774568bb48a805fde55d4d21583fb92c51f2bac80d219c,2,260,2,0,2,0,ok,,eli2md 0.6.31,2026-10-05T00:31:23Z
DU/1991/269,1991,269,Rozporządzenie,Rozporządzenie Ministra Edukacji Narodowej z dnia 1 lipca 1991 r. w sprawie szczegółowych zasad i trybu postępowania dyscyplinarnego wobec studentów.,1991-07-01,1991-07-15,2014-12-31T12:25:38,5aa9af7bda5c26c35081537563e133030f0d517fc2b3e389d423128921ae8409,5,2557,5,0,5,0,ok,,eli2md 0.6.31,2026-10-05T00:31:25Z
DU/1991/270,1991,270,Rozporządzenie,Rozporządzenie Ministra Kultury i Sztuki z dnia 24 czerwca 1991 r. w sprawie zasad gospodarki finansowej instytucji artystycznych.,1991-06-24,1991-07-15,2014-12-31T12:25:38,f11f180056aa96ca1220fd2d2299cd0f7066d3f0272ecdfe64b2c1f8876b8eb6,2,658,2,0,2,0,ok,,eli2md 0.6.31,2026-10-05T00:31:25Z
DU/1991/274,1991,274,Rozporządzenie,Rozporządzenie Ministra Edukacji Narodowej z dnia 14 czerwca 1991 r. w sprawie szczegółowych zasad ustalania wynagrodzenia za urlop wypoczynkowy nauczycieli.,1991-06-14,1991-07-18,2014-12-31T12:25:38,d2dab4e012ee1e4351704969d4065c0cf04f79425ffc9f8092e0bf88a550e998,2,416,2,0,2,0,ok,,eli2md 0.6.31,2026-10-05T00:31:25Z
DU/1991/275,1991,275,Rozporządzenie,Rozporządzenie Ministra Edukacji Narodowej z dnia 5 lipca 1991 r. zmieniające rozporządzenie w sprawie zasad tworzenia sieci szkolnej.,1991-07-05,1991-07-18,2014-12-31T12:25:38,3d7c98f9ff2f60c36e9125130656a8b40b74207207dda29b607de2c0fc4d2c82,1,170,1,0,1,0,ok,,eli2md 0.6.31,2026-10-05T00:31:25Z
DU/1991/276,1991,276,Rozporządzenie,Rozporządzenie Ministra Finansów z dnia 8 lipca 1991 r. zmieniające rozporządzenie w sprawie zwolnienia od podatków obrotowego i dochodowego podatników osiągających przychody z niektórych rodzajów nowo uruchomionej działalności gospodarczej.,1991-07-08,1991-07-18,2014-12-31T12:25:38,6c77aa063f1630afc3c7b63348a3ccf547eba36b270237cefccafa3f2f64a0b6,1,426,1,0,1,0,ok,,eli2md 0.6.31,2026-10-05T00:31:25Z
DU/1991/277,1991,277,Rozporządzenie,"Rozporządzenie Ministra Rynku Wewnętrznego z dnia 5 lipca 1991 r. w sprawie określenia liczby punktów sprzedaży napojów alkoholowych zawierających powyżej 4,5 % alkoholu.",1991-07-05,1991-07-18,2014-12-31T12:25:38,af6ac33d570f7978c40f5f85a7064074a435e06221ba3a0b23cfe3aa71060df1,1,411,1,0,1,0,ok,,eli2md 0.6.31,2026-10-05T00:31:25Z
DU/1991/278,1991,278,Rozporządzenie,Rozporządzenie Ministra Sprawiedliwości z dnia 6 lipca 1991 r. zmieniające rozporządzenie w sprawie prowadzenia rejestru fundacji.,1991-07-06,1991-07-18,2014-12-31T12:25:38,fc70012aa5226118b34c400b5a5083d130bf0ca90484fbe373d0825728bd3bf4,1,200,1,0,1,0,ok,,eli2md 0.6.31,2026-10-05T00:31:25Z
DU/1991/280,1991,280,Rozporządzenie,Rozporządzenie Rady Ministrów z dnia 9 lipca 1991 r. zmieniające rozporządzenie w sprawie udzielania odroczeń zasadniczej służby wojskowej oraz uznania poborowych i żołnierzy za jedynych żywicieli rodzin.,1991-07-09,1991-07-25,2014-12-31T12:25:38,bab2e3688ddb1b2fd620cfc253dcd8df9a47ca327698d365da712f074eafca26,4,2036,4,0,4,0,ok,,eli2md 0.6.31,2026-10-05T00:31:28Z
DU/1991/281,1991,281,Rozporządzenie,Rozporządzenie Rady Ministrów z dnia 16 lipca 1991 r. zmieniające rozporządzenie w sprawie powołania i zakresu działania dyrekcji okręgowych dróg publicznych i jednostek im podległych oraz drogowej służby liniowej.,1991-07-16,1991-07-25,2014-12-31T12:25:38,194762e17bf2148ef5dbff2f29cf24b14e5f4bc4879b4bbcf357c9cd695795a0,1,229,1,0,1,0,ok,,eli2md 0.6.31,2026-10-05T00:31:28Z
DU/1991/282,1991,282,Rozporządzenie,"Rozporządzenie Rady Ministrów z dnia 16 lipca 1991 r. w sprawie przejmowania na własność Skarbu Państwa nieruchomości wchodzących w skład gospodarstw rolnych, na wniosek właścicieli uprawnionych do emerytury lub renty z ubezpieczenia społecznego rolników.",1991-07-16,1991-07-25,2014-12-31T12:25:38,f5aceab891ae1daa0e474e8fa6cbc94c03dfe5610502771241d3e4491e47eab3,2,1064,2,0,2,0,ok,,eli2md 0.6.31,2026-10-05T00:31:28Z
DU/1991/283,1991,283,Rozporządzenie,"Rozporządzenie Ministra Pracy i Polityki Socjalnej z dnia 15 lipca 1991 r. w sprawie trybu postępowania przy przyznawaniu dodatku kombatanckiego oraz emerytur i rent, w drodze wyjątku, kombatantom i innym osobom uprawnionym.",1991-07-15,1991-07-25,2016-03-25T08:59:37,8b872d1c72ed376d470fb8f9c746330d737b22e4c59377bf39a77642ee3ac8e7,1,360,1,0,1,0,ok,,eli2md 0.6.31,2026-10-05T00:31:28Z
DU/1991/284,1991,284,Rozporządzenie,Rozporządzenie Ministra Rolnictwa i Gospodarki Żywnościowej z dnia 6 lipca 1991 r. w sprawie zasad realizacji wydatków budżetowych na finansowanie rozwoju rolnictwa w 1991 r.,1991-07-06,1991-07-25,2014-12-31T12:25:38,935d0aebcea13f433760db029f9dd5b554f3472a04aaaebda6b3a79e8df7ef4d,2,704,2,0,2,0,ok,,eli2md 0.6.31,2026-10-05T00:31:28Z
DU/1991/285,1991,285,Rozporządzenie,Rozporządzenie Ministra Transportu i Gospodarki Morskiej z dnia 10 lipca 1991 r. w sprawie utworzenia Biura Hydrograficznego Rzeczypospolitej Polskiej.,1991-07-10,1991-07-25,2014-12-31T12:25:38,29c6e7c21bd37c7df827b0d20f197382a60fde36ecee7c2128bdd5874aa8834f,1,89,1,0,1,0,ok,,eli2md 0.6.31,2026-10-05T00:31:28Z
DU/1991/288,1991,288,Rozporządzenie,Rozporządzenie Rady Ministrów z dnia 23 lipca 1991 r. w sprawie ceł na towary przywożone z zagranicy.,1991-07-23,1991-07-30,2014-12-31T12:25:38,3f886e0cb647d770afffe80efacde5cf6945c3f5be3165858a9bf6e6f87648bf,52,24184,52,0,52,0,ok,,eli2md 0.6.31,2026-10-05T00:32:09Z
DU/1991/289,1991,289,Rozporządzenie,Rozporządzenie Rady Ministrów z dnia 23 lipca 1991 r. w sprawie zawieszenia do dnia 31 grudnia 1991 r. pobierania ceł od niektórych towarów.,1991-07-23,1991-07-30,2014-12-31T12:25:38,34bcb0e48f8006e982bfc02b8576a3e0949631fb8a07d7fac497443434cd579e,29,10948,28,0,27,0,ok,,eli2md 0.6.31,2026-10-05T00:32:09Z
DU/1991/290,1991,290,Rozporządzenie,Rozporządzenie Ministra Finansów z dnia 26 lipca 1991 r. w sprawie stawek podatku obrotowego od towarów sprowadzanych lub nadsyłanych z zagranicy oraz zwolnień od tego podatku.,1991-07-26,1991-07-31,2014-12-31T12:25:38,764854b96a00cba96f7eb1bb362dfa4a846db1a5d1537f345ee5246921769794,13,6867,13,0,13,0,ok,,eli2md 0.6.31,2026-10-05T00:32:09Z
DU/1991/291,1991,291,Rozporządzenie,"Rozporządzenie Ministra Finansów z dnia 26 lipca 1991 r. zmieniające rozporządzenie w sprawie stawek podatku obrotowego od osób fizycznych oraz nie będących jednostkami gospodarki uspołecznionej osób prawnych i innych jednostek organizacyjnych nie posiadających osobowości prawnej, ulg, zwolnień i trybu płatności tego podatku.",1991-07-26,1991-07-31,2014-12-31T12:25:38,a21104732966031ad6e28c528bcbad6d74cf4abf6e3edeabf18251d019cbbe41,2,645,2,0,2,0,ok,,eli2md 0.6.31,2026-10-05T00:32:09Z
DU/1991/292,1991,292,Rozporządzenie,Rozporządzenie Ministra Finansów z dnia 26 lipca 1991 r. zmieniające rozporządzenie w sprawie stawek podatku obrotowego od jednostek gospodarki uspołecznionej oraz ulg i zwolnień od tego podatku.,1991-07-26,1991-07-31,2014-12-31T12:25:38,9f97ac69d56893c54052d53ed0db1a13ee4a12eb0df8050d063019025f5a6a80,2,577,2,0,2,0,ok,,eli2md 0.6.31,2026-10-05T00:32:09Z
DU/1991/294,1991,294,Rozporządzenie,Rozporządzenie Rady Ministrów z dnia 16 lipca 1991 r. zmieniające rozporządzenie w sprawie niektórych obowiązków i uprawnień pracowników zatrudnionych w zakładach służby zdrowia.,1991-07-16,1991-08-08,2014-12-31T12:25:38,82b3ff4dcf72abca5048d54554e08d933d491346d57f8880711a9609824ed473,2,146,2,0,2,0,ok,,eli2md 0.6.31,2026-10-05T00:32:09Z
DU/1991/295,1991,295,Rozporządzenie,"Rozporządzenie Rady Ministrów z dnia 23 lipca 1991 r. zmieniające rozporządzenie w sprawie wysokości i podstawy wymiaru składek na ubezpieczenie społeczne, zgłaszania do ubezpieczenia społecznego oraz rozliczania składek i świadczeń z ubezpieczenia społecznego.",1991-07-23,1991-08-08,2014-12-31T12:25:38,b64db9f278bdc732db94a1d1670a15d6b6c1c7615db658cc34e66826f5bb5d00,1,510,1,0,1,0,ok,,eli2md 0.6.31,2026-10-05T00:32:09Z
DU/1991/296,1991,296,Rozporządzenie,Rozporządzenie Prezesa Rady Ministrów z dnia 22 lipca 1991 r. w sprawie zasad i trybu nostryfikacji stopni naukowych uzyskanych za granicą.,1991-07-22,1991-08-08,2014-12-31T12:25:38,0a180cf8dca79780b890010a26609ad1e48b497c91e1d4f1ddf1ca6035a47607,2,643,2,0,2,0,ok,,eli2md 0.6.31,2026-10-05T00:32:09Z
DU/1991/297,1991,297,Rozporządzenie,Rozporządzenie Ministra Finansów z dnia 24 lipca 1991 r. zmieniające rozporządzenie w sprawie klasyfikacji dochodów i wydatków budżetowych oraz innych przychodów i rozchodów.,1991-07-24,1991-08-08,2014-12-31T12:25:38,b627b4977d06398a164377512810469655f3ad1c805c51d028c7881833c9e546,1,126,1,0,1,0,ok,,eli2md 0.6.31,2026-10-05T00:32:09Z
DU/1991/298,1991,298,Rozporządzenie,Rozporządzenie Ministra Finansów z dnia 26 lipca 1991 r. zmieniające rozporządzenie w sprawie podatku dochodowego od osób prawnych.,1991-07-26,1991-08-08,2014-12-31T12:25:38,2c4e02101b6d025eb84296e8f47b5069617fc894e586cbc804fdf07fa78d87a1,1,119,1,0,1,0,ok,,eli2md 0.6.31,2026-10-05T00:32:09Z
DU/1991/299,1991,299,Rozporządzenie,Rozporządzenie Ministra Gospodarki Przestrzennej i Budownictwa z dnia 18 lipca 1991 r. zmieniające rozporządzenie w sprawie samodzielnych funkcji technicznych w budownictwie.,1991-07-18,1991-08-08,2014-12-31T12:25:38,5bd22f9dfc20aa7c7e49dd5291892911440ecd55f2ac96475263af3f144b36d3,2,730,2,0,2,0,ok,,eli2md 0.6.31,2026-10-05T00:32:09Z
DU/1991/300,1991,300,Rozporządzenie,Rozporządzenie Ministra Sprawiedliwości z dnia 10 lipca 1991 r. w sprawie utworzenia w Pile Ośrodka Zamiejscowego Sądu Wojewódzkiego w Poznaniu.,1991-07-10,1991-08-08,2014-12-31T12:25:38,d0bb4b9d9818e6a27bbe5bfa539ec75061d4cc5decd53b352a1a7c9be02d780f,1,128,1,0,1,0,ok,,eli2md 0.6.31,2026-10-05T00:32:09Z
DU/1991/301,1991,301,Rozporządzenie,Rozporządzenie Ministra Sprawiedliwości z dnia 10 lipca 1991 r. zmieniające rozporządzenie w sprawie utworzenia oraz ustalenia siedzib i terytorialnego zakresu działania prokuratur wojewódzkich i rejonowych.,1991-07-10,1991-08-08,2014-12-31T12:25:38,2c3fc540c0e322a5ad882e14b255ee28977f2d210f70cdc387914684d9242d33,2,548,2,0,2,0,ok,,eli2md 0.6.31,2026-10-05T00:32:09Z
DU/1991/302,1991,302,Rozporządzenie,Rozporządzenie Ministra Współpracy Gospodarczej z Zagranicą z dnia 19 lipca 1991 r. w sprawie ustanowienia norm ilościowych lub wartościowych towarów wolnych od cła i od pozwolenia na przywóz oraz wprowadzenia stawki celnej ryczałtowej.,1991-07-19,1991-08-08,2014-12-31T12:25:38,40748ac1568ccebb93454781ca22ef45650bcd78a6accec2989e140ee5389893,3,1452,3,0,3,0,ok,,eli2md 0.6.31,2026-10-05T00:32:09Z
DU/1991/303,1991,303,Układ,"Układ o współpracy patentowej sporządzony w Waszyngtonie dnia 19 czerwca 1970 r., poprawiony dnia 2 października 1979 r. i zmieniony dnia 3 lutego 1984 r.",1990-08-31,1991-08-09,2014-12-31T12:25:38,3db271c9cedeffc0db015d40dabb5dc780f4ef87c44ca0240f0ef6f0f9e4232b,1,341,1,0,1,0,ok,,eli2md 0.6.31,2026-10-05T00:32:09Z
DU/1991/304,1991,304,Oświadczenie rządowe,"Oświadczenie rządowe z dnia 30 kwietnia 1991 r. w sprawie przystąpienia Rzeczypospolitej Polskiej do Układu o współpracy patentowej, sporządzonego w Waszyngtonie dnia 19 czerwca 1970 r., poprawionego dnia 2 października 1979 r. i zmienionego dnia 3 lutego 1984 r.",1991-04-30,1991-08-09,2019-03-26T10:36:58,a8e06b57e08505e09184270b9d93b655b6d2c138063c360ada9b16ebf6941006,2,543,2,0,2,0,ok,,eli2md 0.6.31,2026-10-05T00:32:09Z
DU/1991/305,1991,305,Rozporządzenie,Rozporządzenie Rady Ministrów z dnia 16 lipca 1991 r. zmieniające rozporządzenie w sprawie ustanowienia zakazu przywozu niektórych towarów.,1991-07-16,1991-08-09,2014-12-31T12:25:38,74d07b5fd7c8edb4bb87626b1ff13be759c4b90a46b23c385308cb4793e4c774,2,482,2,0,2,0,ok,,eli2md 0.6.31,2026-10-05T00:32:09Z
DU/1991/306,1991,306,Rozporządzenie,Rozporządzenie Ministra Rolnictwa i Gospodarki Żywnościowej z dnia 6 lipca 1991 r. w sprawie wysokości stawek dotacji dla rolnictwa oraz zasad i trybu ich udzielania w 1991 r.,1991-07-06,1991-08-09,2014-12-31T12:25:38,83d7b27fe2d9f50a001e0ef5bbba86685c5b0c36692449320c5b7c1374045fb3,18,10087,18,0,18,0,ok,,eli2md 0.6.31,2026-10-05T00:32:09Z
DU/1991/307,1991,307,Rozporządzenie,Rozporządzenie Rady Ministrów z dnia 16 lipca 1991 r. w sprawie wynagrodzenia i świadczeń przysługujących pracownikom polskich placówek dyplomatycznych i urzędów konsularnych.,1991-07-16,1991-08-12,2014-12-31T12:25:38,d98d5e7527ef12e5bb2f1fb2651afab2df3c32ca6d3433301d03eb18eedd201d,5,2611,5,0,5,0,ok,,eli2md 0.6.31,2026-10-05T00:32:09Z
DU/1991/308,1991,308,Rozporządzenie,"Rozporządzenie Rady Ministrów z dnia 29 lipca 1991 r. w sprawie szczegółowych warunków, jakim powinien odpowiadać prospekt papierów wartościowych wprowadzanych do publicznego obrotu.",1991-07-29,1991-08-12,2014-12-31T12:25:38,5a020aa915fbb030467a7ec3fd8875258379343edcb4a42ea52754b8abffd0b9,11,6231,11,0,11,0,ok,,eli2md 0.6.31,2026-10-05T00:32:09Z
DU/1991/309,1991,309,Rozporządzenie,Rozporządzenie Rady Ministrów z dnia 31 lipca 1991 r. zmieniające rozporządzenie w sprawie czasowego zakazu obrotu towarowego z Irakiem.,1991-07-31,1991-08-12,2020-06-08T15:46:08,7573b53636a5e9ed170c561abb03f7b7f45cd823c22844cc978e47155d402738,1,306,1,0,1,0,ok,,eli2md 0.6.31,2026-10-05T00:32:09Z
DU/1991/310,1991,310,Rozporządzenie,Rozporządzenie Rady Ministrów z dnia 7 sierpnia 1991 r. w sprawie czasowego zakazu sprzedaży i podawania napojów alkoholowych.,1991-08-07,1991-08-12,2020-06-08T15:28:35,4d5c635d100647202705fe13655cb39043db34d76bed296c5537e5c49371e30d,1,161,1,0,1,0,ok,,eli2md 0.6.31,2026-10-05T00:32:09Z
DU/1991/311,1991,311,Rozporządzenie,Rozporządzenie Rady Ministrów z dnia 16 lipca 1991 r. w sprawie wykonania niektórych przepisów ustawy o gospodarce gruntami i wywłaszczaniu nieruchomości.,1991-07-16,1991-08-16,2014-12-31T12:25:38,6b3ed0481f1dc4ac30de6585aaa386c5344147b852fe1de9800c3d0907c5a344,5,3089,5,0,5,0,ok,,eli2md 0.6.31,2026-10-05T00:32:09Z
DU/1991/312,1991,312,Rozporządzenie,"Rozporządzenie Rady Ministrów z dnia 16 lipca 1991 r. w sprawie zasad i trybu ustalania granic gruntów przeznaczonych pod skoncentrowane budownictwo jednorodzinne, scalania i podziału nieruchomości na działki budowlane oraz kosztów i opłat z tym związanych.",1991-07-16,1991-08-16,2014-12-31T12:25:38,4f5e3f6813b32df8c4d763a3784120263f832d12de049487276501f6b1ff5513,3,1195,3,0,3,0,ok,,eli2md 0.6.31,2026-10-05T00:32:09Z
DU/1991/313,1991,313,Rozporządzenie,"Rozporządzenie Rady Ministrów z dnia 16 lipca 1991 r. w sprawie określenia rodzajów gruntów, które uważa się za niezbędne na cele obronności i bezpieczeństwa państwa.",1991-07-16,1991-08-16,2014-12-31T12:25:38,523c66c00f7e248cf1b524a83c4c8cc7f6b21c8cc27c498fb44e7ab982015e42,1,269,1,0,1,0,ok,,eli2md 0.6.31,2026-10-05T00:32:09Z
DU/1991/314,1991,314,Rozporządzenie,"Rozporządzenie Rady Ministrów z dnia 16 lipca 1991 r. w sprawie szczegółowych zasad ustalania wysokości udziału w kosztach budowy urządzeń komunalnych, energetycznych i gazowych.",1991-07-16,1991-08-16,2014-12-31T12:25:38,22bf77e32e2270fc7f831e12e264452fb55daf234a618c0e69a86de48de25bca,1,520,1,0,1,0,ok,,eli2md 0.6.31,2026-10-05T00:32:09Z
DU/1991/315,1991,315,Rozporządzenie,Rozporządzenie Rady Ministrów z dnia 16 lipca 1991 r. w sprawie zasad i trybu rozliczeń w razie zwrotu wywłaszczonych nieruchomości.,1991-07-16,1991-08-16,2014-12-31T12:25:38,dae9cecec76f7e1705309198dec43781ccb7ca4ce2eb151570d5c7dd8c4858fd,2,520,2,0,2,0,ok,,eli2md 0.6.31,2026-10-05T00:32:09Z
DU/1991/316,1991,316,Rozporządzenie,Rozporządzenie Ministra Finansów z dnia 16 lipca 1991 r. w sprawie dotacji przedmiotowych do pasażerskich przewozów autobusowych i kolejowych.,1991-07-16,1991-08-16,2014-12-31T12:25:38,d9d06945176c4c97f677b3b172069811153587855027d02e199362d84e109f69,4,928,4,0,4,0,ok,,eli2md 0.6.31,2026-10-05T00:32:09Z
DU/1991/317,1991,317,Rozporządzenie,Rozporządzenie Ministra Finansów z dnia 5 sierpnia 1991 r. w sprawie zwolnień od podatku od płac.,1991-08-05,1991-08-16,2014-12-31T12:25:38,746630afe531a2e7cdf0672b947cfc5943b1d22b1aac28dfb59af375ec59090a,1,267,1,0,1,0,ok,,eli2md 0.6.31,2026-10-05T00:32:09Z
DU/1991/318,1991,318,Rozporządzenie,Rozporządzenie Ministra Finansów z dnia 7 sierpnia 1991 r. w sprawie szczegółowych zasad gospodarki finansowej jednostek badawczo-rozwojowych.,1991-08-07,1991-08-16,2014-12-31T12:25:38,8a90ac49602a1d38a672fd2ff04a3d3706c8129883e63c4232faad866041bc59,2,884,2,0,2,0,ok,,eli2md 0.6.31,2026-10-05T00:32:09Z
DU/1991/322,1991,322,Rozporządzenie,Rozporządzenie Rady Ministrów z dnia 23 lipca 1991 r. w sprawie przychodów nie zaliczonych do wynagrodzeń.,1991-07-23,1991-08-19,2014-12-31T12:25:38,80dcd1c4605b8f5abaf8542cce3e0cd731fda00ebc9c15124a2416aa0908662e,2,281,2,0,2,0,ok,,eli2md 0.6.31,2026-10-05T00:32:09Z
DU/1991/323,1991,323,Rozporządzenie,Rozporządzenie Rady Ministrów z dnia 12 sierpnia 1991 r. w sprawie studenckich praktyk zawodowych.,1991-08-12,1991-08-19,2014-12-31T12:25:38,ff52208338b627027253d1f1ac1b74d7db1ee7a4ad75429027174872daa21781,2,877,2,0,2,0,ok,,eli2md 0.6.31,2026-10-05T00:32:09Z
DU/1991/324,1991,324,Rozporządzenie,Rozporządzenie Rady Ministrów z dnia 16 sierpnia 1991 r. w sprawie trybu postępowania przed kolegiami arbitrażu społecznego.,1991-08-16,1991-08-19,2014-12-31T12:25:38,711e3e15d169f8cd76662ce8bcf798d24e0be606c79cd977ec841f1e82c2c6e2,2,714,2,0,2,0,ok,,eli2md 0.6.31,2026-10-05T00:32:09Z
DU/1991/325,1991,325,Rozporządzenie,Rozporządzenie Rady Ministrów z dnia 16 sierpnia 1991 r. zmieniające rozporządzenie w sprawie ceł na towary przywożone z zagranicy.,1991-08-16,1991-08-26,2014-12-31T12:25:38,2264916c0a0da62cf9f02773b6f5e618b46f340b2709e19784c6c435b5cae441,4,1195,4,0,4,0,ok,,eli2md 0.6.31,2026-10-05T00:32:09Z
DU/1991/326,1991,326,Rozporządzenie,Rozporządzenie Rady Ministrów z dnia 16 sierpnia 1991 r. zmieniające rozporządzenie w sprawie zawieszenia do dnia 31 grudnia 1991 r. pobierania ceł od niektórych towarów.,1991-08-16,1991-08-26,2014-12-31T12:25:38,e0bb4c3d9a176d11b5f149dcbe8b3cc8588870267cc7b3a9cf15b2b98fe4946e,2,581,2,0,2,0,ok,,eli2md 0.6.31,2026-10-05T00:32:09Z
DU/1991/333,1991,333,Rozporządzenie,Rozporządzenie Ministra Finansów z dnia 2 sierpnia 1991 r. w sprawie szczegółowych zasad i trybu wykonywania budżetu państwa.,1991-08-02,1991-08-28,2014-12-31T12:25:38,bc9c51824fbc2bda91d84643cb5c416e72fbb4ace2ddd430ea3afcfa05f3c026,7,4807,7,0,7,0,ok,,eli2md 0.6.31,2026-10-05T00:32:09Z
DU/1991/334,1991,334,Rozporządzenie,Rozporządzenie Ministra Finansów z dnia 7 sierpnia 1991 r. w sprawie szczególnych zasad gospodarowania środkami z budżetu państwa przeznaczonymi na naukę.,1991-08-07,1991-08-28,2014-12-31T12:25:38,be63040526e241d5663b926bb3989c0e53cb5e7afa6b942c233afb0cf52231c0,2,595,2,0,2,0,ok,,eli2md 0.6.31,2026-10-05T00:32:09Z
DU/1991/338,1991,338,Rozporządzenie,Rozporządzenie Rady Ministrów z dnia 19 sierpnia 1991 r. zmieniające rozporządzenie w sprawie obniżek podatku dochodowego od osób prawnych.,1991-08-19,1991-08-29,2014-12-31T12:25:39,575464eca462d2a6c8539bdb47b32dd0e63c617bf99d677d6c6ddbea8831d9d3,1,146,1,0,1,0,ok,,eli2md 0.6.31,2026-10-05T00:32:09Z
DU/1991/339,1991,339,Rozporządzenie,"Rozporządzenie Ministra Sprawiedliwości z dnia 2 sierpnia 1991 r. w sprawie sposobu prowadzenia egzekucji grzywien, kar pieniężnych, opłat sądowych i kosztów postępowania.",1991-08-02,1991-08-29,2024-11-25T09:48:06,b3565e85688f85b430bc63cfccd0258475f68878c7dcafb7148b5b81519efdbc,2,415,2,0,2,0,ok,,eli2md 0.6.31,2026-10-05T00:32:09Z
DU/1991/340,1991,340,Rozporządzenie,Rozporządzenie Ministra Sprawiedliwości z dnia 2 sierpnia 1991 r. w sprawie postępowania dotyczącego rejestracji związków zawodowych.,1991-08-02,1991-08-29,2014-12-31T12:25:39,ef773cc7c5ed341688a4f12f279c6ce96c09d770d6f96b21b7613a78003027c5,2,742,2,0,2,0,ok,,eli2md 0.6.31,2026-10-05T00:32:09Z
DU/1991/341,1991,341,Rozporządzenie,Rozporządzenie Ministra Sprawiedliwości z dnia 2 sierpnia 1991 r. w sprawie postępowania dotyczącego rejestracji związków pracodawców.,1991-08-02,1991-08-29,2014-12-31T12:25:39,d09b59377aa6477599c5db096a41809b02ba403ea59b308f9c7ebb70f2295ad9,2,698,2,0,2,0,ok,,eli2md 0.6.31,2026-10-05T00:32:09Z
DU/1991/342,1991,342,Rozporządzenie,Rozporządzenie Ministra Sprawiedliwości z dnia 7 sierpnia 1991 r. w sprawie utworzenia sądów pracy i ubezpieczeń społecznych (wydziałów pracy i ubezpieczeń społecznych) w sądach wojewódzkich i sądów pracy (wydziałów pracy) w sądach rejonowych oraz ustalenia ich siedzib i obszarów właściwości.,1991-08-07,1991-08-29,2014-12-31T12:25:39,10de4cffdaf2467cfc24b9bdf1d171b65a17a7b57b833d0bf81cbbbbcb1b2766,5,2659,5,0,5,0,ok,,eli2md 0.6.31,2026-10-05T00:32:09Z
DU/1991/343,1991,343,Rozporządzenie,Rozporządzenie Ministra Sprawiedliwości z dnia 7 sierpnia 1991 r. w sprawie utworzenia sądów gospodarczych w sądach wojewódzkich i sądach rejonowych oraz ustalenia ich siedzib i obszarów właściwości.,1991-08-07,1991-08-29,2014-12-31T12:25:39,b6016b298188b24569a8510c98a3e65bc0810e8f2fe3362bc79a23d75f6f34fb,3,1662,3,0,3,0,ok,,eli2md 0.6.31,2026-10-05T00:32:09Z
DU/1991/344,1991,344,Rozporządzenie,"Rozporządzenie Ministra Spraw Wewnętrznych z dnia 12 lipca 1991 r. w sprawie szczegółowych zasad odbywania przeszkolenia zawodowego wymaganego do mianowania na pierwszy stopień oficerski w Policji oraz zasad i trybu składania egzaminów oficerskich, podoficerskich i aspiranckich.",1991-07-12,1991-08-29,2014-12-31T12:25:39,d1e5509200a138cfe1260bc6d880d9e3b8160322ad2909fb7f7cbaaad14689af,1,484,1,0,1,0,ok,,eli2md 0.6.31,2026-10-05T00:32:09Z
DU/1991/346,1991,346,Rozporządzenie,Rozporządzenie Rady Ministrów z dnia 20 sierpnia 1991 r. zmieniające rozporządzenie w sprawie niektórych praw i obowiązków pracowników skierowanych do pracy za granicą w celu realizacji budownictwa eksportowego i usług związanych z eksportem.,1991-08-20,1991-08-31,2014-12-31T12:25:39,6dfb016a1ec43818def11715683b793555d1ce51206fd549a8a1eec299cd8cf2,2,233,2,0,2,0,ok,,eli2md 0.6.31,2026-10-05T00:32:09Z
DU/1991/347,1991,347,Rozporządzenie,"Rozporządzenie Ministra Spraw Wewnętrznych z dnia 12 lipca 1991 r. w sprawie rodzajów i wzorów legitymacji służbowych i innych dokumentów funkcjonariuszy Straży Granicznej, organów właściwych do ich wydawania oraz zasad dokonywania wpisów w tych dokumentach.",1991-07-12,1991-08-31,2014-12-31T12:25:39,bf0b7d0d57649eb7e8446162ba6d83b3eb663145b4ab0fb75ed8df6241f58307,14,2240,14,0,14,0,ok,,eli2md 0.6.31,2026-10-05T00:32:17Z
DU/1991/348,1991,348,Rozporządzenie,Rozporządzenie Ministra - Szefa Urzędu Rady Ministrów z dnia 30 sierpnia 1991 r. w sprawie stypendiów i innych kosztów kształcenia w Krajowej Szkole Administracji Publicznej.,1991-08-30,1991-08-31,2018-05-22T14:42:41,b8c1e275046002e282624e828b68853327ac947a7c4109c3f5c3aed23df38e3f,2,897,2,0,2,0,ok,,eli2md 0.6.31,2026-10-05T00:32:17Z
DU/1991/349,1991,349,Rozporządzenie,Rozporządzenie Ministra Spraw Wewnętrznych z dnia 9 lipca 1991 r. w sprawie właściwości i trybu postępowania komisji lekarskich podległych Ministrowi Spraw Wewnętrznych.,1991-07-09,1991-09-09,2016-03-25T08:59:37,4eb07bdc13447fffab3637377fb85bc6656a9e550d9dd8abe07da9f0b32b5ad4,40,15431,40,0,35,0,ok,,eli2md 0.6.31,2026-10-05T00:33:00Z
DU/1991/352,1991,352,Rozporządzenie,Rozporządzenie Rady Ministrów z dnia 26 sierpnia 1991 r. zmieniające rozporządzenie w sprawie opłat za szczególne korzystanie z wód i urządzeń wodnych.,1991-08-26,1991-09-11,2014-12-31T12:25:39,cdcc5451ee203a7f91c27ec966319e39b7a7790d501d669f4000f3bbf10d2492,2,749,2,0,2,0,ok,,eli2md 0.6.31,2026-10-05T00:33:00Z
DU/1991/353,1991,353,Rozporządzenie,Rozporządzenie Rady Ministrów z dnia 26 sierpnia 1991 r. w sprawie rozciągnięcia przepisów ustawy o pracownikach urzędów państwowych na pracowników Biura Centralnej Komisji do Spraw Tytułu Naukowego i Stopni Naukowych.,1991-08-26,1991-09-11,2014-12-31T12:25:39,6f2632c6d61c3d3c4735c1e95ff5e2c63eac0d71019578e1eca147b155837262,1,193,1,0,1,0,ok,,eli2md 0.6.31,2026-10-05T00:33:00Z
DU/1991/354,1991,354,Rozporządzenie,"Rozporządzenie Rady Ministrów z dnia 27 sierpnia 1991 r. w sprawie kosztów upomnienia oraz przypadków, w których egzekucja administracyjna może być wszczęta bez uprzedniego doręczenia upomnienia.",1991-08-27,1991-09-11,2014-12-31T12:25:39,94e733d221a22cc8f3e3f06bef075e87c801daa071078e3d1368db98250d0354,1,289,1,0,1,0,ok,,eli2md 0.6.31,2026-10-05T00:33:00Z
DU/1991/355,1991,355,Rozporządzenie,Rozporządzenie Rady Ministrów z dnia 29 sierpnia 1991 r. zmieniające rozporządzenie w sprawie czasu pracy w uspołecznionych zakładach pracy w latach 1989-1992.,1991-08-29,1991-09-11,2014-12-31T12:25:39,cfbcbb2ef139791dae6bcab90a77f358db341dd2051531f901630611a8a07c48,1,539,1,0,1,0,ok,,eli2md 0.6.31,2026-10-05T00:33:00Z
DU/1991/356,1991,356,Rozporządzenie,Rozporządzenie Ministra Finansów z dnia 23 sierpnia 1991 r. zmieniające rozporządzenie w sprawie klasyfikacji dochodów i wydatków budżetowych oraz innych przychodów i rozchodów.,1991-08-23,1991-09-11,2014-12-31T12:25:39,74bb1618337c369a5abef1235320be734cee6211e80ec476ab1e00faa9f0ce4f,2,136,2,0,2,0,ok,,eli2md 0.6.31,2026-10-05T00:33:00Z
DU/1991/357,1991,357,Rozporządzenie,Rozporządzenie Ministra Sprawiedliwości z dnia 22 sierpnia 1991 r. zmieniające rozporządzenie w sprawie kosztów przeprowadzenia dowodu z opinii biegłych w postępowaniu sądowym.,1991-08-22,1991-09-11,2016-03-25T08:59:37,d89e4357a46ecb8dabaaaaff13beeb2f13f7b50b23538020954c5f03774273ad,1,313,1,0,1,0,ok,,eli2md 0.6.31,2026-10-05T00:33:00Z
DU/1991/358,1991,358,Rozporządzenie,Rozporządzenie Ministra Sprawiedliwości z dnia 28 sierpnia 1991 r. zmieniające rozporządzenie w sprawie wysokości opłat kancelaryjnych w sprawach cywilnych.,1991-08-28,1991-09-11,2014-12-31T12:25:39,6f2bb2d02e3354261a38e03f93e92a3fb2ffea3cacfcb6b8b6aa2e54d5b5cc5c,1,140,1,0,1,0,ok,,eli2md 0.6.31,2026-10-05T00:33:00Z
DU/1991/359,1991,359,Rozporządzenie,Rozporządzenie Ministra Sprawiedliwości z dnia 28 sierpnia 1991 r. w sprawie opłaty od podania o wniesienie rewizji nadzwyczajnej w sprawach karnych.,1991-08-28,1991-09-11,2014-12-31T12:25:39,601474f60a29e61119ed194053c6237d7d1268869e2659fee8e81c2ba06234ff,1,122,1,0,1,0,ok,,eli2md 0.6.31,2026-10-05T00:33:00Z
DU/1991/360,1991,360,Rozporządzenie,Rozporządzenie Ministra Sprawiedliwości z dnia 28 sierpnia 1991 r. w sprawie wysokości zryczałtowanej równowartości kosztów postępowania w sprawach z oskarżenia prywatnego.,1991-08-28,1991-09-11,2014-12-31T12:25:39,d9139cc245acf07c3591bb55d94e269a13b69d0662a27696b0de83c67bf155fb,1,139,1,0,1,0,ok,,eli2md 0.6.31,2026-10-05T00:33:00Z
DU/1991/361,1991,361,Rozporządzenie,Rozporządzenie Ministra Spraw Wewnętrznych z dnia 8 sierpnia 1991 r. w sprawie uzbrojenia Policji.,1991-08-08,1991-09-11,2014-12-31T12:25:39,ee1f6f989fd03fa31843bb3ed27b4c368af668e97fb78654de6dacc0640e56a5,2,508,2,0,2,0,ok,,eli2md 0.6.31,2026-10-05T00:33:00Z
DU/1991/362,1991,362,Rozporządzenie,Rozporządzenie Ministra Transportu i Gospodarki Morskiej z dnia 8 sierpnia 1991 r. zmieniające rozporządzenie w sprawie wykonania przepisów ustawy - Prawo przewozowe.,1991-08-08,1991-09-11,2014-12-31T12:25:39,21cc1ba662bdee360a44323b478670447a36680c693879748e785741f5f66486,1,242,1,0,1,0,ok,,eli2md 0.6.31,2026-10-05T00:33:00Z
DU/1991/363,1991,363,Rozporządzenie,Rozporządzenie Ministra Transportu i Gospodarki Morskiej z dnia 14 sierpnia 1991 r. w sprawie uprawnień funkcjonariuszy Straży Granicznej oraz ich małżonków do ulgi przy przejazdach państwowymi środkami komunikacji.,1991-08-14,1991-09-11,2014-12-31T12:25:39,d2755f7c8e54961a5094b84887c2dc082665729e132325dd8075953e20f88744,1,143,1,0,1,0,ok,,eli2md 0.6.31,2026-10-05T00:33:00Z
DU/1991/364,1991,364,Uchwała,Uchwała Trybunału Konstytucyjnego z dnia 21 sierpnia 1991 r. w sprawie wykładni art. 8 ustawy z dnia 28 czerwca 1991 r. - Ordynacja wyborcza do Sejmu Rzeczypospolitej Polskiej.,1991-08-21,1991-09-11,2014-12-31T12:25:39,bf5d1d9e62a49e14124cf85f7e4ae65d4cb7a9f03e8404d23c269873ab06e95e,1,305,1,0,1,0,ok,,eli2md 0.6.31,2026-10-05T00:33:00Z
DU/1991/365,1991,365,Rozporządzenie,Rozporządzenie Rady Ministrów z dnia 5 września 1991 r. w sprawie zasad wykorzystywania dotacji z budżetu państwa na finansowanie inwestycji infrastrukturalnych w strefach szczególnie zagrożonych bezrobociem.,1991-09-05,1991-09-14,2014-12-31T12:25:39,31430a28a790120f44e3b4488b7ce2b236b288f97a0458c43f0b4c14891a853d,2,1015,2,0,2,0,ok,,eli2md 0.6.31,2026-10-05T00:33:00Z
DU/1991/366,1991,366,Rozporządzenie,Rozporządzenie Rady Ministrów z dnia 6 września 1991 r. zmieniające zarządzenie w sprawie udzielania kredytobiorcom pomocy ze środków budżetowych w spłacie części należnego bankom oprocentowania od kredytów udzielanych w 1991 r. na skup produktów rolnych.,1991-09-06,1991-09-14,2014-12-31T12:25:39,78d3393837957f9378af6487d11371818c2d736542dde4f7c3f7eec801e8adea,1,167,1,0,1,0,ok,,eli2md 0.6.31,2026-10-05T00:33:00Z
DU/1991/367,1991,367,Rozporządzenie,Rozporządzenie Rady Ministrów z dnia 7 września 1991 r. w sprawie określenia wysokości odsetek ustawowych.,1991-09-07,1991-09-14,2014-12-31T12:25:39,cf71b84c90f653fd156e67de66f75c746789b22185910762067ea6a0b14fd34b,1,139,1,0,1,0,ok,,eli2md 0.6.31,2026-10-05T00:33:00Z
DU/1991/368,1991,368,Rozporządzenie,Rozporządzenie Ministra Finansów z dnia 26 sierpnia 1991 r. w sprawie wykonania niektórych przepisów ustawy o podatku od spadków i darowizn.,1991-08-26,1991-09-14,2014-12-31T12:25:39,903d6d09479861878bfb195474a1e1ffdb2354b1fa195c31b7b8f214149266a6,2,572,2,0,2,0,ok,,eli2md 0.6.31,2026-10-05T00:33:00Z
DU/1991/369,1991,369,Rozporządzenie,Rozporządzenie Ministra Sprawiedliwości z dnia 28 sierpnia 1991 r. zmieniające rozporządzenie w sprawie opłat za czynności adwokackie w postępowaniu przed organami wymiaru sprawiedliwości.,1991-08-28,1991-09-14,2014-12-31T12:25:39,e3e12bd57bdb4931232c5ed69545622093e16c775d23e2abd766ecaf819fd32c,1,217,1,0,1,0,ok,,eli2md 0.6.31,2026-10-05T00:33:00Z
DU/1991/374,1991,374,Rozporządzenie,Rozporządzenie Rady Ministrów z dnia 9 września 1991 r. zmieniające rozporządzenie w sprawie projektów wynalazczych.,1991-09-09,1991-09-19,2014-12-31T12:25:39,7618d76cd4be32780e49bd3d8f2f202f9a0861ca97b18e7fc68e4ff43879eab1,2,638,2,0,2,0,ok,,eli2md 0.6.31,2026-10-05T00:33:00Z
DU/1991/375,1991,375,Rozporządzenie,Rozporządzenie Rady Ministrów z dnia 9 września 1991 r. zmieniające rozporządzenie w sprawie nadania statutu organizacyjnego Ministerstwu Spraw Wewnętrznych.,1991-09-09,1991-09-19,2014-12-31T12:25:39,71bdb843b03eec1f9f13366c0f7057651b1523a8e15c31392c00cc0054aa1c42,1,129,1,0,1,0,ok,,eli2md 0.6.31,2026-10-05T00:33:00Z
DU/1991/376,1991,376,Rozporządzenie,Rozporządzenie Ministra Gospodarki Przestrzennej i Budownictwa z dnia 26 sierpnia 1991 r. w sprawie szczegółowych zasad i trybu zakładania i prowadzenia geodezyjnej ewidencji sieci uzbrojenia terenu oraz uzgodnień i współdziałania w tym zakresie.,1991-08-26,1991-09-19,2014-12-31T12:25:39,7d98bc4f489d7ddb4f9885e8b2209eee98fff62939c6ff8ec08919595dd337fa,3,1556,3,0,3,0,ok,,eli2md 0.6.31,2026-10-05T00:33:00Z
DU/1991/377,1991,377,Rozporządzenie,Rozporządzenie Ministra Sprawiedliwości z dnia 3 września 1991 r. w sprawie określenia wysokości wynagrodzenia syndyka masy upadłości i zarządcy odrębnej części majątku wchodzącego w skład masy upadłości.,1991-09-03,1991-09-19,2014-12-31T12:25:39,8a60002caa79915e7eee2dc2ba2bd5480eb474fd15a0951533f7ca9fc8b4a12a,2,253,2,0,2,0,ok,,eli2md 0.6.31,2026-10-05T00:33:00Z
DU/1991/378,1991,378,Rozporządzenie,Rozporządzenie Ministra Transportu i Gospodarki Morskiej z dnia 6 września 1991 r. zmieniające rozporządzenie w sprawie wysokości opłat za sprawdzenie kwalifikacji osób ubiegających się o uprawnienia do kierowania pojazdami oraz wysokości wynagrodzenia egzaminatorów.,1991-09-06,1991-09-19,2014-12-31T12:25:39,ba56e10345c5440d60986f647010975975e472bdb131ebf1a67046255dea5d19,1,327,1,0,1,0,ok,,eli2md 0.6.31,2026-10-05T00:33:00Z
DU/1991/379,1991,379,Rozporządzenie,Rozporządzenie Ministra Zdrowia i Opieki Społecznej z dnia 2 września 1991 r. w sprawie postępowania dotyczącego pozbawiania prawa wykonywania zawodu lekarza z powodu niezdolności do jego wykonywania.,1991-09-02,1991-09-19,2014-12-31T12:25:39,9be4a59a30899f66f6c19c8108bf2480af8f6d94fe5cfdafb0543077f474f514,3,962,3,0,3,0,ok,,eli2md 0.6.31,2026-10-05T00:33:00Z
DU/1991/380,1991,380,Rozporządzenie,Rozporządzenie Rady Ministrów z dnia 27 sierpnia 1991 r. w sprawie zasad gospodarki finansowej uczelni.,1991-08-27,1991-09-26,2014-12-31T12:25:39,817217611d5a9cc83043462a9213717ff47d04fb23c06b9232ca44fa96f82544,4,2310,4,0,4,0,ok,,eli2md 0.6.31,2026-10-05T00:33:00Z
DU/1991/381,1991,381,Rozporządzenie,Rozporządzenie Rady Ministrów z dnia 16 września 1991 r. w sprawie określenia rodzaju przedsiębiorstw górniczych obowiązanych do uczestniczenia w kosztach działalności stacji ratownictwa górniczego oraz wielkości wnoszonych z tego tytułu opłat.,1991-09-16,1991-09-26,2014-12-31T12:25:39,c01f6e73dde86304a6d7a20bc3ec88fb905b9acc139554f7f6641b8437a5f674,2,418,2,0,2,0,ok,,eli2md 0.6.31,2026-10-05T00:33:00Z
DU/1991/382,1991,382,Rozporządzenie,Rozporządzenie Rady Ministrów z dnia 23 września 1991 r. w sprawie opłat za pobyt w sanatorium uzdrowiskowym.,1991-09-23,1991-09-26,2014-12-31T12:25:39,dfcf2cbb56d001a0aa5c829df8b13134aae4c59d9439376cced43a40e01f44d7,1,374,1,0,1,0,ok,,eli2md 0.6.31,2026-10-05T00:33:00Z
DU/1991/383,1991,383,Rozporządzenie,Rozporządzenie Ministra Edukacji Narodowej z dnia 5 września 1991 r. zmieniające rozporządzenie w sprawie zasad zajmowania i opróżniania lokali w hotelach dla nauczycieli akademickich.,1991-09-05,1991-09-26,2014-12-31T12:25:39,5f7a0fc35b8c59965e4dff1125028344f41c050e91602a05068fecfcfd13465c,1,162,1,0,1,0,ok,,eli2md 0.6.31,2026-10-05T00:33:00Z
DU/1991/384,1991,384,Rozporządzenie,Rozporządzenie Ministra Rolnictwa i Gospodarki Żywnościowej z dnia 4 września 1991 r. zmieniające rozporządzenie w sprawie wykonania niektórych przepisów ustawy o rybactwie śródlądowym.,1991-09-04,1991-09-26,2014-12-31T12:25:39,ec3d40394e49c4af1a14853496adb77cc63a05e13e01ff1c9682411645b8ac73,2,831,2,0,2,0,ok,,eli2md 0.6.31,2026-10-05T00:33:00Z
DU/1991/385,1991,385,Rozporządzenie,Rozporządzenie Ministra Transportu i Gospodarki Morskiej z dnia 20 września 1991 r. w sprawie opłat za uprawnienia przewozowe oraz opłat drogowych w międzynarodowym transporcie drogowym.,1991-09-20,1991-09-26,2014-12-31T12:25:39,56007b881c9db871fb9797418483da2c83ab5ad2c331166dd3e2f0aa52ffc60d,2,760,2,0,2,0,ok,,eli2md 0.6.31,2026-10-05T00:33:00Z
DU/1991/386,1991,386,Rozporządzenie,"Rozporządzenie Rady Ministrów z dnia 24 września 1991 r. w sprawie czasowego ograniczenia przywozu gazu, ropy naftowej oraz paliw do silników nisko- i wysoko-prężnych.",1991-09-24,1991-09-30,2019-04-04T13:37:15,3c582e29304cd07aefe21c1a9401d1d865616a7f2572961b4b1c1404137bbae4,2,434,2,0,2,0,ok,,eli2md 0.6.31,2026-10-05T00:33:00Z
DU/1991/387,1991,387,Rozporządzenie,Rozporządzenie Ministra Finansów z dnia 27 września 1991 r. zmieniające rozporządzenie w sprawie ogólnych warunków ubezpieczenia odpowiedzialności cywilnej rolników z tytułu prowadzenia gospodarstwa rolnego.,1991-09-27,1991-09-30,2014-12-31T12:25:39,c415401456f55ba96f8ce78b78657eec580cdb3b9d91044ff9ad7c1224d7edc7,1,111,1,0,1,0,ok,,eli2md 0.6.31,2026-10-05T00:33:00Z
DU/1991/388,1991,388,Rozporządzenie,Rozporządzenie Ministra Finansów z dnia 27 września 1991 r. zmieniające rozporządzenie w sprawie ogólnych warunków ubezpieczenia odpowiedzialności cywilnej posiadaczy pojazdów mechanicznych za szkody powstałe w związku z ruchem tych pojazdów.,1991-09-27,1991-09-30,2014-12-31T12:25:39,c9f39cb78be2befd0364dc2e7ccc09672df30a40340ea69c2276d7a501ae4890,1,122,1,0,1,0,ok,,eli2md 0.6.31,2026-10-05T00:33:00Z
DU/1991/389,1991,389,Rozporządzenie,Rozporządzenie Ministra Finansów z dnia 27 września 1991 r. zmieniające rozporządzenie w sprawie ogólnych warunków ubezpieczenia obowiązkowego budynków wchodzących w skład gospodarstwa rolnego od ognia i innych zdarzeń losowych.,1991-09-27,1991-09-30,2014-12-31T12:25:39,b3d51630caacfce464027cd94f7e642ec51d4f488daaa68fe3c9fcbc9e990a1d,1,114,1,0,1,0,ok,,eli2md 0.6.31,2026-10-05T00:33:00Z
DU/1991/390,1991,390,Rozporządzenie,Rozporządzenie Ministra Sprawiedliwości z dnia 10 września 1991 r. w sprawie określenia wysokości wpisów w sprawach cywilnych.,1991-09-10,1991-09-30,2014-12-31T12:25:39,d92c6b1cc54db26a4d057c994b5575cf18ff9b35b0f3aebec05d40835882b368,6,3765,6,0,6,0,ok,,eli2md 0.6.31,2026-10-05T00:33:00Z
DU/1991/392,1991,392,Rozporządzenie,Rozporządzenie Ministra Rolnictwa i Gospodarki Żywnościowej z dnia 16 września 1991 r. w sprawie wykonywania czynności weterynaryjnych przez osoby nie posiadające tytułu lekarza weterynarii.,1991-09-16,1991-10-01,2014-12-31T12:25:39,27bcca3bd6b31b9ee78a99e7317cd759dcf1dfd472a60f54f1db4d81e745a852,1,180,1,0,1,0,ok,,eli2md 0.6.31,2026-10-05T00:33:00Z
DU/1991/393,1991,393,Rozporządzenie,Rozporządzenie Ministra Sprawiedliwości z dnia 27 września 1991 r. zmieniające rozporządzenie w sprawie taksy za czynności komorników.,1991-09-27,1991-10-01,2014-12-31T12:25:39,22c8ad08343c293ed847976ac08ca05031e6867563cd4892db9c50fb6e6c2e6f,1,83,1,0,1,0,ok,,eli2md 0.6.31,2026-10-05T00:33:00Z
DU/1991/394,1991,394,Rozporządzenie,Rozporządzenie Ministrów Spraw Wewnętrznych oraz Zdrowia i Opieki Społecznej z dnia 28 sierpnia 1991 r. w sprawie zakresu i warunków korzystania przez żołnierzy w czynnej służbie wojskowej ze świadczeń służby zdrowia resortu spraw wewnętrznych.,1991-08-28,1991-10-01,2014-12-31T12:25:39,77a22b502b5718291f69dc61b5568b9cd0a8dfe6aafa6c375ab86c70658a05a4,1,294,1,0,1,0,ok,,eli2md 0.6.31,2026-10-05T00:33:00Z
DU/1991/395,1991,395,Uchwała,Uchwała Trybunału Konstytucyjnego z dnia 25 września 1991 r. w sprawie wykładni art. 125 w związku z art. 122 ust. 1 Ordynacji wyborczej do Sejmu Rzeczypospolitej Polskiej.,1991-09-25,1991-10-01,2014-12-31T12:25:39,03cd322e4175104c4cb634161e04e121d3e63262f10aadb632fe350805b647e1,1,350,1,0,1,0,ok,,eli2md 0.6.31,2026-10-05T00:33:00Z
DU/1991/397,1991,397,Rozporządzenie,"Rozporządzenie Rady Ministrów z dnia 26 września 1991 r. w sprawie podziału lub połączenia niektórych miast i gmin, w których dotychczas działały wspólne organy, oraz zmiany i ustalenia ich nazw i siedzib.",1991-09-26,1991-10-04,2014-12-31T12:25:39,504437ba63bfdfe11c8a68e497b758158592ebf9e606eddca26ce3c0328e2864,10,3648,10,0,10,0,ok,,eli2md 0.6.31,2026-10-05T00:33:00Z
DU/1991/398,1991,398,Rozporządzenie,Rozporządzenie Ministra Pracy i Polityki Socjalnej z dnia 23 września 1991 r. zmieniające rozporządzenie w sprawie zasiłków rodzinnych i pielęgnacyjnych.,1991-09-23,1991-10-04,2014-12-31T12:25:39,654f75925931d8d2dbf63f540bd94328f7e98bc657e2d24afd524a8203c3df3f,2,898,2,0,2,0,ok,,eli2md 0.6.31,2026-10-05T00:33:00Z
DU/1991/399,1991,399,Uchwała,Uchwała Trybunału Konstytucyjnego z dnia 25 września 1991 r. w sprawie wykładni art. 17 ust. 3 ustawy z dnia 26 stycznia 1982 r. - Karta Nauczyciela.,1991-09-25,1991-10-04,2014-12-31T12:25:39,bc8fcb2e7ca5823b60e417a5b334af8a59beabcb363affeee4615fdd06685138,1,487,1,0,1,0,ok,,eli2md 0.6.31,2026-10-05T00:33:00Z
DU/1991/401,1991,401,Rozporządzenie,Rozporządzenie Ministra Finansów z dnia 30 września 1991 r. w sprawie szczegółowych zasad obniżania wpłat zakładów pracy na Państwowy Fundusz Rehabilitacji Osób Niepełnosprawnych.,1991-09-30,1991-10-08,2014-12-31T12:25:39,ea1f0e14bdefffd6a88ca0ab182f21d16766eb6c8b54ef3e129a69a9d9fe7ebd,1,391,1,0,1,0,ok,,eli2md 0.6.31,2026-10-05T00:33:00Z
DU/1991/402,1991,402,Rozporządzenie,Rozporządzenie Ministra Łączności z dnia 27 września 1991 r. w sprawie zakresu i trybu uzgodnień planów przebudowy lub rozbudowy sieci telekomunikacyjnych.,1991-09-27,1991-10-08,2014-12-31T12:25:39,80a911df877504971c08adb036e698f664f12186d362715c1b724731b0a5ef20,2,456,2,0,2,0,ok,,eli2md 0.6.31,2026-10-05T00:33:00Z
DU/1991/405,1991,405,Rozporządzenie,Rozporządzenie Ministra Finansów z dnia 2 października 1991 r. w sprawie opłaty skarbowej.,1991-10-02,1991-10-11,2014-12-31T12:25:39,083ad85925c01fcb59283c9b382306d051d4b68a56beed4321ac1bf513161260,11,6549,11,0,11,0,ok,,eli2md 0.6.31,2026-10-05T00:33:00Z
DU/1991/406,1991,406,Rozporządzenie,"Rozporządzenie Ministra Pracy i Polityki Socjalnej z dnia 2 października 1991 r. w sprawie określenia organów właściwych do orzekania o istotnym ubytku zdolności fizycznych, psychicznych lub umysłowych, ograniczających zdolność do wykonywania pracy zarobkowej, a także o stopniu zdolności osoby niepełnosprawnej do pracy zarobkowej.",1991-10-02,1991-10-11,2014-12-31T12:25:39,92a3412e841fcc8de8d945bbba89917d574c5251fa2aa7264fee92a113bacdc5,1,204,1,0,1,0,ok,,eli2md 0.6.31,2026-10-05T00:33:00Z
DU/1991/407,1991,407,Uchwała,Uchwała Trybunału Konstytucyjnego z dnia 2 października 1991 r. w sprawie wykładni art. 81 ust. 5 ustawy z dnia 28 czerwca 1991 r. - Ordynacja wyborcza do Sejmu Rzeczypospolitej Polskiej.,1991-10-02,1991-10-11,2014-12-31T12:25:39,6aedf4243f3cb76c3fb54438fe895659c1cf0af700b521b24954f7bb8b7850df,2,534,2,0,2,0,ok,,eli2md 0.6.31,2026-10-05T00:33:00Z
DU/1991/409,1991,409,Rozporządzenie,Rozporządzenie Rady Ministrów z dnia 1 października 1991 r. zmieniające rozporządzenie w sprawie regulaminów pracy oraz zasad usprawiedliwiania nieobecności w pracy i udzielania zwolnień od pracy.,1991-10-01,1991-10-16,2014-12-31T12:25:39,8b6152cf8a7352fa7393622fac670813efc3c855a5659cda2d0c24eebf56886e,2,1015,2,0,2,0,ok,,eli2md 0.6.31,2026-10-05T00:33:00Z
DU/1991/410,1991,410,Rozporządzenie,Rozporządzenie Prezesa Rady Ministrów z dnia 8 października 1991 r. w sprawie szczegółowego trybu przeprowadzania czynności w przewodach doktorskim i habilitacyjnym oraz w postępowaniu o nadanie tytułu naukowego.,1991-10-08,1991-10-16,2014-12-31T12:25:39,106c9a8df13e56f7ddacc2ce5c589adf30ad39e958b21717acbd49d335975c84,3,1440,3,0,2,0,ok,,eli2md 0.6.31,2026-10-05T00:33:00Z
DU/1991/411,1991,411,Rozporządzenie,Rozporządzenie Ministra Sprawiedliwości z dnia 1 października 1991 r. w sprawie szczegółowego trybu postępowania przy zabezpieczaniu spadku i sporządzaniu spisu inwentarza.,1991-10-01,1991-10-16,2015-10-21T14:26:57,9deca2c4dfb3495d78d7bd50b0e2d9939c3d164607025b5bbc92c22ecb78a0cd,3,1933,3,0,3,0,ok,,eli2md 0.6.31,2026-10-05T00:33:00Z
DU/1991/412,1991,412,Rozporządzenie,Rozporządzenie Rady Ministrów z dnia 8 października 1991 r. zmieniające rozporządzenie w sprawie ceł na towary przywożone z zagranicy.,1991-10-08,1991-10-18,2014-12-31T12:25:39,0cfb905639b8926388ae1852fd748b066b8aba54df4ef4a8d400305b73976d90,2,459,2,0,2,0,ok,,eli2md 0.6.31,2026-10-05T00:33:00Z
DU/1991/413,1991,413,Rozporządzenie,Rozporządzenie Rady Ministrów z dnia 8 października 1991 r. w sprawie ustanowienia czasowego ograniczenia przywozu niektórych towarów.,1991-10-08,1991-10-18,2014-12-31T12:25:39,3e87cdd63527c6dcc2323389bc3a815d776d12cd9e0e8fd65d5ca64548263b4d,2,568,2,0,2,0,ok,,eli2md 0.6.31,2026-10-05T00:33:00Z
DU/1991/414,1991,414,Rozporządzenie,Rozporządzenie Rady Ministrów z dnia 11 października 1991 r. w sprawie czasowego zakazu sprzedaży i podawania napojów alkoholowych.,1991-10-11,1991-10-18,2020-06-08T15:28:35,8428b42360c06574686ff4b0cc7dee026eaa8b57ecb5c8b675f43d4621cb7b46,1,180,1,0,1,0,ok,,eli2md 0.6.31,2026-10-05T00:33:00Z
DU/1991/415,1991,415,Rozporządzenie,Rozporządzenie Ministra Finansów z dnia 10 października 1991 r. w sprawie stawek dotacji przedmiotowych do węgla kamiennego i brykietów z tego węgla.,1991-10-10,1991-10-18,2014-12-31T12:25:39,57b29a5f59a83e455ed12195fdb80698d3977337ce4e04fe359bc2df175125ff,2,508,2,0,2,0,ok,,eli2md 0.6.31,2026-10-05T00:33:00Z
DU/1991/416,1991,416,Rozporządzenie,Rozporządzenie Ministra Spraw Wewnętrznych z dnia 7 października 1991 r. w sprawie określenia zasad korzystania z wód granicznych oraz uprawniania turystyki w strefie nadgranicznej.,1991-10-07,1991-10-18,2014-12-31T12:25:39,b840228e8f279567892fbfef30380348eb229d133b8d10405ade65f7ad114454,2,299,2,0,2,0,ok,,eli2md 0.6.31,2026-10-05T00:33:00Z
DU/1991/417,1991,417,Rozporządzenie,Rozporządzenie Ministra Spraw Zagranicznych z dnia 24 lipca 1991 r. zmieniające rozporządzenie w sprawie zasad pobierania i wysokości opłat konsularnych.,1991-07-24,1991-10-18,2014-12-31T12:25:39,306dc068faa8eb5501142360fea36ca3b330600006a08e26f0112009ded04fab,3,1501,3,0,3,0,ok,,eli2md 0.6.31,2026-10-05T00:33:00Z
DU/1991/423,1991,423,Rozporządzenie,Rozporządzenie Rady Ministrów z dnia 1 października 1991 r. w sprawie zasad i trybu wykupienia należności banków z tytułu odsetek od kredytów mieszkaniowych.,1991-10-01,1991-10-21,2014-12-31T12:25:39,5def4e00f61a7a2cb46de08b1a991479f5da1ed14d0d3b8d56112d41ddce367f,1,603,1,0,1,0,ok,,eli2md 0.6.31,2026-10-05T00:33:00Z
DU/1991/424,1991,424,Rozporządzenie,"Rozporządzenie Ministrów Zdrowia i Opieki Społecznej oraz Spraw Wewnętrznych z dnia 7 października 1991 r. w sprawie zakresu i warunków korzystania ze świadczeń leczniczych zakładów społecznych służby zdrowia przez policjantów, funkcjonariuszy Urzędu Ochrony Państwa i Straży Granicznej, żołnierzy pełniących służbę w jednostkach wojskowych podporządkowanych Ministrowi Spraw Wewnętrznych oraz trybu i zasad korzystania przez wszystkich obywateli ze świadczeń placówek służby zdrowia podległych Ministrowi Spraw Wewnętrznych.",1991-10-07,1991-10-21,2014-12-31T12:25:39,21a50d23ea6a98ead6a11931f4789ee26b0a19baa4f9166f85901633511e9a67,2,973,2,0,2,0,ok,,eli2md 0.6.31,2026-10-05T00:33:00Z
DU/1991/426,1991,426,Rozporządzenie,Rozporządzenie Ministra Pracy i Polityki Socjalnej z dnia 21 października 1991 r. w sprawie uchylenia rozporządzenia zmieniającego rozporządzenie w sprawie zasiłków rodzinnych i pielęgnacyjnych.,1991-10-21,1991-10-25,2014-12-31T12:25:39,3bec7da5c5de14c57f9431f1b6986c45be7b5ca039b66883b7c37fbd3dfc7bc3,2,667,2,0,2,0,ok,,eli2md 0.6.31,2026-10-05T00:33:00Z
DU/1991/427,1991,427,Rozporządzenie,Rozporządzenie Ministra Łączności z dnia 7 października 1991 r. w sprawie ordynacji pocztowej.,1991-10-07,1991-10-28,2014-12-31T12:25:39,a729d5b50c4f42f95c554d26fb164899b963294b00033103a4b14717c1e1662e,15,10276,15,0,15,0,ok,,eli2md 0.6.31,2026-10-05T00:33:00Z
DU/1991/428,1991,428,Rozporządzenie,Rozporządzenie Ministra Łączności z dnia 2 października 1991 r. w sprawie struktury organizacyjnej i szczegółowego zakresu działania Państwowej Inspekcji Telekomunikacyjnej.,1991-10-02,1991-10-28,2014-12-31T12:25:39,aecf3ff48e5a46df2a59430e0382c2f87d7ca9584759f4825050209aa1137c2e,2,628,2,0,2,0,ok,,eli2md 0.6.31,2026-10-05T00:33:00Z
DU/1991/429,1991,429,Rozporządzenie,"Rozporządzenie Ministra Łączności z dnia 27 września 1991 r. w sprawie wysokości i sposobu uiszczania opłat za używanie linii, urządzeń lub sieci telekomunikacyjnej.",1991-09-27,1991-10-30,2014-12-31T12:25:39,4deaee605f3c1e18458452410ecb3c2ddae3f795f8a5d06c50de3a4a1e9ba8db,3,1133,3,0,3,0,ok,,eli2md 0.6.31,2026-10-05T00:33:00Z
DU/1991/430,1991,430,Rozporządzenie,Rozporządzenie Ministra Łączności z dnia 30 września 1991 r. w sprawie warunków i trybu wydawania świadectwa radiooperatora oraz wysokości opłat za te świadectwa.,1991-09-30,1991-10-30,2014-12-31T12:25:39,c9caf94958859bf52aa2c7397f0514b6863c078eeac18061d6e250498689239e,12,7343,12,0,12,0,ok,,eli2md 0.6.31,2026-10-05T00:33:00Z
DU/1991/431,1991,431,Rozporządzenie,"Rozporządzenie Ministra Łączności z dnia 23 października 1991 r. w sprawie określenia systemów telekomunikacyjnych, zakładanych i używanych na terytorium Rzeczypospolitej Polskiej.",1991-10-23,1991-10-30,2014-12-31T12:25:39,02684efb6da2f90ab36d851e5a43e5eff30993c05443fe451ed93f37a892a2fd,1,406,1,0,1,0,ok,,eli2md 0.6.31,2026-10-05T00:33:00Z
DU/1991/432,1991,432,Rozporządzenie,"Rozporządzenie Ministra Edukacji Narodowej z dnia 2 października 1991 r. w sprawie zasad, jakim powinny odpowiadać postanowienia regulaminu studiów uczelni państwowych nie spełniających wymagań określonych w art. 12 ust. 1 i 2 ustawy o szkolnictwie wyższym.",1991-10-01,1991-10-31,2014-12-31T12:25:39,53f5c7f5cbddcc53f13765b56ec2d068a9aeaae7340ad22d60e0cc344b3fa96f,2,383,2,0,2,0,ok,,eli2md 0.6.31,2026-10-05T00:33:00Z
DU/1991/433,1991,433,Rozporządzenie,"Rozporządzenie Ministra Edukacji Narodowej z dnia 10 października 1991 r. w sprawie szczegółowych kwalifikacji wymaganych od nauczycieli oraz określenia szkół i wypadków, w których można zatrudnić nauczycieli nie mających wyższego wykształcenia.",1991-10-10,1991-10-31,2014-12-31T12:25:39,62629cc361bb47e3364c95fd1c183d25eb74d7abd72bafdb7d1801afdd124137,3,1456,3,0,3,0,ok,,eli2md 0.6.31,2026-10-05T00:33:00Z
DU/1991/434,1991,434,Rozporządzenie,Rozporządzenie Ministra Łączności z dnia 30 września 1991 r. w sprawie zasad korzystania ze środków łączności telekomunikacyjnej przez misje zagraniczne i organizacje międzynarodowe.,1991-09-30,1991-10-31,2014-12-31T12:25:39,f7963a6792e7151ec5f9a5a49f2bf0ae88d6e67b9915c627d13ac82aaafad7da,3,1016,3,0,3,0,ok,,eli2md 0.6.31,2026-10-05T00:33:00Z
DU/1991/435,1991,435,Rozporządzenie,"Rozporządzenie Ministra Łączności z dnia 7 października 1991 r. w sprawie określenia terminów, po których upływie doręczenie telegramu uważa się za opóźnione lub telegram uważa się za nie doręczony.",1991-10-07,1991-10-31,2014-12-31T12:25:39,64079d6d497823ef4c93db074c271bb35a3705580820cb632ceb96190da36fb8,1,278,1,0,1,0,ok,,eli2md 0.6.31,2026-10-05T00:33:00Z
DU/1991/436,1991,436,Rozporządzenie,Rozporządzenie Ministra Sprawiedliwości z dnia 7 października 1991 r. zmieniające rozporządzenie w sprawie zasad i trybu postępowania dyscyplinarnego w stosunku do radców prawnych i aplikantów radcowskich.,1991-10-07,1991-10-31,2014-12-31T12:25:39,340f23bb03f0c129d5d691e3a4db20252f26808155dcce5bbaa35dfa46a1a943,2,240,2,0,2,0,ok,,eli2md 0.6.31,2026-10-05T00:33:00Z
DU/1991/437,1991,437,Rozporządzenie,"Rozporządzenie Ministra Spraw Wewnętrznych z dnia 15 października 1991 r. w sprawie zasad i trybu przyznawania świadczeń odszkodowawczych przysługujących w razie utraty życia lub poniesienia uszczerbku na zdrowiu albo szkody w mieniu podczas udzielania lub w związku z udzielaniem pomocy Policji, Urzędowi Ochrony Państwa lub Straży Granicznej.",1991-10-15,1991-10-31,2014-12-31T12:25:39,757129c53642715f80ab4ff160b53200ef15f886ab9986ddf6708e7e7f9a0029,4,1924,4,0,4,0,ok,,eli2md 0.6.31,2026-10-05T00:33:00Z
DU/1991/438,1991,438,Rozporządzenie,"Rozporządzenie Ministra Transportu i Gospodarki Morskiej z dnia 7 października 1991 r. w sprawie utworzenia urzędów morskich, określenia ich siedzib oraz terytorialnego zakresu działania dyrektorów urzędów morskich.",1991-10-07,1991-10-31,2026-07-22T00:00:00,1d267ecb4d879503f586d54aa5860e092422802cba7ac22a53b64d6e4537db3f,1,325,1,0,1,0,ok,,eli2md 0.6.31,2026-10-05T00:33:00Z
DU/1991/439,1991,439,Rozporządzenie,Rozporządzenie Ministrów Zdrowia i Opieki Społecznej oraz Spraw Wewnętrznych z dnia 7 października 1991 r. w sprawie warunków korzystania przez żołnierzy zawodowych pełniących służbę w jednostkach wojskowych podporządkowanych Ministrowi Spraw Wewnętrznych ze świadczeń służby zdrowia resortu spraw wewnętrznych.,1991-10-07,1991-10-31,2014-12-31T12:25:39,7c08dc9e35c1d8563a02a2320f8c2a00be87cea8daf7b1bd57c73c02afaac17b,3,707,3,0,3,0,ok,,eli2md 0.6.31,2026-10-05T00:33:00Z
DU/1991/440,1991,440,Rozporządzenie,Rozporządzenie Rady Ministrów z dnia 23 października 1991 r. w sprawie postępowania dyscyplinarnego wobec nauczycieli akademickich.,1991-10-23,1991-11-05,2014-12-31T12:25:39,3d9b5dda31475271b317c40d7c480146b54c6943200d2156870d8610bdb321aa,8,4805,8,0,8,0,ok,,eli2md 0.6.31,2026-10-05T00:33:00Z
DU/1991/441,1991,441,Rozporządzenie,"Rozporządzenie Rady Ministrów z dnia 29 października 1991 r. w sprawie określenia przedsiębiorstw państwowych o szczególnym znaczeniu dla gospodarki państwa, których prywatyzacja wymaga zgody Rady Ministrów.",1991-10-29,1991-11-05,2014-12-31T12:25:39,1f62004394036b7919f9fd3a53739227628700f0a4598ef3eb8c1eb03f829987,1,219,1,0,1,0,ok,,eli2md 0.6.31,2026-10-05T00:33:00Z
DU/1991/445,1991,445,Rozporządzenie,Rozporządzenie Ministra Spraw Wewnętrznych z dnia 9 października 1991 r. w sprawie umundurowania policjantów.,1991-10-09,1991-11-12,2014-12-31T12:25:39,9fefab9acecef1177d8aa05731bf11bec27a3a09aa0cbba19fcea2a4847ac6bb,16,4169,16,0,16,0,ok,,eli2md 0.6.31,2026-10-05T00:33:03Z
DU/1991/449,1991,449,Rozporządzenie,Rozporządzenie Ministra Rolnictwa i Gospodarki Żywnościowej z dnia 21 października 1991 r. w sprawie ustalania prawa do renty inwalidzkiej rolniczej oraz zgłaszania i ustalania okoliczności i przyczyn wypadku przy pracy rolniczej.,1991-10-21,1991-11-14,2014-12-31T12:25:39,860e80aecdd662ffaad74e329ce3c9fdf56f87382b8a5e773f53fa80f4ac4c26,2,996,2,0,2,0,ok,,eli2md 0.6.31,2026-10-05T00:33:03Z
DU/1991/455,1991,455,Rozporządzenie,Rozporządzenie Rady Ministrów z dnia 8 listopada 1991 r. w sprawie opłaty eksploatacyjnej za wydobywanie kopalin ze złóż.,1991-11-08,1991-11-19,2014-12-31T12:25:39,4b05a024d2393c148c9f586e9f9e409e62d5c57b887975c869c7b892cbc4e363,1,747,1,0,1,0,ok,,eli2md 0.6.31,2026-10-05T00:33:03Z
DU/1991/456,1991,456,Uchwała,Uchwała Trybunału Konstytucyjnego z dnia 6 listopada 1991 r. w sprawie wykładni art. 20 ustawy z dnia 24 stycznia 1991 r. o kombatantach oraz niektórych osobach będących ofiarami represji wojennych i okresu powojennego.,1991-11-06,1991-11-19,2014-12-31T12:25:39,a1d459a9601ad6ad6fee3b183f603d09e878482603f7502679f085c6968da77c,1,471,1,0,1,0,ok,,eli2md 0.6.31,2026-10-05T00:33:03Z
DU/1991/465,1991,465,Rozporządzenie,Rozporządzenie Rady Ministrów z dnia 20 listopada 1991 r. w sprawie wysokości opłaty ryczałtowej za leki podstawowe.,1991-11-20,1991-11-22,2014-12-31T12:25:39,502438477a858190e9399ee747c214403231faf784a8e9471f3ccf7eb5731a11,1,75,1,0,1,0,ok,,eli2md 0.6.31,2026-10-05T00:33:03Z
DU/1991/466,1991,466,Rozporządzenie,Rozporządzenie Ministra Finansów z dnia 31 października 1991 r. w sprawie stawek dotacji przedmiotowych do nawozów wapniowych i wapniowo-magnezowych.,1991-10-31,1991-11-22,2014-12-31T12:25:39,8884fef8e57555bc79299553b0208314d8d36473e3c19477b3b8af76942be64c,2,634,2,0,2,0,ok,,eli2md 0.6.31,2026-10-05T00:33:03Z
DU/1991/467,1991,467,Rozporządzenie,"Rozporządzenie Ministra Zdrowia i Opieki Społecznej z dnia 18 listopada 1991 r. w sprawie ilości leku recepturowego sporządzonego w aptece, za który wnosi się opłatę ryczałtową.",1991-11-18,1991-11-22,2014-12-31T12:25:39,69311572ffd95c293d8e1d94cec509194c13b31157181b6ae447b207ff44cde4,2,229,2,0,2,0,ok,,eli2md 0.6.31,2026-10-05T00:33:03Z
DU/1991/468,1991,468,Umowa międzynarodowa,"Umowa między Rzecząpospolitą Polską a Republiką Federalną Niemiec o zabezpieczeniu społecznym, sporządzona w Warszawie dnia 8 grudnia 1990 r.",1991-09-25,1991-11-26,2014-12-31T12:25:39,d579874c5cc58bacae63e5b8ff2208518fcfa64313b752e4cff2d58781ccf0ca,15,9499,15,0,15,0,ok,,eli2md 0.6.31,2026-10-05T00:33:08Z
DU/1991/469,1991,469,Oświadczenie rządowe,"Oświadczenie rządowe z dnia 2 października 1991 r. w sprawie wymiany dokumentów ratyfikacyjnych Umowy między Rzecząpospolitą Polską a Republiką Federalną Niemiec o zabezpieczeniu społecznym, sporządzonej w Warszawie dnia 8 grudnia 1990 r.",1991-10-02,1991-11-28,2019-03-26T10:36:58,e16f987d81820c32686b83a1fcc594965c2c6ccbe8093a645e060bff7eb8a562,2,144,2,0,2,0,ok,,eli2md 0.6.31,2026-10-05T00:33:08Z
DU/1991/476,1991,476,Rozporządzenie,Rozporządzenie Ministra Edukacji Narodowej z dnia 7 listopada 1991 r. w sprawie likwidacji Archiwum Państwowego w Płocku.,1991-11-07,1991-11-29,2014-12-31T12:25:39,12ceb2cf562d0fa8434f3dc8b6500b2c86b928831c748f15feeb34291ca8bc38,1,111,1,0,1,0,ok,,eli2md 0.6.31,2026-10-05T00:33:08Z
DU/1991/477,1991,477,Rozporządzenie,Rozporządzenie Ministra Finansów z dnia 18 listopada 1991 r. w sprawie zwolnienia od podatku dochodowego dochodów banków utworzonych przez osoby zagraniczne lub z udziałem kapitału zagranicznego oraz oddziałów banków zagranicznych.,1991-11-18,1991-11-29,2014-12-31T12:25:39,a68c406a3167944020620207c1c2fac3200425419431870119be14a1ed9bcf1a,1,286,1,0,1,0,ok,,eli2md 0.6.31,2026-10-05T00:33:08Z
DU/1991/478,1991,478,Rozporządzenie,Rozporządzenie Ministra Sprawiedliwości z dnia 20 listopada 1991 r. zmieniające rozporządzenie w sprawie taksy za czynności komorników.,1991-11-20,1991-11-29,2014-12-31T12:25:39,313f4b3ca3196da90a69b199584737a3d86bd7735ef62bc5f14680c6ba73949b,1,85,1,0,1,0,ok,,eli2md 0.6.31,2026-10-05T00:33:08Z
DU/1991/479,1991,479,Rozporządzenie,Rozporządzenie Ministra - Szefa Urzędu Rady Ministrów z dnia 13 listopada 1991 r. zmieniające rozporządzenie w sprawie stypendiów i innych kosztów kształcenia w Krajowej Szkole Administracji Publicznej.,1991-11-13,1991-11-29,2014-12-31T12:25:39,6479f285c76da7ba8117ed9ea34251b40705c9af0e6789707cc11981bf6d9016,1,228,1,0,1,0,ok,,eli2md 0.6.31,2026-10-05T00:33:08Z
DU/1991/481,1991,481,Rozporządzenie,Rozporządzenie Ministra Finansów z dnia 21 listopada 1991 r. w sprawie obowiązku składania przez jednoosobowe spółki Skarbu Państwa deklaracji o wysokości należnych odsetek od wniesionego przez Skarb Państwa kapitału oraz wzoru i terminów składania tych deklaracji.,1991-11-21,1991-12-02,2017-12-15T14:03:07,e4eae6f6dcc5b2fb75e78ba560e2bb6a5e8717f591e89700f4076b56ba081793,2,970,2,0,2,0,ok,,eli2md 0.6.31,2026-10-05T00:33:08Z
DU/1991/482,1991,482,Rozporządzenie,Rozporządzenie Rady Ministrów z dnia 15 października 1991 r. w sprawie zasad przyznawania prowizji od zysku przedsiębiorstwa państwowego.,1991-10-15,1991-12-06,2021-01-20T11:45:15,2cebf9bdef05eebb3780f75abce46519adede1d62b23d00a397bd4055ebdfecc,2,432,2,0,2,0,ok,,eli2md 0.6.31,2026-10-05T00:33:08Z
DU/1991/483,1991,483,Rozporządzenie,Rozporządzenie Rady Ministrów z dnia 22 listopada 1991 r. zmieniające rozporządzenie w sprawie rozciągnięcia niektórych przepisów ustawy o jednostkach badawczo-rozwojowych na placówki naukowe Polskiej Akademii Nauk.,1991-11-22,1991-12-06,2014-12-31T12:25:39,372c183305089a8c67bda61131432cbb6238e0e90dd6130ff8bc180a9d4e7235,1,177,1,0,1,0,ok,,eli2md 0.6.31,2026-10-05T00:33:08Z
DU/1991/484,1991,484,Rozporządzenie,Rozporządzenie Rady Ministrów z dnia 22 listopada 1991 r. w sprawie ustanowienia zakazu przywozu niektórych towarów.,1991-11-22,1991-12-06,2014-12-31T12:25:39,56697a0be620ae699a0717e732c0b985bdc32b9a1f997a622ac32d4e2525ead5,3,1131,3,0,3,0,ok,,eli2md 0.6.31,2026-10-05T00:33:08Z
DU/1991/485,1991,485,Rozporządzenie,Rozporządzenie Rady Ministrów z dnia 22 listopada 1991 r. zmieniające rozporządzenie w sprawie zasad gospodarki finansowej uczelni.,1991-11-22,1991-12-06,2014-12-31T12:25:39,beff5c841eaca4777789e0607a0028107b839ad1625f1d10439a5ac788da946a,1,122,1,0,1,0,ok,,eli2md 0.6.31,2026-10-05T00:33:08Z
DU/1991/486,1991,486,Rozporządzenie,"Rozporządzenie Rady Ministrów z dnia 22 listopada 1991 r. zmieniające rozporządzenie w sprawie warunków, form, trybu przyznawania i wypłacania oraz wysokości świadczeń pomocy materialnej dla studentów studiów dziennych.",1991-11-22,1991-12-06,2014-12-31T12:25:39,bb17888176b06e7ea29f552e2ea94839383492aad0c76823caf451fa83c5ef5d,2,115,2,0,2,0,ok,,eli2md 0.6.31,2026-10-05T00:33:08Z
DU/1991/487,1991,487,Rozporządzenie,Rozporządzenie Rady Ministrów z dnia 29 listopada 1991 r. zmieniające rozporządzenie w sprawie wprowadzenia dodatkowych zwolnień celnych w obrocie towarowym pomiędzy wolnym obszarem celnym a pozostałym polskim obszarem celnym.,1991-11-29,1991-12-06,2014-12-31T12:25:39,b4ab1b028bb4768d5f460cb292f39b45c0b884e4ee68825dc67149e285328a91,4,1808,4,0,4,0,ok,,eli2md 0.6.31,2026-10-05T00:33:08Z
DU/1991/488,1991,488,Rozporządzenie,Rozporządzenie Ministra Finansów z dnia 7 listopada 1991 r. zmieniające rozporządzenie w sprawie szczególnego nadzoru podatkowego oraz zasad i trybu wykonywania tego nadzoru.,1991-11-07,1991-12-06,2014-12-31T12:25:39,9585d4ad1536b8c698d433b0a5af3dcd0285ec099a0af11e64b5d2c45b35105e,2,931,2,0,2,0,ok,,eli2md 0.6.31,2026-10-05T00:33:08Z
DU/1991/489,1991,489,Rozporządzenie,Rozporządzenie Ministra Rolnictwa i Gospodarki Żywnościowej z dnia 27 listopada 1991 r. w sprawie wielkości powierzchni przeznaczonej pod uprawy maku i konopi w 1992 r.,1991-11-27,1991-12-06,2014-12-31T12:25:39,d559008fa38d5a0aa88cd844d8a5c4fa5a278c8b29ee536050d788f1c9181fb0,3,882,3,0,3,0,ok,,eli2md 0.6.31,2026-10-05T00:33:08Z
DU/1991/490,1991,490,Uchwała,"Uchwała Trybunału Konstytucyjnego z dnia 6 listopada 1991 r. w sprawie wykładni przepisów: art. 33 ust. 6 ustawy z dnia 20 września 1984 r. o Sądzie Najwyższym, art. 16 ustawy z dnia 29 kwietnia 1985 r. o Trybunale Konstytucyjnym, art. 59 par. 6 ustawy z dnia 20 czerwca 1985 r. - Prawo o ustroju sądów powszechnych oraz art. 11 ust. 1 ustawy z dnia 20 grudnia 1989 r. o zmianie ustaw - Prawo o ustroju sądów powszechnych, o Sądzie Najwyższym, o Naczelnym Sądzie Administracyjnym, o Trybunale Konstytucyjnym, o ustroju sądów wojskowych i Prawo o notariacie.",1991-11-06,1991-12-06,2014-12-31T12:25:39,ff9031b8eadced94fcbabf775af33f57c0a915fe2d2bd11932fb6592ed223403,2,1332,2,0,2,0,ok,,eli2md 0.6.31,2026-10-05T00:33:08Z
DU/1991/495,1991,495,Rozporządzenie,Rozporządzenie Ministra Pracy i Polityki Socjalnej z dnia 21 października 1991 r. zmieniające rozporządzenie w sprawie najwyższych dopuszczalnych stężeń i natężeń czynników szkodliwych dla zdrowia w środowisku pracy.,1991-10-21,1991-12-12,2014-12-31T12:25:39,2fcc70df0c8ece958641184c4c5157125d796240bca2227f77d0791972241406,7,1648,7,0,7,0,ok,,eli2md 0.6.31,2026-10-05T00:33:08Z
DU/1991/497,1991,497,Rozporządzenie,"Rozporządzenie Rady Ministrów z dnia 2 grudnia 1991 r. w sprawie utworzenia, zmiany granic i ustalenia siedzib niektórych gmin w województwach: warszawskim, białostockim, bielskim, częstochowskim, katowickim, kieleckim, leszczyńskim, lubelskim, łomżyńskim, nowosądeckim, olsztyńskim, opolskim, ostrołęckim, pilskim, piotrkowskim, poznańskim, skierniewickim, suwalskim, szczecińskim, tarnobrzeskim, toruńskim, włocławskim, zamojskim i zielonogórskim oraz nadania niektórym gminom statusu miasta.",1991-12-02,1991-12-14,2022-11-24T12:21:03,573d272cbe60a2b2b36a63ea2794370f4cd387a7c871905c5165e5cc0cfd2422,3,1355,3,0,3,0,ok,,eli2md 0.6.31,2026-10-05T00:33:08Z
DU/1991/498,1991,498,Rozporządzenie,Rozporządzenie Ministra Sprawiedliwości z dnia 5 grudnia 1991 r. w sprawie określenia urzędu prowadzącego rejestr skazanych.,1991-12-05,1991-12-14,2014-12-31T12:25:39,4cbfece385c3c6a5d8150f715b32d09560d943cb1b9a6583ce69d20b107c2668,1,211,1,0,1,0,ok,,eli2md 0.6.31,2026-10-05T00:33:08Z
DU/1991/499,1991,499,Rozporządzenie,Rozporządzenie Ministra - Szefa Urzędu Rady Ministrów z dnia 13 listopada 1991 r. w sprawie wynagradzania i przyznawania innych świadczeń pracownikom Krajowej Szkoły Administracji Publicznej.,1991-11-13,1991-12-14,2014-12-31T12:25:39,c0a2879907eda7ba9243cb9147fb34e8e588d5c4614419fe8e34d45032c609bf,7,3225,7,0,7,0,ok,,eli2md 0.6.31,2026-10-05T00:33:11Z
DU/1991/500,1991,500,Rozporządzenie,"Rozporządzenie Rady Ministrów z dnia 2 grudnia 1991 r. zmieniające rozporządzenie w sprawie powołania i zakresu działania Generalnej Dyrekcji Dróg Publicznych, organizacji i zakresu działania dyrekcji okręgowych dróg publicznych i jednostek im podległych oraz drogowej służby liniowej.",1991-12-02,1991-12-16,2014-12-31T12:25:39,6008dccf00e9ed478b26dce73d9ccda2fa243c2ae161b9c64234def7505da2d9,2,514,2,0,2,0,ok,,eli2md 0.6.31,2026-10-05T00:33:11Z
DU/1991/501,1991,501,Rozporządzenie,Rozporządzenie Ministra Finansów z dnia 3 grudnia 1991 r. zmieniające rozporządzenie w sprawie terytorialnego zasięgu działania oraz siedzib urzędów skarbowych i izb skarbowych.,1991-12-03,1991-12-16,2014-12-31T12:25:39,0770bb546d42d27607111a36abd96c8beea821da38c80a17d2156d69bd80198b,1,346,1,0,1,0,ok,,eli2md 0.6.31,2026-10-05T00:33:11Z
DU/1991/502,1991,502,Rozporządzenie,Rozporządzenie Ministra Finansów z dnia 5 grudnia 1991 r. w sprawie wykonania niektórych przepisów ustawy o podatkach i opłatach lokalnych.,1991-12-05,1991-12-16,2024-10-04T10:09:00,d1502e7d87220d7a8527005a0c00e2c9e4d2cd9a1af041e423139779d36bb70a,1,190,1,0,1,0,ok,,eli2md 0.6.31,2026-10-05T00:33:11Z
DU/1991/503,1991,503,Rozporządzenie,"Rozporządzenie Ministra Ochrony Środowiska, Zasobów Naturalnych i Leśnictwa z dnia 5 listopada 1991 r. w sprawie klasyfikacji wód oraz warunków, jakim powinny odpowiadać ścieki wprowadzane do wód lub do ziemi.",1991-11-05,1991-12-16,2014-12-31T12:25:39,da9f711f33b5b40c43885883af854a77db9f21c7fbd2148cdaf8bb3e4721ee1b,5,2325,5,0,5,0,ok,,eli2md 0.6.31,2026-10-05T00:33:12Z
DU/1991/504,1991,504,Rozporządzenie,"Rozporządzenie Ministra Ochrony Środowiska, Zasobów Naturalnych i Leśnictwa z dnia 5 listopada 1991 r. w sprawie zasad ustanawiania stref ochronnych źródeł i ujęć wody.",1991-11-05,1991-12-16,2014-12-31T12:25:39,6b6d8e54bf76bc53fcc4a669c6d3c67ccec1f9d868ca2568387f095f95d9fc4a,4,1956,4,0,4,0,ok,,eli2md 0.6.31,2026-10-05T00:33:12Z
DU/1991/505,1991,505,Rozporządzenie,"Rozporządzenie Ministra Współpracy Gospodarczej z Zagranicą z dnia 29 listopada 1991 r. w sprawie wykazu towarów i usług, którymi obrót z zagranicą wymaga koncesji.",1991-11-29,1991-12-16,2014-12-31T12:25:39,03ccb42734863e615932b5a8ac86973af667a1cb269d9c06b3b3879b5ffd0ff7,2,589,2,0,2,0,ok,,eli2md 0.6.31,2026-10-05T00:33:12Z
DU/1991/506,1991,506,Rozporządzenie,Rozporządzenie Ministra Zdrowia i Opieki Społecznej z dnia 14 listopada 1991 r. zmieniające rozporządzenie w sprawie orzekania o czasowej niezdolności do pracy.,1991-11-14,1991-12-16,2014-12-31T12:25:39,1e13d098cde51f18d7c982eada1f410cf718ff94f713b71260aa148a84a0669d,1,307,1,0,1,0,ok,,eli2md 0.6.31,2026-10-05T00:33:12Z
DU/1991/507,1991,507,Uchwała,Uchwała Trybunału Konstytucyjnego z dnia 4 grudnia 1991 r. w sprawie wykładni art. 45 ust. 2 ustawy z dnia 6 kwietnia 1984 r. o gospodarce energetycznej,1991-12-04,1991-12-16,2014-12-31T12:25:39,a1dd2295b80f5088a4edf43ba683141adec01377483c2d9799503f0a63f11528,1,558,1,0,1,0,ok,,eli2md 0.6.31,2026-10-05T00:33:12Z
DU/1991/508,1991,508,Rozporządzenie,Rozporządzenie Ministra Finansów z dnia 2 grudnia 1991 r. w sprawie szczegółowych zasad planowania i finansowania inwestycji dotowanych z budżetu państwa.,1991-12-02,1991-12-17,2014-12-31T12:25:39,a052d070eb197dfc0b54cdac27755d92163698511da0d9017b33ff7d64999795,3,1636,3,0,3,0,ok,,eli2md 0.6.31,2026-10-05T00:33:12Z
DU/1991/509,1991,509,Rozporządzenie,Rozporządzenie Ministra Rolnictwa i Gospodarki Żywnościowej z dnia 10 grudnia 1991 r. w sprawie określenia zasad ustalania wysokości jednorazowego odszkodowania z tytułu wypadku przy pracy rolniczej i chorób zawodowych oraz zasiłku chorobowego.,1991-12-10,1992-12-17,2014-12-31T12:25:39,86c70ce5d001d7299281242c75ef623176b4adb771ce869ecf217c34a5cb1666,2,171,2,0,2,0,ok,,eli2md 0.6.31,2026-10-05T00:33:12Z
DU/1991/510,1991,510,Rozporządzenie,Rozporządzenie Ministra Spraw Wewnętrznych z dnia 5 grudnia 1991 r. w sprawie zasięgu terytorialnego przejść granicznych oraz sposobu i warunków przekraczania granicy państwowej.,1991-12-05,1991-12-17,2014-12-31T12:25:39,6863ccf6ac6ea42d5c1a1228324419b1bfb2760e838fee07b194acca0115f399,2,777,2,0,2,0,ok,,eli2md 0.6.31,2026-10-05T00:33:12Z
DU/1991/515,1991,515,Konwencja,"Konwencja dotycząca statusu uchodźców, sporządzona w Genewie dnia 28 lipca 1951 r.",1991-09-02,1991-12-20,2022-11-24T12:21:03,e9c616479691a429236ed0599ada42b4cf98ac9f194fb65900c34e6ccc9865cf,20,12929,20,0,20,0,ok,,eli2md 0.6.31,2026-10-05T00:33:32Z
DU/1991/516,1991,516,Oświadczenie rządowe,"Oświadczenie rządowe z dnia 26 listopada 1991 r. w sprawie przystąpienia przez Rzeczpospolitą Polską do Konwencji dotyczącej statusu uchodźców, sporządzonej w Genewie dnia 28 lipca 1951 r.",1991-11-26,1991-12-20,2023-03-02T15:16:30,728ddb749bd73f499257fa84ef8037d883e83f42084a53df3542ad6cce97ba0c,16,9023,16,0,16,0,ok,,eli2md 0.6.31,2026-10-05T00:33:34Z
DU/1991/517,1991,517,Protokół,"Protokół dotyczący statusu uchodźców, sporządzony w Nowym Jorku dnia 31 stycznia 1967 r.",1991-09-02,1991-12-20,2022-11-24T12:21:03,23fbfd587854478859f1aee84b5168fc1f46c7c8010c110b7e86dc89aa7ac9bd,4,2445,4,0,4,0,ok,,eli2md 0.6.31,2026-10-05T00:33:34Z
DU/1991/518,1991,518,Oświadczenie rządowe,"Oświadczenie rządowe z dnia 26 listopada 1991 r. w sprawie przystąpienia przez Rzeczpospolitą Polską do Protokołu dotyczącego statusu uchodźców, sporządzonego w Nowym Jorku dnia 31 stycznia 1967 r.",1991-11-26,1991-12-20,2023-03-02T15:15:51,0f12cc78b1ecff0664c6e830d160e9076f4405dcaf12a8b4c57378f87a1d19a6,6,2983,6,0,6,0,ok,,eli2md 0.6.31,2026-10-05T00:33:34Z
DU/1991/519,1991,519,Rozporządzenie,Rozporządzenie Rady Ministrów z dnia 12 grudnia 1991 r. zmieniające rozporządzenie w sprawie wynagrodzenia i świadczeń przysługujących pracownikom polskich placówek dyplomatycznych i urzędów konsularnych.,1991-12-12,1991-12-20,2014-12-31T12:25:39,b7cbb9523b821eab86e53275baba8eb1c57bf673a29433520c26f1c3bc32f724,1,210,1,0,1,0,ok,,eli2md 0.6.31,2026-10-05T00:33:34Z
DU/1991/520,1991,520,Rozporządzenie,Rozporządzenie Rady Ministrów z dnia 13 grudnia 1991 r. w sprawie rozszerzenia zakresu działania Państwowej Inspekcji Skupu i Przetwórstwa Artykułów Rolnych.,1991-12-13,1991-12-20,2014-12-31T12:25:39,2d0a26ec6f997c370fc9812dc85162fe453387ab0d5639a8b2c61f928f759288,2,197,2,0,2,0,ok,,eli2md 0.6.31,2026-10-05T00:33:34Z
DU/1991/521,1991,521,Rozporządzenie,Rozporządzenie Prezesa Rady Ministrów z dnia 11 grudnia 1991 r. zmieniające rozporządzenie w sprawie szczegółowego trybu przeprowadzania czynności w przewodach doktorskim i habilitacyjnym oraz w postępowaniu o nadanie tytułu naukowego.,1991-12-11,1991-12-20,2014-12-31T12:25:39,4c5bcad812e986a1f2b3194bf177c8a3f608b691f1502a19d32b771b96d8bc17,1,223,1,0,1,0,ok,,eli2md 0.6.31,2026-10-05T00:33:34Z
DU/1991/522,1991,522,Rozporządzenie,Rozporządzenie Ministra Finansów z dnia 18 grudnia 1991 r. w sprawie trybu i zasad przekształcenia Państwowego Zakładu Ubezpieczeń w spółkę akcyjną Skarbu Państwa oraz przejęcia przez tę spółkę zobowiązań z tytułu zawartych ubezpieczeń.,1991-12-18,1991-12-20,2014-12-31T12:25:39,4fa3a9ffa56e3a824d2f849850ceb06b3583cd5ebbf3b4cf697202bb4ff6cc07,1,184,1,0,1,0,ok,,eli2md 0.6.31,2026-10-05T00:33:34Z
DU/1991/523,1991,523,Rozporządzenie,Rozporządzenie Ministra Sprawiedliwości z dnia 13 grudnia 1991 r. zmieniające rozporządzenie w sprawie utworzenia sądów pracy i ubezpieczeń społecznych (wydziałów pracy i ubezpieczeń społecznych) w sądach wojewódzkich i sądów pracy (wydziałów pracy) w sądach rejonowych oraz ustalenia ich siedzib i obszarów właściwości.,1991-12-13,1991-12-20,2014-12-31T12:25:39,056637e9d224c4dab034503f449f875963250227a5179bc38abec46b2fa2807b,1,478,1,0,1,0,ok,,eli2md 0.6.31,2026-10-05T00:33:34Z
DU/1991/524,1991,524,Umowa międzynarodowa,"Umowa między Rządem Polskiej Rzeczypospolitej Ludowej a Rządem Republiki Greckiej w sprawie unikania podwójnego opodatkowania w zakresie podatków od dochodu i majątku, sporządzona w Atenach dnia 20 listopada 1987 r.",1988-02-18,1991-12-23,2014-12-31T12:25:39,19e6411890db36724a6f1203cf740b1fd17fc9a2495c81cdc441362d6cd85355,8,6347,8,0,8,0,ok,,eli2md 0.6.31,2026-10-05T00:33:34Z
DU/1991/525,1991,525,Oświadczenie rządowe,"Oświadczenie rządowe z dnia 23 października 1991 r. w sprawie wymiany dokumentów ratyfikacyjnych Umowy między Rządem Polskiej Rzeczypospolitej Ludowej a Rządem Republiki Greckiej w sprawie unikania podwójnego opodatkowania w zakresie podatków od dochodu i majątku, sporządzonej w Atenach dnia 20 listopada 1987 r.",1991-10-23,1991-12-23,2019-03-26T10:36:58,b8983fe4cb0e1a5e260792597a0e2719ba58573630b93144a9714d4b68915ca4,1,122,1,0,1,0,ok,,eli2md 0.6.31,2026-10-05T00:33:34Z
DU/1991/526,1991,526,Konwencja,"Konwencja o prawach dziecka, przyjęta przez Zgromadzenie Ogólne Narodów Zjednoczonych dnia 20 listopada 1989 r.",1991-04-30,1991-12-23,2014-12-31T12:25:39,abbeafb89ae694192582a61dc7e5384c4bd0c923f6b078d5c1aa43186f0bb1e7,20,14638,20,0,20,0,ok,,eli2md 0.6.31,2026-10-05T00:33:51Z
DU/1991/527,1991,527,Oświadczenie rządowe,"Oświadczenie rządowe z dnia 30 września 1991 r. w sprawie ratyfikacji przez Rzeczpospolitą Polską Konwencji o prawach dziecka, przyjętej przez Zgromadzenie Ogólne Narodów Zjednoczonych dnia 20 listopada 1989 r.",1991-09-30,1991-12-23,2019-03-26T10:36:58,d62e3b6450819b89d429a68cad3d7a63717550e6fb2a91e23bc57771029bada3,5,1859,5,0,5,0,ok,,eli2md 0.6.31,2026-10-05T00:33:51Z
DU/1991/529,1991,529,Rozporządzenie,Rozporządzenie Rady Ministrów z dnia 12 grudnia 1991 r. zmieniające rozporządzenie w sprawie ceł na towary przywożone z zagranicy.,1991-12-12,1991-12-24,2014-12-31T12:25:39,b4dd7b84bdf8156a7dc30ec91b47efce3dbfc7832ae2d02094f4bfc17ecb36e9,11,5495,11,0,11,0,ok,,eli2md 0.6.31,2026-10-05T00:33:51Z
DU/1991/530,1991,530,Rozporządzenie,Rozporządzenie Rady Ministrów z dnia 12 grudnia 1991 r. zmieniające rozporządzenie w sprawie zawieszenia do dnia 31 grudnia 1991 r. pobierania ceł od niektórych towarów.,1991-12-12,1991-12-24,2014-12-31T12:25:39,1bf855fb3ba1d10be3244073e1dc926b57982abb3b44f56e3190385398d197a1,6,2302,6,0,6,0,ok,,eli2md 0.6.31,2026-10-05T00:33:51Z
DU/1991/531,1991,531,Rozporządzenie,Rozporządzenie Rady Ministrów z dnia 12 grudnia 1991 r. w sprawie ustanowienia czasowych ograniczeń przywozu i wywozu niektórych towarów.,1991-12-12,1991-12-24,2014-12-31T12:25:39,7c69de81b4d89d27062eee09797d68c3e4f9b7d1b4d530ea5f18553c4d47bd9d,12,5137,12,0,12,0,ok,,eli2md 0.6.31,2026-10-05T00:33:51Z
DU/1991/532,1991,532,Rozporządzenie,Rozporządzenie Rady Ministrów z dnia 12 grudnia 1991 r. w sprawie ustanowienia czasowego ograniczenia przywozu niektórych towarów.,1991-12-12,1991-12-24,2014-12-31T12:25:39,0697faaebb16a2570ea7a6c982ed65d30b41b564d25a16b790cf3c6c15973d2b,2,422,2,0,2,0,ok,,eli2md 0.6.31,2026-10-05T00:33:51Z
DU/1991/533,1991,533,Rozporządzenie,Rozporządzenie Rady Ministrów z dnia 12 grudnia 1991 r. zmieniające rozporządzenie w sprawie czasowego zakazu obrotu towarowego z Irakiem.,1991-12-12,1991-12-24,2020-06-08T15:46:08,8627f39ba13c13df32b8801007bb2afbb45b4cdadc620a558424eb8e343e572f,2,507,2,0,2,0,ok,,eli2md 0.6.31,2026-10-05T00:33:51Z
DU/1991/534,1991,534,Rozporządzenie,Rozporządzenie Ministra Współpracy Gospodarczej z Zagranicą z dnia 12 grudnia 1991 r. w sprawie rodzaju i wysokości zabezpieczenia roszczeń z tytułu odpowiedzialności za czynności agencji celnej.,1991-12-12,1991-12-24,2014-12-31T12:25:39,65938af859d51e1b23374febb53c9bddf15e9e8bab25468564f0de646143b157,1,304,1,0,1,0,ok,,eli2md 0.6.31,2026-10-05T00:33:51Z
DU/1991/535,1991,535,Rozporządzenie,Rozporządzenie Ministra Współpracy Gospodarczej z Zagranicą z dnia 12 grudnia 1991 r. w sprawie sposobu powoływania komisji egzaminacyjnej i przeprowadzania egzaminu kwalifikacyjnego dla osób ubiegających się o prawo do wykonywania czynności agencji celnej oraz wysokości opłat egzaminacyjnych.,1991-12-12,1991-12-24,2014-12-31T12:25:39,d4ffb34c61a90628fcb2d333a13075734e1ed7678f1dad1dae2c1bae8958f25d,1,435,1,0,1,0,ok,,eli2md 0.6.31,2026-10-05T00:33:51Z
DU/1991/537,1991,537,Rozporządzenie,"Rozporządzenie Ministra Edukacji Narodowej z dnia 10 grudnia 1991 r. w sprawie szczegółowych zasad sprawowania nadzoru pedagogicznego, wykazu stanowisk i kwalifikacji niezbędnych do ich zajmowania oraz zasad i trybu dokonywania oceny pracy nauczyciela.",1991-12-10,1991-12-27,2014-12-31T12:25:39,9bfb84d7c999ad823349e307baa13aedff5a1950359f663b20be92a8e98d51e2,4,2121,4,0,4,0,ok,,eli2md 0.6.31,2026-10-05T00:33:51Z
DU/1991/538,1991,538,Rozporządzenie,Rozporządzenie Ministra Pracy i Polityki Socjalnej z dnia 17 grudnia 1991 r. w sprawie organizacji i trybu działania Naczelnej Rady Zatrudnienia.,1991-12-17,1991-12-27,2014-12-31T12:25:39,bf11bcfa8c893c73c3a9d799ec8c13c9011275eb42cf6f0712a33f6c10940ba0,1,258,1,0,1,0,ok,,eli2md 0.6.31,2026-10-05T00:33:51Z
DU/1991/539,1991,539,Rozporządzenie,Rozporządzenie Ministra Pracy i Polityki Socjalnej z dnia 17 grudnia 1991 r. w sprawie zasad udzielania pożyczek z Funduszu Pracy.,1991-12-17,1991-12-27,2014-12-31T12:25:39,19193a7c7b75c52c577907a51ce729a5ffe5b5ee25ff77456047883f59cf1df1,2,1114,2,0,2,0,ok,,eli2md 0.6.31,2026-10-05T00:33:51Z
DU/1991/540,1991,540,Rozporządzenie,Rozporządzenie Ministra Pracy i Polityki Socjalnej z dnia 17 grudnia 1991 r. w sprawie zasad organizowania prac interwencyjnych oraz robót publicznych.,1991-12-17,1991-12-27,2014-12-31T12:25:39,449b532e685d78352fb943a75a52c420a6db301e5350713edc6e4f69b4d989c4,2,810,2,0,2,0,ok,,eli2md 0.6.31,2026-10-05T00:33:51Z
DU/1991/541,1991,541,Rozporządzenie,"Rozporządzenie Ministra Pracy i Polityki Socjalnej z dnia 17 grudnia 1991 r. w sprawie szczegółowych zasad prowadzenia pośrednictwa pracy, orientacji i poradnictwa zawodowego, rejestracji i ewidencji bezrobotnych oraz poszukujących pracy, a także przyznawania świadczeń określonych w przepisach o zatrudnieniu i bezrobociu.",1991-12-17,1991-12-27,2014-12-31T12:25:39,ef301f0dcc762024dd483500a162e010afbb44e40f3828e14520539f3975b43f,12,4364,12,0,12,0,ok,,eli2md 0.6.31,2026-10-05T00:33:51Z
DU/1991/542,1991,542,Rozporządzenie,Rozporządzenie Ministra Pracy i Polityki Socjalnej z dnia 17 grudnia 1991 r. w sprawie trybu dokonywania wpłat na Fundusz Pracy z tytułu zatrudnienia za granicą u pracodawców zagranicznych oraz trybu uiszczania składek na ubezpieczenie społeczne.,1991-12-17,1991-12-27,2014-12-31T12:25:39,502ec5498196705a8333e692fd159bd7466913402e153417810696d626998a96,1,453,1,0,1,0,ok,,eli2md 0.6.31,2026-10-05T00:33:51Z
DU/1991/543,1991,543,Rozporządzenie,Rozporządzenie Ministra Pracy i Polityki Socjalnej z dnia 17 grudnia 1991 r. w sprawie szczegółowych zasad nabywania uprawnień i trybu wypłat zasiłków z ubezpieczenia społecznego obywatelom polskim w związku z zatrudnieniem za granicą u pracodawców zagranicznych.,1991-12-17,1991-12-27,2014-12-31T12:25:39,7aed4031512dbceaebf72f275f4af2bf70c9045f5faf45a5a5c06ea7754de3a7,2,504,2,0,2,0,ok,,eli2md 0.6.31,2026-10-05T00:33:51Z
DU/1991/544,1991,544,Rozporządzenie,Rozporządzenie Rady Ministrów z dnia 17 grudnia 1991 r. zmieniające rozporządzenie w sprawie opłat paszportowych.,1991-12-17,1991-12-28,2014-12-31T12:25:39,0ad29093055ca9f1ea2e688dab5eb2239e359712356f5e8c6a743f0f02eea8ae,1,139,1,0,1,0,ok,,eli2md 0.6.31,2026-10-05T00:33:51Z
DU/1991/545,1991,545,Rozporządzenie,"Rozporządzenie Ministra Finansów z dnia 21 grudnia 1991 r. zmieniające rozporządzenie w sprawie stawek podatku obrotowego od osób fizycznych oraz nie będących jednostkami gospodarki uspołecznionej osób prawnych i innych jednostek organizacyjnych nie posiadających osobowości prawnej, ulg, zwolnień i trybu płatności tego podatku.",1991-12-21,1991-12-28,2014-12-31T12:25:39,fa34bbd4344e10021ffb6256b6d58cc35ad15662ca6f059ff168ed413d5f75ae,5,1779,5,0,5,0,ok,,eli2md 0.6.31,2026-10-05T00:33:51Z
DU/1991/546,1991,546,Rozporządzenie,Rozporządzenie Ministra Finansów z dnia 21 grudnia 1991 r. zmieniające rozporządzenie w sprawie stawek podatku obrotowego od towarów sprowadzanych lub nadsyłanych z zagranicy oraz zwolnień od tego podatku.,1991-12-21,1991-12-28,2014-12-31T12:25:39,36396210f75247e7cf1d33266470883b63af5f1d2d907ee671916f990460d246,4,1605,4,0,4,0,ok,,eli2md 0.6.31,2026-10-05T00:33:51Z
DU/1991/547,1991,547,Rozporządzenie,Rozporządzenie Ministra Finansów z dnia 21 grudnia 1991 r. zmieniające rozporządzenie w sprawie stawek podatku obrotowego od jednostek gospodarki uspołecznionej oraz ulg i zwolnień od tego podatku.,1991-12-21,1991-12-28,2014-12-31T12:25:39,5b98430740c1af720f88edfacbbc2f15675bb78c0cefaea1e65f2263f227beca,4,1673,4,0,4,0,ok,,eli2md 0.6.31,2026-10-05T00:33:51Z
DU/1991/548,1991,548,Rozporządzenie,Rozporządzenie Rady Ministrów z dnia 17 grudnia 1991 r. zmieniające rozporządzenie w sprawie przychodów nie zaliczonych do wynagrodzeń.,1991-12-17,1991-12-30,2014-12-31T12:25:39,89a1978059c381669ccc54bae638102f8826097f7a6060a06472ed6087cc4253,1,193,1,0,1,0,ok,,eli2md 0.6.31,2026-10-05T00:33:51Z
DU/1991/549,1991,549,Rozporządzenie,"Rozporządzenie Rady Ministrów z dnia 17 grudnia 1991 r. w sprawie ustalenia wysokości współczynnika korygującego za I kwartał 1992 r. oraz określenia przeciętnego miesięcznego wynagrodzenia stanowiącego podstawę ustalenia normy przeciętnego wynagrodzenia dla podatników, którzy podjęli działalność w 1992 r.",1991-12-17,1991-12-30,2014-12-31T12:25:39,089365eb78600e9491d807b63f8f522295df5a6657d812328f12f545eb7a1256,1,203,1,0,1,0,ok,,eli2md 0.6.31,2026-10-05T00:33:51Z
DU/1991/550,1991,550,Rozporządzenie,Rozporządzenie Ministra Finansów z dnia 20 grudnia 1991 r. zmieniające rozporządzenie w sprawie wykonania niektórych przepisów ustawy o zobowiązaniach podatkowych.,1991-12-20,1991-12-30,2014-12-31T12:25:39,98a0e8da8dfc4fd66514a9c3dbac8e5b2b85e4686cb6eb2f86b334b398a8594c,2,818,2,0,2,0,ok,,eli2md 0.6.31,2026-10-05T00:33:51Z
DU/1991/551,1991,551,Rozporządzenie,Rozporządzenie Ministra Finansów z dnia 20 grudnia 1991 r. w sprawie karty podatkowej.,1991-12-20,1991-12-30,2014-12-31T12:25:39,77142786fbeffa0d396bbfd3196748636bc2afe590c187bffcb8f5714c676b40,24,12739,24,0,24,0,ok,,eli2md 0.6.31,2026-10-05T00:33:59Z
DU/1991/552,1991,552,Rozporządzenie,Rozporządzenie Ministra Finansów z dnia 20 grudnia 1991 r. w sprawie opodatkowania przychodów osób duchownych.,1991-12-20,1991-12-30,2014-12-31T12:25:39,05c98d0b40de397daff07ba51a7e5c0b7e0f052cf37fdaf6d56e0a0104870596,2,947,2,0,2,0,ok,,eli2md 0.6.31,2026-10-05T00:33:59Z
DU/1991/553,1991,553,Rozporządzenie,Rozporządzenie Ministra Finansów z dnia 21 grudnia 1991 r. w sprawie wykonania niektórych przepisów ustawy o podatku dochodowym od osób fizycznych.,1991-12-21,1991-12-30,2014-12-31T12:25:39,79e7c435cb1131ba1f1afaa126da5395203b29fef94cf71cf51965fa68303790,6,3114,6,0,6,0,ok,,eli2md 0.6.31,2026-10-05T00:33:59Z
DU/1991/554,1991,554,Rozporządzenie,Rozporządzenie Ministra Finansów z dnia 23 grudnia 1991 r. zmieniające rozporządzenie w sprawie zasad prowadzenia rachunkowości.,1991-12-23,1991-12-30,2014-12-31T12:25:39,b53fb3c65fa8b8af7b55b91f5abf49bb9e3349659d12f5974907e0d43b492501,1,471,1,0,1,0,ok,,eli2md 0.6.31,2026-10-05T00:33:59Z
DU/1991/555,1991,555,Rozporządzenie,Rozporządzenie Rady Ministrów z dnia 17 grudnia 1991 r. w sprawie szczegółowych zasad gospodarki finansowej w Lasach Państwowych.,1991-12-17,1991-12-31,2014-12-31T12:25:39,8b8f6b3c1b6d34526abc4a99039cb9aca382f6c15c5832f36b3c29a5f3c068d6,5,2668,5,0,5,0,ok,,eli2md 0.6.31,2026-10-05T00:33:59Z
DU/1991/556,1991,556,Rozporządzenie,Rozporządzenie Rady Ministrów z dnia 21 grudnia 1991 r. w sprawie opłat za szczególne korzystanie z wód i urządzeń wodnych.,1991-12-21,1991-12-31,2014-12-31T12:25:39,fc1155704fda1860d027bf15d696c227d58efe307ccf59ccd1255e3abd57a582,4,2929,4,0,4,0,ok,,eli2md 0.6.31,2026-10-05T00:33:59Z
DU/1991/557,1991,557,Rozporządzenie,"Rozporządzenie Rady Ministrów z dnia 21 grudnia 1991 r. w sprawie kar pieniężnych za naruszenie warunków, jakim powinny odpowiadać ścieki wprowadzane do wód lub ziemi.",1991-12-21,1991-12-31,2014-12-31T12:25:39,8336b946379f17b68eabe8f4d6c253d9a947803cb33c94bc4a19a94f26798abe,3,1403,3,0,3,0,ok,,eli2md 0.6.31,2026-10-05T00:33:59Z
DU/1991/558,1991,558,Rozporządzenie,Rozporządzenie Rady Ministrów z dnia 21 grudnia 1991 r. w sprawie opłat za gospodarcze korzystanie ze środowiska i wprowadzanie w nim zmian.,1991-12-21,1991-12-31,2014-12-31T12:25:39,54a8b5565eee37d7551a59c0556b5839e7534b406b131c7db197c65d9ead1a19,8,3212,8,0,8,0,ok,,eli2md 0.6.31,2026-10-05T00:33:59Z
DU/1991/559,1991,559,Rozporządzenie,Rozporządzenie Ministra Finansów z dnia 20 grudnia 1991 r. w sprawie prowadzenia podatkowej księgi przychodów i rozchodów.,1991-12-20,1991-12-31,2014-12-31T12:25:39,63ef8e17c0c5107aa831ddde4b3f611f71c9eda94f5ded4c8cebb5f8c5875862,9,6532,9,0,9,0,ok,,eli2md 0.6.31,2026-10-05T00:34:01Z
DU/1991/560,1991,560,Rozporządzenie,Rozporządzenie Ministra Współpracy Gospodarczej z Zagranicą z dnia 16 grudnia 1991 r. w sprawie ustanowienia kontyngentów na przywóz alkoholi skażonych i niektórych napojów alkoholowych.,1991-12-16,1991-12-31,2014-12-31T12:25:39,a233e3bb6f2b73e5abd4fb1c9ca71489aba8cd4d7e7318bfd9a264e8109f269a,2,707,2,0,2,0,ok,,eli2md 0.6.31,2026-10-05T00:34:01Z
DU/1991/561,1991,561,Rozporządzenie,Rozporządzenie Ministra Współpracy Gospodarczej z Zagranicą z dnia 16 grudnia 1991 r. w sprawie sposobu rozdysponowania kontyngentów na przywóz alkoholi skażonych i niektórych napojów alkoholowych.,1991-12-16,1991-12-31,2014-12-31T12:25:39,89702f351a725e5b4b56ae9b8235f48b2f227bb60638db5b241507d8557c43d9,4,868,4,0,4,0,ok,,eli2md 0.6.31,2026-10-05T00:34:01Z
